[2026-03-12 13:02:12] [synth] type=all pending=500 already_done=0 workers=25
[2026-03-12 13:02:12]   generating meaningful_000 (type=meaningful, ~19 lines) …
[2026-03-12 13:02:12]   generating meaningful_001 (type=meaningful, ~35 lines) …
[2026-03-12 13:02:12]   generating meaningful_002 (type=meaningful, ~20 lines) …
[2026-03-12 13:02:12]   generating meaningful_006 (type=meaningful, ~35 lines) …
[2026-03-12 13:02:12]   generating meaningful_004 (type=meaningful, ~95 lines) …
[2026-03-12 13:02:12]   generating meaningful_003 (type=meaningful, ~74 lines) …
[2026-03-12 13:02:12]   generating meaningful_005 (type=meaningful, ~28 lines) …
[2026-03-12 13:02:12]   generating meaningful_007 (type=meaningful, ~15 lines) …
[2026-03-12 13:02:12]   generating meaningful_008 (type=meaningful, ~35 lines) …
[2026-03-12 13:02:12]   generating meaningful_009 (type=meaningful, ~30 lines) …
[2026-03-12 13:02:12]   generating meaningful_010 (type=meaningful, ~23 lines) …
[2026-03-12 13:02:12]   generating meaningful_011 (type=meaningful, ~32 lines) …
[2026-03-12 13:02:12]   generating meaningful_012 (type=meaningful, ~10 lines) …
[2026-03-12 13:02:12]   generating meaningful_013 (type=meaningful, ~101 lines) …
[2026-03-12 13:02:12]   generating meaningful_014 (type=meaningful, ~8 lines) …
[2026-03-12 13:02:12]   generating meaningful_015 (type=meaningful, ~22 lines) …
[2026-03-12 13:02:12]   generating meaningful_017 (type=meaningful, ~10 lines) …
[2026-03-12 13:02:12]   generating meaningful_016 (type=meaningful, ~23 lines) …
[2026-03-12 13:02:12]   generating meaningful_018 (type=meaningful, ~19 lines) …
[2026-03-12 13:02:12]   generating meaningful_019 (type=meaningful, ~25 lines) …
[2026-03-12 13:02:12]   generating meaningful_021 (type=meaningful, ~42 lines) …
[2026-03-12 13:02:12]   generating meaningful_020 (type=meaningful, ~21 lines) …
[2026-03-12 13:02:12]   generating meaningful_023 (type=meaningful, ~10 lines) …
[2026-03-12 13:02:12]   generating meaningful_022 (type=meaningful, ~32 lines) …
[2026-03-12 13:02:12]   generating meaningful_024 (type=meaningful, ~18 lines) …
[2026-03-12 13:02:19]     [meaningful_017] OK (lines=15, errors=0)
[2026-03-12 13:02:19]   generating meaningful_025 (type=meaningful, ~23 lines) …
[2026-03-12 13:02:22]     [meaningful_015] OK (lines=21, errors=0)
[2026-03-12 13:02:22]   generating meaningful_026 (type=meaningful, ~8 lines) …
[2026-03-12 13:02:27]     [meaningful_012] attempt 1: PNG render failed — retrying
[2026-03-12 13:02:27]     [meaningful_020] attempt 1: PNG render failed — retrying
[2026-03-12 13:02:27]     [meaningful_002] attempt 1: PNG render failed — retrying
[2026-03-12 13:02:27]     [meaningful_000] attempt 1: PNG render failed — retrying
[2026-03-12 13:02:27]     [meaningful_011] attempt 1: PNG render failed — retrying
[2026-03-12 13:02:27]     [meaningful_024] attempt 1: PNG render failed — retrying
[2026-03-12 13:02:27]     [meaningful_019] attempt 1: PNG render failed — retrying
[2026-03-12 13:02:27]     [meaningful_018] attempt 1: PNG render failed — retrying
[2026-03-12 13:02:27]     [meaningful_016] attempt 1: PNG render failed — retrying
[2026-03-12 13:02:27]     [meaningful_001] attempt 1: PNG render failed — retrying
[2026-03-12 13:02:27]     [meaningful_005] attempt 1: PNG render failed — retrying
[2026-03-12 13:02:28]     [meaningful_022] attempt 1: PNG render failed — retrying
[2026-03-12 13:02:28]     [meaningful_006] attempt 1: PNG render failed — retrying
[2026-03-12 13:02:28]     [meaningful_007] attempt 1: PNG render failed — retrying
[2026-03-12 13:02:28]     [meaningful_009] attempt 1: PNG render failed — retrying
[2026-03-12 13:02:28]     [meaningful_010] attempt 1: PNG render failed — retrying
[2026-03-12 13:02:28]     [meaningful_021] attempt 1: PNG render failed — retrying
[2026-03-12 13:02:28]     [meaningful_008] attempt 1: PNG render failed — retrying
[2026-03-12 13:02:28]     [meaningful_023] attempt 1: PNG render failed — retrying
[2026-03-12 13:02:29]     [meaningful_013] attempt 1: PNG render failed — retrying
[2026-03-12 13:02:30]     [meaningful_004] attempt 1: PNG render failed — retrying
[2026-03-12 13:02:31]     [meaningful_003] attempt 1: PNG render failed — retrying
[2026-03-12 13:02:37]     [meaningful_012] OK (lines=15, errors=0)
[2026-03-12 13:02:37]   generating meaningful_027 (type=meaningful, ~15 lines) …
[2026-03-12 13:02:37]     [meaningful_025] attempt 1: PNG render failed — retrying
[2026-03-12 13:02:38]     [meaningful_026] attempt 1: PNG render failed — retrying
[2026-03-12 13:02:39]     [meaningful_008] OK (lines=53, errors=0)
[2026-03-12 13:02:39]   generating meaningful_028 (type=meaningful, ~18 lines) …
[2026-03-12 13:02:44]     [meaningful_027] OK (lines=32, errors=0)
[2026-03-12 13:02:44]   generating meaningful_029 (type=meaningful, ~23 lines) …
[2026-03-12 13:02:46]     [meaningful_000] attempt 2: PNG render failed — retrying
[2026-03-12 13:02:47]     [meaningful_018] attempt 2: PNG render failed — retrying
[2026-03-12 13:02:47]     [meaningful_020] attempt 2: PNG render failed — retrying
[2026-03-12 13:02:47]     [meaningful_024] attempt 2: PNG render failed — retrying
[2026-03-12 13:02:47]     [meaningful_007] attempt 2: PNG render failed — retrying
[2026-03-12 13:02:47]     [meaningful_019] attempt 2: PNG render failed — retrying
[2026-03-12 13:02:47]     [meaningful_005] attempt 2: PNG render failed — retrying
[2026-03-12 13:02:47]     [meaningful_016] attempt 2: PNG render failed — retrying
[2026-03-12 13:02:47]     [meaningful_009] attempt 2: PNG render failed — retrying
[2026-03-12 13:02:47]     [meaningful_022] attempt 2: PNG render failed — retrying
[2026-03-12 13:02:47]     [meaningful_006] attempt 2: PNG render failed — retrying
[2026-03-12 13:02:47]     [meaningful_001] attempt 2: PNG render failed — retrying
[2026-03-12 13:02:48]     [meaningful_011] attempt 2: PNG render failed — retrying
[2026-03-12 13:02:48]     [meaningful_010] attempt 2: PNG render failed — retrying
[2026-03-12 13:02:48]     [meaningful_023] attempt 2: PNG render failed — retrying
[2026-03-12 13:02:48]     [meaningful_021] attempt 2: PNG render failed — retrying
[2026-03-12 13:02:49]     [meaningful_002] attempt 2: PNG render failed — retrying
[2026-03-12 13:02:51]     [meaningful_028] OK (lines=36, errors=0)
[2026-03-12 13:02:51]   generating meaningful_030 (type=meaningful, ~25 lines) …
[2026-03-12 13:02:52]     [meaningful_013] attempt 2: PNG render failed — retrying
[2026-03-12 13:02:52]     [meaningful_003] attempt 2: PNG render failed — retrying
[2026-03-12 13:02:52]     [meaningful_004] attempt 2: PNG render failed — retrying
[2026-03-12 13:02:58]     [meaningful_026] attempt 2: PNG render failed — retrying
[2026-03-12 13:02:58]     [meaningful_016] OK (lines=24, errors=0)
[2026-03-12 13:02:58]   generating meaningful_031 (type=meaningful, ~44 lines) …
[2026-03-12 13:02:58]     [meaningful_025] attempt 2: PNG render failed — retrying
[2026-03-12 13:02:59]     [meaningful_000] OK (lines=22, errors=0)
[2026-03-12 13:02:59]   generating meaningful_032 (type=meaningful, ~6 lines) …
[2026-03-12 13:03:01]     [meaningful_029] attempt 1: PNG render failed — retrying
[2026-03-12 13:03:02]     [meaningful_023] OK (lines=16, errors=0)
[2026-03-12 13:03:02]   generating meaningful_033 (type=meaningful, ~39 lines) …
[2026-03-12 13:03:06]     [meaningful_007] attempt 3: PNG render failed — retrying
[2026-03-12 13:03:06]     [meaningful_018] attempt 3: PNG render failed — retrying
[2026-03-12 13:03:06]     [meaningful_020] attempt 3: PNG render failed — retrying
[2026-03-12 13:03:06]     [meaningful_024] attempt 3: PNG render failed — retrying
[2026-03-12 13:03:07]     [meaningful_009] attempt 3: PNG render failed — retrying
[2026-03-12 13:03:07]     [meaningful_030] attempt 1: PNG render failed — retrying
[2026-03-12 13:03:07]     [meaningful_019] attempt 3: PNG render failed — retrying
[2026-03-12 13:03:07]     [meaningful_005] attempt 3: PNG render failed — retrying
[2026-03-12 13:03:07]     [meaningful_022] attempt 3: PNG render failed — retrying
[2026-03-12 13:03:07]     [meaningful_001] attempt 3: PNG render failed — retrying
[2026-03-12 13:03:08]     [meaningful_010] attempt 3: PNG render failed — retrying
[2026-03-12 13:03:09]     [meaningful_021] attempt 3: PNG render failed — retrying
[2026-03-12 13:03:09]     [meaningful_002] attempt 3: PNG render failed — retrying
[2026-03-12 13:03:10]     [meaningful_011] attempt 3: PNG render failed — retrying
[2026-03-12 13:03:10]     [meaningful_025] OK (lines=39, errors=0)
[2026-03-12 13:03:10]   generating meaningful_034 (type=meaningful, ~12 lines) …
[2026-03-12 13:03:10]     [meaningful_006] OK (lines=40, errors=0)
[2026-03-12 13:03:10]   generating meaningful_035 (type=meaningful, ~23 lines) …
[2026-03-12 13:03:12]     [meaningful_014] attempt 1: PNG render failed — retrying
[2026-03-12 13:03:12]     [meaningful_029] OK (lines=30, errors=0)
[2026-03-12 13:03:12]   generating meaningful_036 (type=meaningful, ~97 lines) …
[2026-03-12 13:03:13]     [meaningful_032] attempt 1: PNG render failed — retrying
[2026-03-12 13:03:14]     [meaningful_003] attempt 3: PNG render failed — retrying
[2026-03-12 13:03:14]     [meaningful_004] attempt 3: PNG render failed — retrying
[2026-03-12 13:03:14]     [meaningful_013] attempt 3: PNG render failed — retrying
[2026-03-12 13:03:15]     [meaningful_034] OK (lines=14, errors=0)
[2026-03-12 13:03:15]   generating meaningful_037 (type=meaningful, ~14 lines) …
[2026-03-12 13:03:17]     [meaningful_031] attempt 1: PNG render failed — retrying
[2026-03-12 13:03:17]     [meaningful_026] attempt 3: PNG render failed — retrying
[2026-03-12 13:03:18]     [meaningful_033] attempt 1: PNG render failed — retrying
[2026-03-12 13:03:25]     [meaningful_018] attempt 4: PNG render failed — retrying
[2026-03-12 13:03:25]     [meaningful_020] attempt 4: PNG render failed — retrying
[2026-03-12 13:03:25]     [meaningful_024] attempt 4: PNG render failed — retrying
[2026-03-12 13:03:26]     [meaningful_007] attempt 4: PNG render failed — retrying
[2026-03-12 13:03:26]     [meaningful_035] attempt 1: PNG render failed — retrying
[2026-03-12 13:03:27]     [meaningful_030] attempt 2: PNG render failed — retrying
[2026-03-12 13:03:27]     [meaningful_005] attempt 4: PNG render failed — retrying
[2026-03-12 13:03:27]     [meaningful_001] attempt 4: PNG render failed — retrying
[2026-03-12 13:03:27]     [meaningful_022] attempt 4: PNG render failed — retrying
[2026-03-12 13:03:28]     [meaningful_019] attempt 4: PNG render failed — retrying
[2026-03-12 13:03:28]     [meaningful_009] attempt 4: PNG render failed — retrying
[2026-03-12 13:03:28]     [meaningful_010] attempt 4: PNG render failed — retrying
[2026-03-12 13:03:29]     [meaningful_021] attempt 4: PNG render failed — retrying
[2026-03-12 13:03:30]     [meaningful_002] attempt 4: PNG render failed — retrying
[2026-03-12 13:03:31]     [meaningful_014] attempt 2: PNG render failed — retrying
[2026-03-12 13:03:32]     [meaningful_036] attempt 1: PNG render failed — retrying
[2026-03-12 13:03:32]     [meaningful_037] attempt 1: PNG render failed — retrying
[2026-03-12 13:03:32]     [meaningful_011] attempt 4: PNG render failed — retrying
[2026-03-12 13:03:35]     [meaningful_003] attempt 4: PNG render failed — retrying
[2026-03-12 13:03:35]     [meaningful_026] attempt 4: PNG render failed — retrying
[2026-03-12 13:03:37]     [meaningful_013] attempt 4: PNG render failed — retrying
[2026-03-12 13:03:37]     [meaningful_031] attempt 2: PNG render failed — retrying
[2026-03-12 13:03:38]     [meaningful_005] OK (lines=39, errors=0)
[2026-03-12 13:03:38]   generating meaningful_038 (type=meaningful, ~20 lines) …
[2026-03-12 13:03:38]     [meaningful_004] attempt 4: PNG render failed — retrying
[2026-03-12 13:03:38]     [meaningful_033] attempt 2: PNG render failed — retrying
[2026-03-12 13:03:40]     [meaningful_024] OK (lines=35, errors=0)
[2026-03-12 13:03:40]   generating meaningful_039 (type=meaningful, ~23 lines) …
[2026-03-12 13:03:44]     [meaningful_018] attempt 5: PNG render failed — retrying
[2026-03-12 13:03:45]     [meaningful_007] attempt 5: PNG render failed — retrying
[2026-03-12 13:03:46]     [meaningful_035] attempt 2: PNG render failed — retrying
[2026-03-12 13:03:46]     [meaningful_020] attempt 5: PNG render failed — retrying
[2026-03-12 13:03:47]     [meaningful_001] OK (lines=39, errors=0)
[2026-03-12 13:03:47]   generating meaningful_040 (type=meaningful, ~33 lines) …
[2026-03-12 13:03:47]     [meaningful_030] attempt 3: PNG render failed — retrying
[2026-03-12 13:03:47]     [meaningful_019] attempt 5: PNG render failed — retrying
[2026-03-12 13:03:48]     [meaningful_022] attempt 5: PNG render failed — retrying
[2026-03-12 13:03:48]     [meaningful_009] attempt 5: PNG render failed — retrying
[2026-03-12 13:03:48]     [meaningful_010] attempt 5: PNG render failed — retrying
[2026-03-12 13:03:48]     [meaningful_018] FAILED after 5 attempts — skipping
[2026-03-12 13:03:48]   generating meaningful_041 (type=meaningful, ~54 lines) …
[2026-03-12 13:03:49]     [meaningful_002] attempt 5: PNG render failed — retrying
[2026-03-12 13:03:49]     [meaningful_007] FAILED after 5 attempts — skipping
[2026-03-12 13:03:49]   generating meaningful_042 (type=meaningful, ~168 lines) …
[2026-03-12 13:03:49]     [meaningful_021] attempt 5: PNG render failed — retrying
[2026-03-12 13:03:49]     [meaningful_014] attempt 3: PNG render failed — retrying
[2026-03-12 13:03:50]     [meaningful_020] FAILED after 5 attempts — skipping
[2026-03-12 13:03:50]   generating meaningful_043 (type=meaningful, ~31 lines) …
[2026-03-12 13:03:51]     [meaningful_004] OK (lines=65, errors=0)
[2026-03-12 13:03:51]   generating meaningful_044 (type=meaningful, ~26 lines) …
[2026-03-12 13:03:51]     [meaningful_019] FAILED after 5 attempts — skipping
[2026-03-12 13:03:51]   generating meaningful_045 (type=meaningful, ~14 lines) …
[2026-03-12 13:03:52]     [meaningful_022] FAILED after 5 attempts — skipping
[2026-03-12 13:03:52]   generating meaningful_046 (type=meaningful, ~12 lines) …
[2026-03-12 13:03:52]     [meaningful_037] attempt 2: PNG render failed — retrying
[2026-03-12 13:03:52]     [meaningful_009] FAILED after 5 attempts — skipping
[2026-03-12 13:03:52]   generating meaningful_047 (type=meaningful, ~9 lines) …
[2026-03-12 13:03:52]     [meaningful_010] FAILED after 5 attempts — skipping
[2026-03-12 13:03:52]   generating meaningful_048 (type=meaningful, ~38 lines) …
[2026-03-12 13:03:53]     [meaningful_002] FAILED after 5 attempts — skipping
[2026-03-12 13:03:53]   generating meaningful_049 (type=meaningful, ~26 lines) …
[2026-03-12 13:03:53]     [meaningful_021] FAILED after 5 attempts — skipping
[2026-03-12 13:03:53]   generating meaningful_050 (type=meaningful, ~34 lines) …
[2026-03-12 13:03:54]     [meaningful_036] attempt 2: PNG render failed — retrying
[2026-03-12 13:03:54]     [meaningful_026] attempt 5: PNG render failed — retrying
[2026-03-12 13:03:54]     [meaningful_038] attempt 1: PNG render failed — retrying
[2026-03-12 13:03:54]     [meaningful_040] OK (lines=33, errors=0)
[2026-03-12 13:03:54]   generating meaningful_051 (type=meaningful, ~7 lines) …
[2026-03-12 13:03:57]     [meaningful_011] attempt 5: PNG render failed — retrying
[2026-03-12 13:03:57]     [meaningful_031] attempt 3: PNG render failed — retrying
[2026-03-12 13:03:58]     [meaningful_033] attempt 3: PNG render failed — retrying
[2026-03-12 13:03:58]     [meaningful_026] FAILED after 5 attempts — skipping
[2026-03-12 13:03:58]   generating meaningful_052 (type=meaningful, ~42 lines) …
[2026-03-12 13:03:58]     [meaningful_039] attempt 1: PNG render failed — retrying
[2026-03-12 13:03:58]     [meaningful_003] attempt 5: PNG render failed — retrying
[2026-03-12 13:04:00]     [meaningful_014] OK (lines=12, errors=0)
[2026-03-12 13:04:00]   generating meaningful_053 (type=meaningful, ~7 lines) …
[2026-03-12 13:04:01]     [meaningful_011] FAILED after 5 attempts — skipping
[2026-03-12 13:04:01]   generating meaningful_054 (type=meaningful, ~36 lines) …
[2026-03-12 13:04:02]     [meaningful_013] attempt 5: PNG render failed — retrying
[2026-03-12 13:04:02]     [meaningful_003] FAILED after 5 attempts — skipping
[2026-03-12 13:04:02]   generating meaningful_055 (type=meaningful, ~13 lines) …
[2026-03-12 13:04:05]     [meaningful_041] attempt 1: PNG render failed — retrying
[2026-03-12 13:04:06]     [meaningful_035] attempt 3: PNG render failed — retrying
[2026-03-12 13:04:06]     [meaningful_013] FAILED after 5 attempts — skipping
[2026-03-12 13:04:06]   generating meaningful_056 (type=meaningful, ~21 lines) …
[2026-03-12 13:04:07]     [meaningful_043] attempt 1: PNG render failed — retrying
[2026-03-12 13:04:07]     [meaningful_047] attempt 1: PNG render failed — retrying
[2026-03-12 13:04:07]     [meaningful_046] attempt 1: PNG render failed — retrying
[2026-03-12 13:04:07]     [meaningful_045] attempt 1: PNG render failed — retrying
[2026-03-12 13:04:08]     [meaningful_030] attempt 4: PNG render failed — retrying
[2026-03-12 13:04:08]     [meaningful_042] OK (lines=141, errors=0)
[2026-03-12 13:04:08]   generating meaningful_057 (type=meaningful, ~26 lines) …
[2026-03-12 13:04:08]     [meaningful_044] attempt 1: PNG render failed — retrying
[2026-03-12 13:04:09]     [meaningful_051] attempt 1: PNG render failed — retrying
[2026-03-12 13:04:10]     [meaningful_048] attempt 1: PNG render failed — retrying
[2026-03-12 13:04:10]     [meaningful_049] attempt 1: PNG render failed — retrying
[2026-03-12 13:04:10]     [meaningful_050] attempt 1: PNG render failed — retrying
[2026-03-12 13:04:12]     [meaningful_055] OK (lines=15, errors=0)
[2026-03-12 13:04:12]   generating meaningful_058 (type=meaningful, ~26 lines) …
[2026-03-12 13:04:13]     [meaningful_037] attempt 3: PNG render failed — retrying
[2026-03-12 13:04:14]     [meaningful_056] OK (lines=31, errors=0)
[2026-03-12 13:04:14]   generating meaningful_059 (type=meaningful, ~24 lines) …
[2026-03-12 13:04:14]     [meaningful_053] attempt 1: PNG render failed — retrying
[2026-03-12 13:04:15]     [meaningful_052] attempt 1: PNG render failed — retrying
[2026-03-12 13:04:15]     [meaningful_038] attempt 2: PNG render failed — retrying
[2026-03-12 13:04:17]     [meaningful_032] OK (lines=9, errors=0)
[2026-03-12 13:04:17]   generating meaningful_060 (type=meaningful, ~10 lines) …
[2026-03-12 13:04:17]     [meaningful_033] attempt 4: PNG render failed — retrying
[2026-03-12 13:04:18]     [meaningful_054] attempt 1: PNG render failed — retrying
[2026-03-12 13:04:18]     [meaningful_036] attempt 3: PNG render failed — retrying
[2026-03-12 13:04:18]     [meaningful_045] OK (lines=20, errors=0)
[2026-03-12 13:04:18]   generating meaningful_061 (type=meaningful, ~16 lines) …
[2026-03-12 13:04:18]     [meaningful_031] attempt 4: PNG render failed — retrying
[2026-03-12 13:04:20]     [meaningful_039] attempt 2: PNG render failed — retrying
[2026-03-12 13:04:24]     [meaningful_057] attempt 1: PNG render failed — retrying
[2026-03-12 13:04:25]     [meaningful_047] attempt 2: PNG render failed — retrying
[2026-03-12 13:04:26]     [meaningful_035] attempt 4: PNG render failed — retrying
[2026-03-12 13:04:26]     [meaningful_041] attempt 2: PNG render failed — retrying
[2026-03-12 13:04:26]     [meaningful_046] attempt 2: PNG render failed — retrying
[2026-03-12 13:04:28]     [meaningful_058] attempt 1: PNG render failed — retrying
[2026-03-12 13:04:28]     [meaningful_051] attempt 2: PNG render failed — retrying
[2026-03-12 13:04:28]     [meaningful_043] attempt 2: PNG render failed — retrying
[2026-03-12 13:04:29]     [meaningful_030] attempt 5: PNG render failed — retrying
[2026-03-12 13:04:29]     [meaningful_044] attempt 2: PNG render failed — retrying
[2026-03-12 13:04:30]     [meaningful_050] attempt 2: PNG render failed — retrying
[2026-03-12 13:04:30]     [meaningful_059] attempt 1: PNG render failed — retrying
[2026-03-12 13:04:30]     [meaningful_048] attempt 2: PNG render failed — retrying
[2026-03-12 13:04:32]     [meaningful_049] attempt 2: PNG render failed — retrying
[2026-03-12 13:04:32]     [meaningful_060] attempt 1: PNG render failed — retrying
[2026-03-12 13:04:33]     [meaningful_030] FAILED after 5 attempts — skipping
[2026-03-12 13:04:33]   generating meaningful_062 (type=meaningful, ~27 lines) …
[2026-03-12 13:04:33]     [meaningful_061] attempt 1: PNG render failed — retrying
[2026-03-12 13:04:34]     [meaningful_053] attempt 2: PNG render failed — retrying
[2026-03-12 13:04:34]     [meaningful_037] attempt 4: PNG render failed — retrying
[2026-03-12 13:04:37]     [meaningful_054] attempt 2: PNG render failed — retrying
[2026-03-12 13:04:37]     [meaningful_038] attempt 3: PNG render failed — retrying
[2026-03-12 13:04:38]     [meaningful_031] attempt 5: PNG render failed — retrying
[2026-03-12 13:04:38]     [meaningful_033] attempt 5: PNG render failed — retrying
[2026-03-12 13:04:40]     [meaningful_036] attempt 4: PNG render failed — retrying
[2026-03-12 13:04:40]     [meaningful_039] attempt 3: PNG render failed — retrying
[2026-03-12 13:04:42]     [meaningful_031] FAILED after 5 attempts — skipping
[2026-03-12 13:04:42]   generating meaningful_063 (type=meaningful, ~28 lines) …
[2026-03-12 13:04:42]     [meaningful_033] FAILED after 5 attempts — skipping
[2026-03-12 13:04:42]   generating meaningful_064 (type=meaningful, ~33 lines) …
[2026-03-12 13:04:44]     [meaningful_047] attempt 3: PNG render failed — retrying
[2026-03-12 13:04:45]     [meaningful_046] attempt 3: PNG render failed — retrying
[2026-03-12 13:04:45]     [meaningful_035] attempt 5: PNG render failed — retrying
[2026-03-12 13:04:45]     [meaningful_057] attempt 2: PNG render failed — retrying
[2026-03-12 13:04:48]     [meaningful_051] attempt 3: PNG render failed — retrying
[2026-03-12 13:04:49]     [meaningful_058] attempt 2: PNG render failed — retrying
[2026-03-12 13:04:49]     [meaningful_043] attempt 3: PNG render failed — retrying
[2026-03-12 13:04:49]     [meaningful_062] attempt 1: PNG render failed — retrying
[2026-03-12 13:04:49]     [meaningful_044] attempt 3: PNG render failed — retrying
[2026-03-12 13:04:49]     [meaningful_035] FAILED after 5 attempts — skipping
[2026-03-12 13:04:49]   generating meaningful_065 (type=meaningful, ~16 lines) …
[2026-03-12 13:04:50]     [meaningful_041] attempt 3: PNG render failed — retrying
[2026-03-12 13:04:51]     [meaningful_048] attempt 3: PNG render failed — retrying
[2026-03-12 13:04:51]     [meaningful_050] attempt 3: PNG render failed — retrying
[2026-03-12 13:04:51]     [meaningful_059] attempt 2: PNG render failed — retrying
[2026-03-12 13:04:52]     [meaningful_060] attempt 2: PNG render failed — retrying
[2026-03-12 13:04:52]     [meaningful_053] attempt 3: PNG render failed — retrying
[2026-03-12 13:04:52]     [meaningful_061] attempt 2: PNG render failed — retrying
[2026-03-12 13:04:53]     [meaningful_037] attempt 5: PNG render failed — retrying
[2026-03-12 13:04:54]     [meaningful_049] attempt 3: PNG render failed — retrying
[2026-03-12 13:04:54]     [meaningful_046] OK (lines=14, errors=0)
[2026-03-12 13:04:54]   generating meaningful_066 (type=meaningful, ~14 lines) …
[2026-03-12 13:04:55]     [meaningful_065] OK (lines=23, errors=0)
[2026-03-12 13:04:55]   generating meaningful_067 (type=meaningful, ~14 lines) …
[2026-03-12 13:04:57]     [meaningful_038] attempt 4: PNG render failed — retrying
[2026-03-12 13:04:57]     [meaningful_051] OK (lines=15, errors=0)
[2026-03-12 13:04:57]   generating meaningful_068 (type=meaningful, ~55 lines) …
[2026-03-12 13:04:57]     [meaningful_037] FAILED after 5 attempts — skipping
[2026-03-12 13:04:57]   generating meaningful_069 (type=meaningful, ~21 lines) …
[2026-03-12 13:04:58]     [meaningful_063] attempt 1: PNG render failed — retrying
[2026-03-12 13:04:58]     [meaningful_064] attempt 1: PNG render failed — retrying
[2026-03-12 13:05:01]     [meaningful_043] OK (lines=43, errors=0)
[2026-03-12 13:05:01]   generating meaningful_070 (type=meaningful, ~10 lines) …
[2026-03-12 13:05:02]     [meaningful_053] OK (lines=10, errors=0)
[2026-03-12 13:05:02]   generating meaningful_071 (type=meaningful, ~25 lines) …
[2026-03-12 13:05:02]     [meaningful_039] attempt 4: PNG render failed — retrying
[2026-03-12 13:05:02]     [meaningful_036] attempt 5: PNG render failed — retrying
[2026-03-12 13:05:02]     [meaningful_047] attempt 4: PNG render failed — retrying
[2026-03-12 13:05:02]     [meaningful_054] attempt 3: PNG render failed — retrying
[2026-03-12 13:05:04]     [meaningful_061] OK (lines=43, errors=0)
[2026-03-12 13:05:04]   generating meaningful_072 (type=meaningful, ~33 lines) …
[2026-03-12 13:05:06]     [meaningful_057] attempt 3: PNG render failed — retrying
[2026-03-12 13:05:06]     [meaningful_036] FAILED after 5 attempts — skipping
[2026-03-12 13:05:06]   generating meaningful_073 (type=meaningful, ~36 lines) …
[2026-03-12 13:05:09]     [meaningful_062] attempt 2: PNG render failed — retrying
[2026-03-12 13:05:10]     [meaningful_067] attempt 1: PNG render failed — retrying
[2026-03-12 13:05:10]     [meaningful_044] attempt 4: PNG render failed — retrying
[2026-03-12 13:05:10]     [meaningful_041] attempt 4: PNG render failed — retrying
[2026-03-12 13:05:11]     [meaningful_050] attempt 4: PNG render failed — retrying
[2026-03-12 13:05:11]     [meaningful_059] attempt 3: PNG render failed — retrying
[2026-03-12 13:05:11]     [meaningful_048] attempt 4: PNG render failed — retrying
[2026-03-12 13:05:11]     [meaningful_066] attempt 1: PNG render failed — retrying
[2026-03-12 13:05:11]     [meaningful_069] OK (lines=39, errors=0)
[2026-03-12 13:05:11]   generating meaningful_074 (type=meaningful, ~15 lines) …
[2026-03-12 13:05:11]     [meaningful_060] attempt 3: PNG render failed — retrying
[2026-03-12 13:05:12]     [meaningful_047] OK (lines=12, errors=0)
[2026-03-12 13:05:12]   generating meaningful_075 (type=meaningful, ~20 lines) …
[2026-03-12 13:05:12]     [meaningful_058] attempt 3: PNG render failed — retrying
[2026-03-12 13:05:13]     [meaningful_068] attempt 1: PNG render failed — retrying
[2026-03-12 13:05:14]     [meaningful_054] OK (lines=36, errors=0)
[2026-03-12 13:05:14]   generating meaningful_076 (type=meaningful, ~26 lines) …
[2026-03-12 13:05:14]     [meaningful_049] attempt 4: PNG render failed — retrying
[2026-03-12 13:05:16]     [meaningful_070] attempt 1: PNG render failed — retrying
[2026-03-12 13:05:16]     [meaningful_038] attempt 5: PNG render failed — retrying
[2026-03-12 13:05:18]     [meaningful_064] attempt 2: PNG render failed — retrying
[2026-03-12 13:05:18]     [meaningful_071] attempt 1: PNG render failed — retrying
[2026-03-12 13:05:18]     [meaningful_063] attempt 2: PNG render failed — retrying
[2026-03-12 13:05:20]     [meaningful_038] FAILED after 5 attempts — skipping
[2026-03-12 13:05:20]   generating meaningful_077 (type=meaningful, ~20 lines) …
[2026-03-12 13:05:20]     [meaningful_072] attempt 1: PNG render failed — retrying
[2026-03-12 13:05:22]     [meaningful_052] attempt 2: PNG render failed — retrying
[2026-03-12 13:05:23]     [meaningful_039] attempt 5: PNG render failed — retrying
[2026-03-12 13:05:24]     [meaningful_073] attempt 1: PNG render failed — retrying
[2026-03-12 13:05:26]     [meaningful_074] attempt 1: PNG render failed — retrying
[2026-03-12 13:05:27]     [meaningful_039] FAILED after 5 attempts — skipping
[2026-03-12 13:05:27]   generating meaningful_078 (type=meaningful, ~15 lines) …
[2026-03-12 13:05:27]     [meaningful_057] attempt 4: PNG render failed — retrying
[2026-03-12 13:05:28]     [meaningful_075] attempt 1: PNG render failed — retrying
[2026-03-12 13:05:30]     [meaningful_044] attempt 5: PNG render failed — retrying
[2026-03-12 13:05:30]     [meaningful_067] attempt 2: PNG render failed — retrying
[2026-03-12 13:05:30]     [meaningful_076] attempt 1: PNG render failed — retrying
[2026-03-12 13:05:30]     [meaningful_066] attempt 2: PNG render failed — retrying
[2026-03-12 13:05:31]     [meaningful_041] attempt 5: PNG render failed — retrying
[2026-03-12 13:05:31]     [meaningful_050] attempt 5: PNG render failed — retrying
[2026-03-12 13:05:31]     [meaningful_048] attempt 5: PNG render failed — retrying
[2026-03-12 13:05:31]     [meaningful_062] attempt 3: PNG render failed — retrying
[2026-03-12 13:05:31]     [meaningful_059] attempt 4: PNG render failed — retrying
[2026-03-12 13:05:33]     [meaningful_064] OK (lines=35, errors=0)
[2026-03-12 13:05:33]   generating meaningful_079 (type=meaningful, ~8 lines) …
[2026-03-12 13:05:33]     [meaningful_060] attempt 4: PNG render failed — retrying
[2026-03-12 13:05:34]     [meaningful_058] attempt 4: PNG render failed — retrying
[2026-03-12 13:05:34]     [meaningful_044] FAILED after 5 attempts — skipping
[2026-03-12 13:05:34]   generating meaningful_080 (type=meaningful, ~9 lines) …
[2026-03-12 13:05:34]     [meaningful_068] attempt 2: PNG render failed — retrying
[2026-03-12 13:05:34]     [meaningful_049] attempt 5: PNG render failed — retrying
[2026-03-12 13:05:35]     [meaningful_041] FAILED after 5 attempts — skipping
[2026-03-12 13:05:35]   generating meaningful_081 (type=meaningful, ~43 lines) …
[2026-03-12 13:05:35]     [meaningful_050] FAILED after 5 attempts — skipping
[2026-03-12 13:05:35]   generating meaningful_082 (type=meaningful, ~15 lines) …
[2026-03-12 13:05:35]     [meaningful_070] attempt 2: PNG render failed — retrying
[2026-03-12 13:05:35]     [meaningful_048] FAILED after 5 attempts — skipping
[2026-03-12 13:05:35]   generating meaningful_083 (type=meaningful, ~29 lines) …
[2026-03-12 13:05:35]     [meaningful_077] attempt 1: PNG render failed — retrying
[2026-03-12 13:05:38]     [meaningful_049] FAILED after 5 attempts — skipping
[2026-03-12 13:05:38]   generating meaningful_084 (type=meaningful, ~9 lines) …
[2026-03-12 13:05:38]     [meaningful_063] attempt 3: PNG render failed — retrying
[2026-03-12 13:05:38]     [meaningful_079] OK (lines=9, errors=0)
[2026-03-12 13:05:38]   generating meaningful_085 (type=meaningful, ~13 lines) …
[2026-03-12 13:05:39]     [meaningful_071] attempt 2: PNG render failed — retrying
[2026-03-12 13:05:39]     [meaningful_067] OK (lines=16, errors=0)
[2026-03-12 13:05:39]   generating meaningful_086 (type=meaningful, ~35 lines) …
[2026-03-12 13:05:40]     [meaningful_072] attempt 2: PNG render failed — retrying
[2026-03-12 13:05:42]     [meaningful_078] attempt 1: PNG render failed — retrying
[2026-03-12 13:05:42]     [meaningful_059] OK (lines=34, errors=0)
[2026-03-12 13:05:42]   generating meaningful_087 (type=meaningful, ~29 lines) …
[2026-03-12 13:05:43]     [meaningful_052] attempt 3: PNG render failed — retrying
[2026-03-12 13:05:44]     [meaningful_066] OK (lines=21, errors=0)
[2026-03-12 13:05:44]   generating meaningful_088 (type=meaningful, ~16 lines) …
[2026-03-12 13:05:44]     [meaningful_073] attempt 2: PNG render failed — retrying
[2026-03-12 13:05:45]     [meaningful_070] OK (lines=27, errors=0)
[2026-03-12 13:05:45]   generating meaningful_089 (type=meaningful, ~26 lines) …
[2026-03-12 13:05:46]     [meaningful_074] attempt 2: PNG render failed — retrying
[2026-03-12 13:05:47]     [meaningful_057] attempt 5: PNG render failed — retrying
[2026-03-12 13:05:48]     [meaningful_075] attempt 2: PNG render failed — retrying
[2026-03-12 13:05:48]     [meaningful_080] attempt 1: PNG render failed — retrying
[2026-03-12 13:05:50]     [meaningful_068] OK (lines=42, errors=0)
[2026-03-12 13:05:50]   generating meaningful_090 (type=meaningful, ~22 lines) …
[2026-03-12 13:05:50]     [meaningful_082] attempt 1: PNG render failed — retrying
[2026-03-12 13:05:50]     [meaningful_076] attempt 2: PNG render failed — retrying
[2026-03-12 13:05:51]     [meaningful_057] FAILED after 5 attempts — skipping
[2026-03-12 13:05:51]   generating meaningful_091 (type=meaningful, ~24 lines) …
[2026-03-12 13:05:51]     [meaningful_081] attempt 1: PNG render failed — retrying
[2026-03-12 13:05:51]     [meaningful_062] attempt 4: PNG render failed — retrying
[2026-03-12 13:05:51]     [meaningful_060] attempt 5: PNG render failed — retrying
[2026-03-12 13:05:53]     [meaningful_058] attempt 5: PNG render failed — retrying
[2026-03-12 13:05:54]     [meaningful_085] attempt 1: PNG render failed — retrying
[2026-03-12 13:05:54]     [meaningful_083] attempt 1: PNG render failed — retrying
[2026-03-12 13:05:55]     [meaningful_084] attempt 1: PNG render failed — retrying
[2026-03-12 13:05:55]     [meaningful_077] attempt 2: PNG render failed — retrying
[2026-03-12 13:05:56]     [meaningful_060] FAILED after 5 attempts — skipping
[2026-03-12 13:05:56]   generating meaningful_092 (type=meaningful, ~37 lines) …
[2026-03-12 13:05:56]     [meaningful_086] attempt 1: PNG render failed — retrying
[2026-03-12 13:05:57]     [meaningful_074] OK (lines=20, errors=0)
[2026-03-12 13:05:57]   generating meaningful_093 (type=meaningful, ~14 lines) …
[2026-03-12 13:05:57]     [meaningful_058] FAILED after 5 attempts — skipping
[2026-03-12 13:05:57]   generating meaningful_094 (type=meaningful, ~15 lines) …
[2026-03-12 13:05:58]     [meaningful_063] attempt 4: PNG render failed — retrying
[2026-03-12 13:05:58]     [meaningful_087] attempt 1: PNG render failed — retrying
[2026-03-12 13:05:59]     [meaningful_088] OK (lines=20, errors=0)
[2026-03-12 13:05:59]   generating meaningful_095 (type=meaningful, ~26 lines) …
[2026-03-12 13:05:59]     [meaningful_071] attempt 3: PNG render failed — retrying
[2026-03-12 13:06:00]     [meaningful_072] attempt 3: PNG render failed — retrying
[2026-03-12 13:06:01]     [meaningful_078] attempt 2: PNG render failed — retrying
[2026-03-12 13:06:01]     [meaningful_089] attempt 1: PNG render failed — retrying
[2026-03-12 13:06:04]     [meaningful_075] OK (lines=35, errors=0)
[2026-03-12 13:06:04]   generating meaningful_096 (type=meaningful, ~33 lines) …
[2026-03-12 13:06:04]     [meaningful_073] attempt 3: PNG render failed — retrying
[2026-03-12 13:06:05]     [meaningful_090] attempt 1: PNG render failed — retrying
[2026-03-12 13:06:06]     [meaningful_080] attempt 2: PNG render failed — retrying
[2026-03-12 13:06:08]     [meaningful_052] attempt 4: PNG render failed — retrying
[2026-03-12 13:06:09]     [meaningful_082] attempt 2: PNG render failed — retrying
[2026-03-12 13:06:09]     [meaningful_091] attempt 1: PNG render failed — retrying
[2026-03-12 13:06:10]     [meaningful_095] OK (lines=41, errors=0)
[2026-03-12 13:06:10]   generating meaningful_097 (type=meaningful, ~24 lines) …
[2026-03-12 13:06:10]     [meaningful_076] attempt 3: PNG render failed — retrying
[2026-03-12 13:06:11]     [meaningful_081] attempt 2: PNG render failed — retrying
[2026-03-12 13:06:12]     [meaningful_092] attempt 1: PNG render failed — retrying
[2026-03-12 13:06:12]     [meaningful_093] attempt 1: PNG render failed — retrying
[2026-03-12 13:06:12]     [meaningful_094] attempt 1: PNG render failed — retrying
[2026-03-12 13:06:13]     [meaningful_062] attempt 5: PNG render failed — retrying
[2026-03-12 13:06:13]     [meaningful_084] attempt 2: PNG render failed — retrying
[2026-03-12 13:06:13]     [meaningful_085] attempt 2: PNG render failed — retrying
[2026-03-12 13:06:14]     [meaningful_083] attempt 2: PNG render failed — retrying
[2026-03-12 13:06:16]     [meaningful_078] OK (lines=20, errors=0)
[2026-03-12 13:06:16]   generating meaningful_098 (type=meaningful, ~8 lines) …
[2026-03-12 13:06:16]     [meaningful_077] attempt 3: PNG render failed — retrying
[2026-03-12 13:06:17]     [meaningful_062] FAILED after 5 attempts — skipping
[2026-03-12 13:06:17]   generating meaningful_099 (type=meaningful, ~88 lines) …
[2026-03-12 13:06:18]     [meaningful_086] attempt 2: PNG render failed — retrying
[2026-03-12 13:06:18]     [meaningful_087] attempt 2: PNG render failed — retrying
[2026-03-12 13:06:19]     [meaningful_071] attempt 4: PNG render failed — retrying
[2026-03-12 13:06:20]     [meaningful_072] attempt 4: PNG render failed — retrying
[2026-03-12 13:06:20]     [meaningful_063] attempt 5: PNG render failed — retrying
[2026-03-12 13:06:21]     [meaningful_096] attempt 1: PNG render failed — retrying
[2026-03-12 13:06:21]     [meaningful_089] attempt 2: PNG render failed — retrying
[2026-03-12 13:06:22]     [meaningful_098] OK (lines=18, errors=0)
[2026-03-12 13:06:22]   generating meaningful_100 (type=meaningful, ~18 lines) …
[2026-03-12 13:06:23]     [meaningful_073] attempt 4: PNG render failed — retrying
[2026-03-12 13:06:24]     [meaningful_080] attempt 3: PNG render failed — retrying
[2026-03-12 13:06:24]     [meaningful_063] FAILED after 5 attempts — skipping
[2026-03-12 13:06:24]   generating meaningful_101 (type=meaningful, ~28 lines) …
[2026-03-12 13:06:25]     [meaningful_090] attempt 2: PNG render failed — retrying
[2026-03-12 13:06:25]     [meaningful_097] attempt 1: PNG render failed — retrying
[2026-03-12 13:06:28]     [meaningful_082] attempt 3: PNG render failed — retrying
[2026-03-12 13:06:29]     [meaningful_076] attempt 4: PNG render failed — retrying
[2026-03-12 13:06:29]     [meaningful_091] attempt 2: PNG render failed — retrying
[2026-03-12 13:06:30]     [meaningful_052] attempt 5: PNG render failed — retrying
[2026-03-12 13:06:32]     [meaningful_089] OK (lines=44, errors=0)
[2026-03-12 13:06:32]   generating meaningful_102 (type=meaningful, ~20 lines) …
[2026-03-12 13:06:32]     [meaningful_092] attempt 2: PNG render failed — retrying
[2026-03-12 13:06:32]     [meaningful_081] attempt 3: PNG render failed — retrying
[2026-03-12 13:06:32]     [meaningful_085] attempt 3: PNG render failed — retrying
[2026-03-12 13:06:32]     [meaningful_093] attempt 2: PNG render failed — retrying
[2026-03-12 13:06:33]     [meaningful_084] attempt 3: PNG render failed — retrying
[2026-03-12 13:06:34]     [meaningful_083] attempt 3: PNG render failed — retrying
[2026-03-12 13:06:34]     [meaningful_094] attempt 2: PNG render failed — retrying
[2026-03-12 13:06:34]     [meaningful_052] FAILED after 5 attempts — skipping
[2026-03-12 13:06:34]   generating meaningful_103 (type=meaningful, ~41 lines) …
[2026-03-12 13:06:36]     [meaningful_072] OK (lines=46, errors=0)
[2026-03-12 13:06:36]   generating meaningful_104 (type=meaningful, ~59 lines) …
[2026-03-12 13:06:36]     [meaningful_099] attempt 1: PNG render failed — retrying
[2026-03-12 13:06:38]     [meaningful_087] attempt 3: PNG render failed — retrying
[2026-03-12 13:06:38]     [meaningful_086] attempt 3: PNG render failed — retrying
[2026-03-12 13:06:38]     [meaningful_077] attempt 4: PNG render failed — retrying
[2026-03-12 13:06:39]     [meaningful_100] OK (lines=37, errors=0)
[2026-03-12 13:06:39]   generating meaningful_105 (type=meaningful, ~43 lines) …
[2026-03-12 13:06:39]     [meaningful_071] attempt 5: PNG render failed — retrying
[2026-03-12 13:06:40]     [meaningful_101] attempt 1: PNG render failed — retrying
[2026-03-12 13:06:42]     [meaningful_080] attempt 4: PNG render failed — retrying
[2026-03-12 13:06:43]     [meaningful_085] OK (lines=19, errors=0)
[2026-03-12 13:06:43]   generating meaningful_106 (type=meaningful, ~15 lines) …
[2026-03-12 13:06:43]     [meaningful_071] FAILED after 5 attempts — skipping
[2026-03-12 13:06:43]   generating meaningful_107 (type=meaningful, ~17 lines) …
[2026-03-12 13:06:44]     [meaningful_096] attempt 2: PNG render failed — retrying
[2026-03-12 13:06:44]     [meaningful_092] OK (lines=55, errors=0)
[2026-03-12 13:06:44]   generating meaningful_108 (type=meaningful, ~24 lines) …
[2026-03-12 13:06:44]     [meaningful_073] attempt 5: PNG render failed — retrying
[2026-03-12 13:06:45]     [meaningful_097] attempt 2: PNG render failed — retrying
[2026-03-12 13:06:46]     [meaningful_090] attempt 3: PNG render failed — retrying
[2026-03-12 13:06:47]     [meaningful_103] OK (lines=40, errors=0)
[2026-03-12 13:06:47]   generating meaningful_109 (type=meaningful, ~16 lines) …
[2026-03-12 13:06:47]     [meaningful_082] attempt 4: PNG render failed — retrying
[2026-03-12 13:06:47]     [meaningful_102] attempt 1: PNG render failed — retrying
[2026-03-12 13:06:48]     [meaningful_094] OK (lines=20, errors=0)
[2026-03-12 13:06:48]   generating meaningful_110 (type=meaningful, ~33 lines) …
[2026-03-12 13:06:48]     [meaningful_073] FAILED after 5 attempts — skipping
[2026-03-12 13:06:48]   generating meaningful_111 (type=meaningful, ~7 lines) …
[2026-03-12 13:06:49]     [meaningful_091] attempt 3: PNG render failed — retrying
[2026-03-12 13:06:49]     [meaningful_076] attempt 5: PNG render failed — retrying
[2026-03-12 13:06:51]     [meaningful_093] attempt 3: PNG render failed — retrying
[2026-03-12 13:06:52]     [meaningful_084] attempt 4: PNG render failed — retrying
[2026-03-12 13:06:52]     [meaningful_081] attempt 4: PNG render failed — retrying
[2026-03-12 13:06:53]     [meaningful_104] attempt 1: PNG render failed — retrying
[2026-03-12 13:06:53]     [meaningful_083] attempt 4: PNG render failed — retrying
[2026-03-12 13:06:53]     [meaningful_076] FAILED after 5 attempts — skipping
[2026-03-12 13:06:53]   generating meaningful_112 (type=meaningful, ~15 lines) …
[2026-03-12 13:06:55]     [meaningful_105] attempt 1: PNG render failed — retrying
[2026-03-12 13:06:57]     [meaningful_077] OK (lines=27, errors=0)
[2026-03-12 13:06:57]   generating meaningful_113 (type=meaningful, ~67 lines) …
[2026-03-12 13:06:57]     [meaningful_087] attempt 4: PNG render failed — retrying
[2026-03-12 13:06:58]     [meaningful_106] attempt 1: PNG render failed — retrying
[2026-03-12 13:06:58]     [meaningful_086] attempt 4: PNG render failed — retrying
[2026-03-12 13:06:59]     [meaningful_099] attempt 2: PNG render failed — retrying
[2026-03-12 13:06:59]     [meaningful_108] attempt 1: PNG render failed — retrying
[2026-03-12 13:06:59]     [meaningful_107] attempt 1: PNG render failed — retrying
[2026-03-12 13:06:59]     [meaningful_101] attempt 2: PNG render failed — retrying
[2026-03-12 13:07:02]     [meaningful_080] attempt 5: PNG render failed — retrying
[2026-03-12 13:07:03]     [meaningful_110] attempt 1: PNG render failed — retrying
[2026-03-12 13:07:04]     [meaningful_096] attempt 3: PNG render failed — retrying
[2026-03-12 13:07:04]     [meaningful_109] attempt 1: PNG render failed — retrying
[2026-03-12 13:07:04]     [meaningful_111] attempt 1: PNG render failed — retrying
[2026-03-12 13:07:05]     [meaningful_112] OK (lines=26, errors=0)
[2026-03-12 13:07:05]   generating meaningful_114 (type=meaningful, ~19 lines) …
[2026-03-12 13:07:05]     [meaningful_097] attempt 3: PNG render failed — retrying
[2026-03-12 13:07:06]     [meaningful_090] attempt 4: PNG render failed — retrying
[2026-03-12 13:07:06]     [meaningful_080] FAILED after 5 attempts — skipping
[2026-03-12 13:07:06]   generating meaningful_115 (type=meaningful, ~12 lines) …
[2026-03-12 13:07:07]     [meaningful_082] attempt 5: PNG render failed — retrying
[2026-03-12 13:07:07]     [meaningful_102] attempt 2: PNG render failed — retrying
[2026-03-12 13:07:09]     [meaningful_087] OK (lines=42, errors=0)
[2026-03-12 13:07:09]   generating meaningful_116 (type=meaningful, ~13 lines) …
[2026-03-12 13:07:10]     [meaningful_091] attempt 4: PNG render failed — retrying
[2026-03-12 13:07:11]     [meaningful_082] FAILED after 5 attempts — skipping
[2026-03-12 13:07:11]   generating meaningful_117 (type=meaningful, ~47 lines) …
[2026-03-12 13:07:12]     [meaningful_093] attempt 4: PNG render failed — retrying
[2026-03-12 13:07:12]     [meaningful_084] attempt 5: PNG render failed — retrying
[2026-03-12 13:07:12]     [meaningful_081] attempt 5: PNG render failed — retrying
[2026-03-12 13:07:12]     [meaningful_115] OK (lines=15, errors=0)
[2026-03-12 13:07:12]   generating meaningful_118 (type=meaningful, ~66 lines) …
[2026-03-12 13:07:13]     [meaningful_104] OK (lines=54, errors=0)
[2026-03-12 13:07:13]   generating meaningful_119 (type=meaningful, ~42 lines) …
[2026-03-12 13:07:13]     [meaningful_083] attempt 5: PNG render failed — retrying
[2026-03-12 13:07:14]     [meaningful_113] attempt 1: PNG render failed — retrying
[2026-03-12 13:07:16]     [meaningful_084] FAILED after 5 attempts — skipping
[2026-03-12 13:07:16]   generating meaningful_120 (type=meaningful, ~20 lines) …
[2026-03-12 13:07:16]     [meaningful_081] FAILED after 5 attempts — skipping
[2026-03-12 13:07:16]   generating meaningful_121 (type=meaningful, ~26 lines) …
[2026-03-12 13:07:16]     [meaningful_105] attempt 2: PNG render failed — retrying
[2026-03-12 13:07:17]     [meaningful_114] OK (lines=26, errors=0)
[2026-03-12 13:07:17]   generating meaningful_122 (type=meaningful, ~70 lines) …
[2026-03-12 13:07:17]     [meaningful_083] FAILED after 5 attempts — skipping
[2026-03-12 13:07:17]   generating meaningful_123 (type=meaningful, ~10 lines) …
[2026-03-12 13:07:18]     [meaningful_106] attempt 2: PNG render failed — retrying
[2026-03-12 13:07:18]     [meaningful_086] attempt 5: PNG render failed — retrying
[2026-03-12 13:07:19]     [meaningful_107] attempt 2: PNG render failed — retrying
[2026-03-12 13:07:19]     [meaningful_108] attempt 2: PNG render failed — retrying
[2026-03-12 13:07:20]     [meaningful_099] attempt 3: PNG render failed — retrying
[2026-03-12 13:07:22]     [meaningful_086] FAILED after 5 attempts — skipping
[2026-03-12 13:07:22]   generating meaningful_124 (type=meaningful, ~12 lines) …
[2026-03-12 13:07:23]     [meaningful_101] attempt 3: PNG render failed — retrying
[2026-03-12 13:07:23]     [meaningful_110] attempt 2: PNG render failed — retrying
[2026-03-12 13:07:23]     [meaningful_109] attempt 2: PNG render failed — retrying
[2026-03-12 13:07:23]     [meaningful_096] attempt 4: PNG render failed — retrying
[2026-03-12 13:07:24]     [meaningful_111] attempt 2: PNG render failed — retrying
[2026-03-12 13:07:24]     [meaningful_116] attempt 1: PNG render failed — retrying
[2026-03-12 13:07:25]     [meaningful_097] attempt 4: PNG render failed — retrying
[2026-03-12 13:07:25]     [meaningful_090] attempt 5: PNG render failed — retrying
[2026-03-12 13:07:26]     [meaningful_121] OK (lines=41, errors=0)
[2026-03-12 13:07:26]   generating meaningful_125 (type=meaningful, ~35 lines) …
[2026-03-12 13:07:27]     [meaningful_093] OK (lines=24, errors=0)
[2026-03-12 13:07:27]   generating meaningful_126 (type=meaningful, ~35 lines) …
[2026-03-12 13:07:27]     [meaningful_102] attempt 3: PNG render failed — retrying
[2026-03-12 13:07:27]     [meaningful_117] attempt 1: PNG render failed — retrying
[2026-03-12 13:07:29]     [meaningful_119] attempt 1: PNG render failed — retrying
[2026-03-12 13:07:29]     [meaningful_090] FAILED after 5 attempts — skipping
[2026-03-12 13:07:29]   generating meaningful_127 (type=meaningful, ~7 lines) …
[2026-03-12 13:07:29]     [meaningful_118] attempt 1: PNG render failed — retrying
[2026-03-12 13:07:30]     [meaningful_091] attempt 5: PNG render failed — retrying
[2026-03-12 13:07:32]     [meaningful_123] attempt 1: PNG render failed — retrying
[2026-03-12 13:07:34]     [meaningful_091] FAILED after 5 attempts — skipping
[2026-03-12 13:07:34]   generating meaningful_128 (type=meaningful, ~26 lines) …
[2026-03-12 13:07:34]     [meaningful_122] attempt 1: PNG render failed — retrying
[2026-03-12 13:07:37]     [meaningful_124] attempt 1: PNG render failed — retrying
[2026-03-12 13:07:37]     [meaningful_111] OK (lines=10, errors=0)
[2026-03-12 13:07:37]   generating meaningful_129 (type=meaningful, ~23 lines) …
[2026-03-12 13:07:38]     [meaningful_106] attempt 3: PNG render failed — retrying
[2026-03-12 13:07:38]     [meaningful_105] attempt 3: PNG render failed — retrying
[2026-03-12 13:07:38]     [meaningful_113] attempt 2: PNG render failed — retrying
[2026-03-12 13:07:39]     [meaningful_108] attempt 3: PNG render failed — retrying
[2026-03-12 13:07:42]     [meaningful_099] attempt 4: PNG render failed — retrying
[2026-03-12 13:07:42]     [meaningful_125] attempt 1: PNG render failed — retrying
[2026-03-12 13:07:42]     [meaningful_127] OK (lines=11, errors=0)
[2026-03-12 13:07:42]   generating meaningful_130 (type=meaningful, ~23 lines) …
[2026-03-12 13:07:42]     [meaningful_116] attempt 2: PNG render failed — retrying
[2026-03-12 13:07:43]     [meaningful_110] attempt 3: PNG render failed — retrying
[2026-03-12 13:07:43]     [meaningful_101] attempt 4: PNG render failed — retrying
[2026-03-12 13:07:43]     [meaningful_126] attempt 1: PNG render failed — retrying
[2026-03-12 13:07:44]     [meaningful_109] attempt 3: PNG render failed — retrying
[2026-03-12 13:07:44]     [meaningful_096] attempt 5: PNG render failed — retrying
[2026-03-12 13:07:46]     [meaningful_097] attempt 5: PNG render failed — retrying
[2026-03-12 13:07:47]     [meaningful_122] OK (lines=57, errors=0)
[2026-03-12 13:07:47]   generating meaningful_131 (type=meaningful, ~25 lines) …
[2026-03-12 13:07:47]     [meaningful_107] attempt 3: PNG render failed — retrying
[2026-03-12 13:07:47]     [meaningful_102] attempt 4: PNG render failed — retrying
[2026-03-12 13:07:48]     [meaningful_096] FAILED after 5 attempts — skipping
[2026-03-12 13:07:48]   generating meaningful_132 (type=meaningful, ~52 lines) …
[2026-03-12 13:07:48]     [meaningful_106] OK (lines=19, errors=0)
[2026-03-12 13:07:48]   generating meaningful_133 (type=meaningful, ~19 lines) …
[2026-03-12 13:07:48]     [meaningful_117] attempt 2: PNG render failed — retrying
[2026-03-12 13:07:50]     [meaningful_097] FAILED after 5 attempts — skipping
[2026-03-12 13:07:50]   generating meaningful_134 (type=meaningful, ~16 lines) …
[2026-03-12 13:07:51]     [meaningful_119] attempt 2: PNG render failed — retrying
[2026-03-12 13:07:51]     [meaningful_118] attempt 2: PNG render failed — retrying
[2026-03-12 13:07:51]     [meaningful_123] attempt 2: PNG render failed — retrying
[2026-03-12 13:07:52]     [meaningful_128] attempt 1: PNG render failed — retrying
[2026-03-12 13:07:53]     [meaningful_129] attempt 1: PNG render failed — retrying
[2026-03-12 13:07:54]     [meaningful_109] OK (lines=27, errors=0)
[2026-03-12 13:07:54]   generating meaningful_135 (type=meaningful, ~18 lines) …
[2026-03-12 13:07:57]     [meaningful_124] OK (lines=27, errors=0)
[2026-03-12 13:07:57]   generating meaningful_136 (type=meaningful, ~17 lines) …
[2026-03-12 13:07:57]     [meaningful_107] OK (lines=23, errors=0)
[2026-03-12 13:07:57]   generating meaningful_137 (type=meaningful, ~42 lines) …
[2026-03-12 13:07:59]     [meaningful_130] attempt 1: PNG render failed — retrying
[2026-03-12 13:07:59]     [meaningful_105] attempt 4: PNG render failed — retrying
[2026-03-12 13:08:00]     [meaningful_108] attempt 4: PNG render failed — retrying
[2026-03-12 13:08:00]     [meaningful_117] OK (lines=41, errors=0)
[2026-03-12 13:08:00]   generating meaningful_138 (type=meaningful, ~7 lines) …
[2026-03-12 13:08:01]     [meaningful_116] attempt 3: PNG render failed — retrying
[2026-03-12 13:08:03]     [meaningful_113] attempt 3: PNG render failed — retrying
[2026-03-12 13:08:04]     [meaningful_110] attempt 4: PNG render failed — retrying
[2026-03-12 13:08:04]     [meaningful_101] attempt 5: PNG render failed — retrying
[2026-03-12 13:08:04]     [meaningful_125] attempt 2: PNG render failed — retrying
[2026-03-12 13:08:04]     [meaningful_126] attempt 2: PNG render failed — retrying
[2026-03-12 13:08:04]     [meaningful_099] attempt 5: PNG render failed — retrying
[2026-03-12 13:08:04]     [meaningful_132] attempt 1: PNG render failed — retrying
[2026-03-12 13:08:04]     [meaningful_133] attempt 1: PNG render failed — retrying
[2026-03-12 13:08:04]     [meaningful_131] attempt 1: PNG render failed — retrying
[2026-03-12 13:08:08]     [meaningful_101] FAILED after 5 attempts — skipping
[2026-03-12 13:08:08]   generating meaningful_139 (type=meaningful, ~25 lines) …
[2026-03-12 13:08:08]     [meaningful_099] FAILED after 5 attempts — skipping
[2026-03-12 13:08:08]   generating meaningful_140 (type=meaningful, ~11 lines) …
[2026-03-12 13:08:09]     [meaningful_134] attempt 1: PNG render failed — retrying
[2026-03-12 13:08:10]     [meaningful_135] attempt 1: PNG render failed — retrying
[2026-03-12 13:08:10]     [meaningful_102] attempt 5: PNG render failed — retrying
[2026-03-12 13:08:12]     [meaningful_128] attempt 2: PNG render failed — retrying
[2026-03-12 13:08:12]     [meaningful_123] attempt 3: PNG render failed — retrying
[2026-03-12 13:08:12]     [meaningful_119] attempt 3: PNG render failed — retrying
[2026-03-12 13:08:13]     [meaningful_129] attempt 2: PNG render failed — retrying
[2026-03-12 13:08:13]     [meaningful_136] attempt 1: PNG render failed — retrying
[2026-03-12 13:08:14]     [meaningful_137] attempt 1: PNG render failed — retrying
[2026-03-12 13:08:14]     [meaningful_102] FAILED after 5 attempts — skipping
[2026-03-12 13:08:14]   generating meaningful_141 (type=meaningful, ~57 lines) …
[2026-03-12 13:08:17]     [meaningful_138] attempt 1: PNG render failed — retrying
[2026-03-12 13:08:17]     [meaningful_120] attempt 1: PNG render failed — retrying
[2026-03-12 13:08:20]     [meaningful_105] attempt 5: PNG render failed — retrying
[2026-03-12 13:08:20]     [meaningful_108] attempt 5: PNG render failed — retrying
[2026-03-12 13:08:21]     [meaningful_130] attempt 2: PNG render failed — retrying
[2026-03-12 13:08:24]     [meaningful_105] FAILED after 5 attempts — skipping
[2026-03-12 13:08:24]   generating meaningful_142 (type=meaningful, ~11 lines) …
[2026-03-12 13:08:24]     [meaningful_108] FAILED after 5 attempts — skipping
[2026-03-12 13:08:24]   generating meaningful_143 (type=meaningful, ~14 lines) …
[2026-03-12 13:08:25]     [meaningful_140] attempt 1: PNG render failed — retrying
[2026-03-12 13:08:25]     [meaningful_131] attempt 2: PNG render failed — retrying
[2026-03-12 13:08:25]     [meaningful_110] attempt 5: PNG render failed — retrying
[2026-03-12 13:08:26]     [meaningful_139] attempt 1: PNG render failed — retrying
[2026-03-12 13:08:26]     [meaningful_113] attempt 4: PNG render failed — retrying
[2026-03-12 13:08:26]     [meaningful_125] attempt 3: PNG render failed — retrying
[2026-03-12 13:08:27]     [meaningful_133] attempt 2: PNG render failed — retrying
[2026-03-12 13:08:27]     [meaningful_126] attempt 3: PNG render failed — retrying
[2026-03-12 13:08:28]     [meaningful_120] OK (lines=23, errors=0)
[2026-03-12 13:08:28]   generating meaningful_144 (type=meaningful, ~33 lines) …
[2026-03-12 13:08:29]     [meaningful_132] attempt 2: PNG render failed — retrying
[2026-03-12 13:08:29]     [meaningful_110] FAILED after 5 attempts — skipping
[2026-03-12 13:08:29]   generating meaningful_145 (type=meaningful, ~22 lines) …
[2026-03-12 13:08:29]     [meaningful_134] attempt 2: PNG render failed — retrying
[2026-03-12 13:08:30]     [meaningful_135] attempt 2: PNG render failed — retrying
[2026-03-12 13:08:31]     [meaningful_123] attempt 4: PNG render failed — retrying
[2026-03-12 13:08:32]     [meaningful_137] OK (lines=56, errors=0)
[2026-03-12 13:08:32]   generating meaningful_146 (type=meaningful, ~19 lines) …
[2026-03-12 13:08:32]     [meaningful_141] attempt 1: PNG render failed — retrying
[2026-03-12 13:08:34]     [meaningful_119] attempt 4: PNG render failed — retrying
[2026-03-12 13:08:34]     [meaningful_129] attempt 3: PNG render failed — retrying
[2026-03-12 13:08:34]     [meaningful_136] attempt 2: PNG render failed — retrying
[2026-03-12 13:08:35]     [meaningful_128] attempt 3: PNG render failed — retrying
[2026-03-12 13:08:35]     [meaningful_142] OK (lines=18, errors=0)
[2026-03-12 13:08:35]   generating meaningful_147 (type=meaningful, ~14 lines) …
[2026-03-12 13:08:36]     [meaningful_138] attempt 2: PNG render failed — retrying
[2026-03-12 13:08:40]     [meaningful_143] attempt 1: PNG render failed — retrying
[2026-03-12 13:08:42]     [meaningful_130] attempt 3: PNG render failed — retrying
[2026-03-12 13:08:45]     [meaningful_131] attempt 3: PNG render failed — retrying
[2026-03-12 13:08:46]     [meaningful_144] attempt 1: PNG render failed — retrying
[2026-03-12 13:08:46]     [meaningful_139] attempt 2: PNG render failed — retrying
[2026-03-12 13:08:48]     [meaningful_125] attempt 4: PNG render failed — retrying
[2026-03-12 13:08:48]     [meaningful_146] attempt 1: PNG render failed — retrying
[2026-03-12 13:08:48]     [meaningful_133] attempt 3: PNG render failed — retrying
[2026-03-12 13:08:48]     [meaningful_140] attempt 2: PNG render failed — retrying
[2026-03-12 13:08:48]     [meaningful_113] attempt 5: PNG render failed — retrying
[2026-03-12 13:08:48]     [meaningful_126] attempt 4: PNG render failed — retrying
[2026-03-12 13:08:48]     [meaningful_145] attempt 1: PNG render failed — retrying
[2026-03-12 13:08:51]     [meaningful_135] attempt 3: PNG render failed — retrying
[2026-03-12 13:08:52]     [meaningful_138] OK (lines=13, errors=0)
[2026-03-12 13:08:52]   generating meaningful_148 (type=meaningful, ~13 lines) …
[2026-03-12 13:08:52]     [meaningful_113] FAILED after 5 attempts — skipping
[2026-03-12 13:08:52]   generating meaningful_149 (type=meaningful, ~128 lines) …
[2026-03-12 13:08:52]     [meaningful_134] attempt 3: PNG render failed — retrying
[2026-03-12 13:08:53]     [meaningful_132] attempt 3: PNG render failed — retrying
[2026-03-12 13:08:53]     [meaningful_123] attempt 5: PNG render failed — retrying
[2026-03-12 13:08:53]     [meaningful_147] attempt 1: PNG render failed — retrying
[2026-03-12 13:08:53]     [meaningful_136] attempt 3: PNG render failed — retrying
[2026-03-12 13:08:54]     [meaningful_141] attempt 2: PNG render failed — retrying
[2026-03-12 13:08:54]     [meaningful_129] attempt 4: PNG render failed — retrying
[2026-03-12 13:08:56]     [meaningful_143] OK (lines=23, errors=0)
[2026-03-12 13:08:56]   generating meaningful_150 (type=meaningful, ~6 lines) …
[2026-03-12 13:08:57]     [meaningful_123] FAILED after 5 attempts — skipping
[2026-03-12 13:08:57]   generating meaningful_151 (type=meaningful, ~8 lines) …
[2026-03-12 13:08:58]     [meaningful_128] attempt 4: PNG render failed — retrying
[2026-03-12 13:08:58]     [meaningful_119] attempt 5: PNG render failed — retrying
[2026-03-12 13:08:58]     [meaningful_118] attempt 3: PNG render failed — retrying
[2026-03-12 13:09:02]     [meaningful_119] FAILED after 5 attempts — skipping
[2026-03-12 13:09:02]   generating meaningful_152 (type=meaningful, ~10 lines) …
[2026-03-12 13:09:06]     [meaningful_130] attempt 4: PNG render failed — retrying
[2026-03-12 13:09:06]     [meaningful_150] OK (lines=7, errors=0)
[2026-03-12 13:09:06]   generating meaningful_153 (type=meaningful, ~26 lines) …
[2026-03-12 13:09:06]     [meaningful_139] attempt 3: PNG render failed — retrying
[2026-03-12 13:09:06]     [meaningful_116] attempt 4: PNG render failed — retrying
[2026-03-12 13:09:06]     [meaningful_148] attempt 1: PNG render failed — retrying
[2026-03-12 13:09:07]     [meaningful_131] attempt 4: PNG render failed — retrying
[2026-03-12 13:09:08]     [meaningful_144] attempt 2: PNG render failed — retrying
[2026-03-12 13:09:08]     [meaningful_140] attempt 3: PNG render failed — retrying
[2026-03-12 13:09:08]     [meaningful_146] attempt 2: PNG render failed — retrying
[2026-03-12 13:09:08]     [meaningful_125] attempt 5: PNG render failed — retrying
[2026-03-12 13:09:10]     [meaningful_147] OK (lines=16, errors=0)
[2026-03-12 13:09:10]   generating meaningful_154 (type=meaningful, ~20 lines) …
[2026-03-12 13:09:11]     [meaningful_118] OK (lines=86, errors=0)
[2026-03-12 13:09:11]   generating meaningful_155 (type=meaningful, ~20 lines) …
[2026-03-12 13:09:11]     [meaningful_133] attempt 4: PNG render failed — retrying
[2026-03-12 13:09:11]     [meaningful_135] attempt 4: PNG render failed — retrying
[2026-03-12 13:09:11]     [meaningful_145] attempt 2: PNG render failed — retrying
[2026-03-12 13:09:11]     [meaningful_126] attempt 5: PNG render failed — retrying
[2026-03-12 13:09:12]     [meaningful_125] FAILED after 5 attempts — skipping
[2026-03-12 13:09:12]   generating meaningful_156 (type=meaningful, ~37 lines) …
[2026-03-12 13:09:15]     [meaningful_132] attempt 4: PNG render failed — retrying
[2026-03-12 13:09:15]     [meaningful_149] attempt 1: PNG render failed — retrying
[2026-03-12 13:09:15]     [meaningful_126] FAILED after 5 attempts — skipping
[2026-03-12 13:09:15]   generating meaningful_157 (type=meaningful, ~263 lines) …
[2026-03-12 13:09:15]     [meaningful_136] attempt 4: PNG render failed — retrying
[2026-03-12 13:09:15]     [meaningful_152] OK (lines=27, errors=0)
[2026-03-12 13:09:15]   generating meaningful_158 (type=meaningful, ~20 lines) …
[2026-03-12 13:09:16]     [meaningful_151] attempt 1: PNG render failed — retrying
[2026-03-12 13:09:16]     [meaningful_129] attempt 5: PNG render failed — retrying
[2026-03-12 13:09:16]     [meaningful_153] OK (lines=35, errors=0)
[2026-03-12 13:09:16]   generating meaningful_159 (type=meaningful, ~125 lines) …
[2026-03-12 13:09:16]     [meaningful_134] attempt 4: PNG render failed — retrying
[2026-03-12 13:09:16]     [meaningful_141] attempt 3: PNG render failed — retrying
[2026-03-12 13:09:20]     [meaningful_129] FAILED after 5 attempts — skipping
[2026-03-12 13:09:20]   generating meaningful_160 (type=meaningful, ~28 lines) …
[2026-03-12 13:09:20]     [meaningful_128] OK (lines=29, errors=0)
[2026-03-12 13:09:20]   generating meaningful_161 (type=meaningful, ~24 lines) …
[2026-03-12 13:09:26]     [meaningful_139] attempt 4: PNG render failed — retrying
[2026-03-12 13:09:26]     [meaningful_130] attempt 5: PNG render failed — retrying
[2026-03-12 13:09:26]     [meaningful_154] attempt 1: PNG render failed — retrying
[2026-03-12 13:09:27]     [meaningful_155] attempt 1: PNG render failed — retrying
[2026-03-12 13:09:27]     [meaningful_116] attempt 5: PNG render failed — retrying
[2026-03-12 13:09:28]     [meaningful_140] attempt 4: PNG render failed — retrying
[2026-03-12 13:09:29]     [meaningful_148] attempt 2: PNG render failed — retrying
[2026-03-12 13:09:29]     [meaningful_131] attempt 5: PNG render failed — retrying
[2026-03-12 13:09:29]     [meaningful_156] attempt 1: PNG render failed — retrying
[2026-03-12 13:09:29]     [meaningful_146] attempt 3: PNG render failed — retrying
[2026-03-12 13:09:30]     [meaningful_130] FAILED after 5 attempts — skipping
[2026-03-12 13:09:30]   generating meaningful_162 (type=meaningful, ~6 lines) …
[2026-03-12 13:09:31]     [meaningful_133] attempt 5: PNG render failed — retrying
[2026-03-12 13:09:31]     [meaningful_135] attempt 5: PNG render failed — retrying
[2026-03-12 13:09:31]     [meaningful_116] FAILED after 5 attempts — skipping
[2026-03-12 13:09:31]   generating meaningful_163 (type=meaningful, ~36 lines) …
[2026-03-12 13:09:33]     [meaningful_131] FAILED after 5 attempts — skipping
[2026-03-12 13:09:33]   generating meaningful_164 (type=meaningful, ~55 lines) …
[2026-03-12 13:09:34]     [meaningful_158] attempt 1: PNG render failed — retrying
[2026-03-12 13:09:34]     [meaningful_145] attempt 3: PNG render failed — retrying
[2026-03-12 13:09:35]     [meaningful_133] FAILED after 5 attempts — skipping
[2026-03-12 13:09:35]   generating meaningful_165 (type=meaningful, ~32 lines) …
[2026-03-12 13:09:35]     [meaningful_151] attempt 2: PNG render failed — retrying
[2026-03-12 13:09:35]     [meaningful_135] FAILED after 5 attempts — skipping
[2026-03-12 13:09:35]   generating meaningful_166 (type=meaningful, ~29 lines) …
[2026-03-12 13:09:35]     [meaningful_136] attempt 5: PNG render failed — retrying
[2026-03-12 13:09:35]     [meaningful_159] attempt 1: PNG render failed — retrying
[2026-03-12 13:09:36]     [meaningful_132] attempt 5: PNG render failed — retrying
[2026-03-12 13:09:37]     [meaningful_134] attempt 5: PNG render failed — retrying
[2026-03-12 13:09:39]     [meaningful_136] FAILED after 5 attempts — skipping
[2026-03-12 13:09:39]   generating meaningful_167 (type=meaningful, ~23 lines) …
[2026-03-12 13:09:40]     [meaningful_132] FAILED after 5 attempts — skipping
[2026-03-12 13:09:40]   generating meaningful_168 (type=meaningful, ~18 lines) …
[2026-03-12 13:09:41]     [meaningful_149] attempt 2: PNG render failed — retrying
[2026-03-12 13:09:41]     [meaningful_141] attempt 4: PNG render failed — retrying
[2026-03-12 13:09:41]     [meaningful_160] attempt 1: PNG render failed — retrying
[2026-03-12 13:09:41]     [meaningful_134] FAILED after 5 attempts — skipping
[2026-03-12 13:09:41]   generating meaningful_169 (type=meaningful, ~23 lines) …
[2026-03-12 13:09:41]     [meaningful_157] attempt 1: PNG render failed — retrying
[2026-03-12 13:09:41]     [meaningful_161] OK (lines=32, errors=0)
[2026-03-12 13:09:41]   generating meaningful_170 (type=meaningful, ~23 lines) …
[2026-03-12 13:09:43]     [meaningful_148] OK (lines=27, errors=0)
[2026-03-12 13:09:43]   generating meaningful_171 (type=meaningful, ~33 lines) …
[2026-03-12 13:09:48]     [meaningful_162] attempt 1: PNG render failed — retrying
[2026-03-12 13:09:48]     [meaningful_146] OK (lines=22, errors=0)
[2026-03-12 13:09:48]   generating meaningful_172 (type=meaningful, ~9 lines) …
[2026-03-12 13:09:51]     [meaningful_155] attempt 2: PNG render failed — retrying
[2026-03-12 13:09:51]     [meaningful_139] attempt 5: PNG render failed — retrying
[2026-03-12 13:09:51]     [meaningful_140] attempt 5: PNG render failed — retrying
[2026-03-12 13:09:53]     [meaningful_163] attempt 1: PNG render failed — retrying
[2026-03-12 13:09:53]     [meaningful_154] attempt 2: PNG render failed — retrying
[2026-03-12 13:09:55]     [meaningful_166] OK (lines=46, errors=0)
[2026-03-12 13:09:55]   generating meaningful_173 (type=meaningful, ~29 lines) …
[2026-03-12 13:09:55]     [meaningful_139] FAILED after 5 attempts — skipping
[2026-03-12 13:09:55]   generating meaningful_174 (type=meaningful, ~71 lines) …
[2026-03-12 13:09:55]     [meaningful_140] FAILED after 5 attempts — skipping
[2026-03-12 13:09:55]   generating meaningful_175 (type=meaningful, ~34 lines) …
[2026-03-12 13:09:57]     [meaningful_164] attempt 1: PNG render failed — retrying
[2026-03-12 13:09:57]     [meaningful_156] attempt 2: PNG render failed — retrying
[2026-03-12 13:09:57]     [meaningful_145] attempt 4: PNG render failed — retrying
[2026-03-12 13:09:57]     [meaningful_158] attempt 2: PNG render failed — retrying
[2026-03-12 13:09:57]     [meaningful_167] attempt 1: PNG render failed — retrying
[2026-03-12 13:09:57]     [meaningful_168] attempt 1: PNG render failed — retrying
[2026-03-12 13:09:58]     [meaningful_159] attempt 2: PNG render failed — retrying
[2026-03-12 13:09:58]     [meaningful_162] OK (lines=10, errors=0)
[2026-03-12 13:09:58]   generating meaningful_176 (type=meaningful, ~35 lines) …
[2026-03-12 13:09:58]     [meaningful_151] attempt 3: PNG render failed — retrying
[2026-03-12 13:10:01]     [meaningful_170] attempt 1: PNG render failed — retrying
[2026-03-12 13:10:01]     [meaningful_171] attempt 1: PNG render failed — retrying
[2026-03-12 13:10:01]     [meaningful_169] attempt 1: PNG render failed — retrying
[2026-03-12 13:10:02]     [meaningful_160] attempt 2: PNG render failed — retrying
[2026-03-12 13:10:02]     [meaningful_141] attempt 5: PNG render failed — retrying
[2026-03-12 13:10:06]     [meaningful_141] FAILED after 5 attempts — skipping
[2026-03-12 13:10:06]   generating meaningful_177 (type=meaningful, ~52 lines) …
[2026-03-12 13:10:06]     [meaningful_157] attempt 2: PNG render failed — retrying
[2026-03-12 13:10:06]     [meaningful_149] attempt 3: PNG render failed — retrying
[2026-03-12 13:10:07]     [meaningful_172] attempt 1: PNG render failed — retrying
[2026-03-12 13:10:11]     [meaningful_175] attempt 1: PNG render failed — retrying
[2026-03-12 13:10:14]     [meaningful_171] OK (lines=37, errors=0)
[2026-03-12 13:10:14]   generating meaningful_178 (type=meaningful, ~84 lines) …
[2026-03-12 13:10:14]     [meaningful_155] attempt 3: PNG render failed — retrying
[2026-03-12 13:10:15]     [meaningful_163] attempt 2: PNG render failed — retrying
[2026-03-12 13:10:15]     [meaningful_173] attempt 1: PNG render failed — retrying
[2026-03-12 13:10:15]     [meaningful_154] attempt 3: PNG render failed — retrying
[2026-03-12 13:10:15]     [meaningful_174] attempt 1: PNG render failed — retrying
[2026-03-12 13:10:15]     [meaningful_144] attempt 3: PNG render failed — retrying
[2026-03-12 13:10:17]     [meaningful_176] attempt 1: PNG render failed — retrying
[2026-03-12 13:10:19]     [meaningful_167] attempt 2: PNG render failed — retrying
[2026-03-12 13:10:19]     [meaningful_145] attempt 5: PNG render failed — retrying
[2026-03-12 13:10:19]     [meaningful_151] attempt 4: PNG render failed — retrying
[2026-03-12 13:10:19]     [meaningful_164] attempt 2: PNG render failed — retrying
[2026-03-12 13:10:19]     [meaningful_168] attempt 2: PNG render failed — retrying
[2026-03-12 13:10:19]     [meaningful_158] attempt 3: PNG render failed — retrying
[2026-03-12 13:10:22]     [meaningful_156] attempt 3: PNG render failed — retrying
[2026-03-12 13:10:22]     [meaningful_159] attempt 3: PNG render failed — retrying
[2026-03-12 13:10:23]     [meaningful_145] FAILED after 5 attempts — skipping
[2026-03-12 13:10:23]   generating meaningful_179 (type=meaningful, ~16 lines) …
[2026-03-12 13:10:23]     [meaningful_170] attempt 2: PNG render failed — retrying
[2026-03-12 13:10:23]     [meaningful_169] attempt 2: PNG render failed — retrying
[2026-03-12 13:10:24]     [meaningful_160] attempt 3: PNG render failed — retrying
[2026-03-12 13:10:24]     [meaningful_177] attempt 1: PNG render failed — retrying
[2026-03-12 13:10:28]     [meaningful_149] OK (lines=76, errors=0)
[2026-03-12 13:10:28]   generating meaningful_180 (type=meaningful, ~33 lines) …
[2026-03-12 13:10:28]     [meaningful_172] attempt 2: PNG render failed — retrying
[2026-03-12 13:10:31]     [meaningful_179] OK (lines=21, errors=0)
[2026-03-12 13:10:31]   generating meaningful_181 (type=meaningful, ~33 lines) …
[2026-03-12 13:10:34]     [meaningful_178] attempt 1: PNG render failed — retrying
[2026-03-12 13:10:34]     [meaningful_157] attempt 3: PNG render failed — retrying
[2026-03-12 13:10:37]     [meaningful_175] attempt 2: PNG render failed — retrying
[2026-03-12 13:10:37]     [meaningful_163] attempt 3: PNG render failed — retrying
[2026-03-12 13:10:37]     [meaningful_154] attempt 4: PNG render failed — retrying
[2026-03-12 13:10:37]     [meaningful_173] attempt 2: PNG render failed — retrying
[2026-03-12 13:10:37]     [meaningful_174] attempt 2: PNG render failed — retrying
[2026-03-12 13:10:37]     [meaningful_155] attempt 4: PNG render failed — retrying
[2026-03-12 13:10:37]     [meaningful_144] attempt 4: PNG render failed — retrying
[2026-03-12 13:10:39]     [meaningful_165] attempt 1: PNG render failed — retrying
[2026-03-12 13:10:40]     [meaningful_168] attempt 3: PNG render failed — retrying
[2026-03-12 13:10:40]     [meaningful_151] attempt 5: PNG render failed — retrying
[2026-03-12 13:10:40]     [meaningful_158] attempt 4: PNG render failed — retrying
[2026-03-12 13:10:41]     [meaningful_167] attempt 3: PNG render failed — retrying
[2026-03-12 13:10:43]     [meaningful_170] attempt 3: PNG render failed — retrying
[2026-03-12 13:10:43]     [meaningful_176] OK (lines=53, errors=0)
[2026-03-12 13:10:43]   generating meaningful_182 (type=meaningful, ~29 lines) …
[2026-03-12 13:10:44]     [meaningful_156] attempt 4: PNG render failed — retrying
[2026-03-12 13:10:44]     [meaningful_151] FAILED after 5 attempts — skipping
[2026-03-12 13:10:44]   generating meaningful_183 (type=meaningful, ~65 lines) …
[2026-03-12 13:10:45]     [meaningful_180] attempt 1: PNG render failed — retrying
[2026-03-12 13:10:45]     [meaningful_177] attempt 2: PNG render failed — retrying
[2026-03-12 13:10:46]     [meaningful_164] attempt 3: PNG render failed — retrying
[2026-03-12 13:10:46]     [meaningful_169] attempt 3: PNG render failed — retrying
[2026-03-12 13:10:46]     [meaningful_160] attempt 4: PNG render failed — retrying
[2026-03-12 13:10:47]     [meaningful_181] attempt 1: PNG render failed — retrying
[2026-03-12 13:10:47]     [meaningful_172] attempt 3: PNG render failed — retrying
[2026-03-12 13:10:47]     [meaningful_159] attempt 4: PNG render failed — retrying
[2026-03-12 13:10:58]     [meaningful_155] OK (lines=35, errors=0)
[2026-03-12 13:10:58]   generating meaningful_184 (type=meaningful, ~7 lines) …
[2026-03-12 13:10:58]     [meaningful_154] attempt 5: PNG render failed — retrying
[2026-03-12 13:10:59]     [meaningful_178] attempt 2: PNG render failed — retrying
[2026-03-12 13:10:59]     [meaningful_175] attempt 3: PNG render failed — retrying
[2026-03-12 13:10:59]     [meaningful_144] attempt 5: PNG render failed — retrying
[2026-03-12 13:11:00]     [meaningful_163] attempt 4: PNG render failed — retrying
[2026-03-12 13:11:00]     [meaningful_174] attempt 3: PNG render failed — retrying
[2026-03-12 13:11:00]     [meaningful_182] attempt 1: PNG render failed — retrying
[2026-03-12 13:11:00]     [meaningful_157] attempt 4: PNG render failed — retrying
[2026-03-12 13:11:00]     [meaningful_173] attempt 3: PNG render failed — retrying
[2026-03-12 13:11:00]     [meaningful_168] attempt 4: PNG render failed — retrying
[2026-03-12 13:11:01]     [meaningful_165] attempt 2: PNG render failed — retrying
[2026-03-12 13:11:02]     [meaningful_167] attempt 4: PNG render failed — retrying
[2026-03-12 13:11:02]     [meaningful_180] OK (lines=39, errors=0)
[2026-03-12 13:11:02]   generating meaningful_185 (type=meaningful, ~16 lines) …
[2026-03-12 13:11:03]     [meaningful_154] FAILED after 5 attempts — skipping
[2026-03-12 13:11:03]   generating meaningful_186 (type=meaningful, ~26 lines) …
[2026-03-12 13:11:03]     [meaningful_184] OK (lines=8, errors=0)
[2026-03-12 13:11:03]   generating meaningful_187 (type=meaningful, ~85 lines) …
[2026-03-12 13:11:03]     [meaningful_144] FAILED after 5 attempts — skipping
[2026-03-12 13:11:03]   generating meaningful_188 (type=meaningful, ~45 lines) …
[2026-03-12 13:11:03]     [meaningful_158] attempt 5: PNG render failed — retrying
[2026-03-12 13:11:03]     [meaningful_183] attempt 1: PNG render failed — retrying
[2026-03-12 13:11:03]     [meaningful_170] attempt 4: PNG render failed — retrying
[2026-03-12 13:11:06]     [meaningful_156] attempt 5: PNG render failed — retrying
[2026-03-12 13:11:06]     [meaningful_172] attempt 4: PNG render failed — retrying
[2026-03-12 13:11:07]     [meaningful_160] attempt 5: PNG render failed — retrying
[2026-03-12 13:11:07]     [meaningful_158] FAILED after 5 attempts — skipping
[2026-03-12 13:11:07]   generating meaningful_189 (type=meaningful, ~26 lines) …
[2026-03-12 13:11:08]     [meaningful_177] attempt 3: PNG render failed — retrying
[2026-03-12 13:11:08]     [meaningful_164] attempt 4: PNG render failed — retrying
[2026-03-12 13:11:08]     [meaningful_169] attempt 4: PNG render failed — retrying
[2026-03-12 13:11:08]     [meaningful_181] attempt 2: PNG render failed — retrying
[2026-03-12 13:11:10]     [meaningful_156] FAILED after 5 attempts — skipping
[2026-03-12 13:11:10]   generating meaningful_190 (type=meaningful, ~9 lines) …
[2026-03-12 13:11:11]     [meaningful_160] FAILED after 5 attempts — skipping
[2026-03-12 13:11:11]   generating meaningful_191 (type=meaningful, ~32 lines) …
[2026-03-12 13:11:16]     [meaningful_175] OK (lines=45, errors=0)
[2026-03-12 13:11:16]   generating meaningful_192 (type=meaningful, ~35 lines) …
[2026-03-12 13:11:20]     [meaningful_173] attempt 4: PNG render failed — retrying
[2026-03-12 13:11:20]     [meaningful_178] attempt 3: PNG render failed — retrying
[2026-03-12 13:11:20]     [meaningful_186] attempt 1: PNG render failed — retrying
[2026-03-12 13:11:20]     [meaningful_168] attempt 5: PNG render failed — retrying
[2026-03-12 13:11:20]     [meaningful_188] attempt 1: PNG render failed — retrying
[2026-03-12 13:11:20]     [meaningful_165] attempt 3: PNG render failed — retrying
[2026-03-12 13:11:21]     [meaningful_163] attempt 5: PNG render failed — retrying
[2026-03-12 13:11:21]     [meaningful_172] OK (lines=13, errors=0)
[2026-03-12 13:11:21]   generating meaningful_193 (type=meaningful, ~28 lines) …
[2026-03-12 13:11:22]     [meaningful_185] attempt 1: PNG render failed — retrying
[2026-03-12 13:11:22]     [meaningful_167] attempt 5: PNG render failed — retrying
[2026-03-12 13:11:22]     [meaningful_174] attempt 4: PNG render failed — retrying
[2026-03-12 13:11:23]     [meaningful_182] attempt 2: PNG render failed — retrying
[2026-03-12 13:11:23]     [meaningful_187] attempt 1: PNG render failed — retrying
[2026-03-12 13:11:24]     [meaningful_168] FAILED after 5 attempts — skipping
[2026-03-12 13:11:24]   generating meaningful_194 (type=meaningful, ~32 lines) …
[2026-03-12 13:11:24]     [meaningful_170] attempt 5: PNG render failed — retrying
[2026-03-12 13:11:25]     [meaningful_163] FAILED after 5 attempts — skipping
[2026-03-12 13:11:25]   generating meaningful_195 (type=meaningful, ~23 lines) …
[2026-03-12 13:11:26]     [meaningful_190] OK (lines=14, errors=0)
[2026-03-12 13:11:26]   generating meaningful_196 (type=meaningful, ~8 lines) …
[2026-03-12 13:11:26]     [meaningful_189] attempt 1: PNG render failed — retrying
[2026-03-12 13:11:26]     [meaningful_167] FAILED after 5 attempts — skipping
[2026-03-12 13:11:26]   generating meaningful_197 (type=meaningful, ~13 lines) …
[2026-03-12 13:11:26]     [meaningful_157] attempt 5: PNG render failed — retrying
[2026-03-12 13:11:26]     [meaningful_183] attempt 2: PNG render failed — retrying
[2026-03-12 13:11:28]     [meaningful_169] OK (lines=40, errors=0)
[2026-03-12 13:11:28]   generating meaningful_198 (type=meaningful, ~7 lines) …
[2026-03-12 13:11:28]     [meaningful_170] FAILED after 5 attempts — skipping
[2026-03-12 13:11:28]   generating meaningful_199 (type=meaningful, ~23 lines) …
[2026-03-12 13:11:30]     [meaningful_177] attempt 4: PNG render failed — retrying
[2026-03-12 13:11:30]     [meaningful_181] attempt 3: PNG render failed — retrying
[2026-03-12 13:11:30]     [meaningful_164] attempt 5: PNG render failed — retrying
[2026-03-12 13:11:30]     [meaningful_191] attempt 1: PNG render failed — retrying
[2026-03-12 13:11:30]     [meaningful_157] FAILED after 5 attempts — skipping
[2026-03-12 13:11:30]   generating nonsense_chaos_000 (type=chaos, ~7 lines) …
[2026-03-12 13:11:33]     [meaningful_197] OK (lines=17, errors=0)
[2026-03-12 13:11:33]   generating nonsense_chaos_001 (type=chaos, ~33 lines) …
[2026-03-12 13:11:34]     [meaningful_164] FAILED after 5 attempts — skipping
[2026-03-12 13:11:34]   generating nonsense_chaos_002 (type=chaos, ~9 lines) …
[2026-03-12 13:11:34]     [meaningful_192] attempt 1: PNG render failed — retrying
[2026-03-12 13:11:40]     [nonsense_chaos_002] OK (lines=12, errors=0)
[2026-03-12 13:11:40]   generating nonsense_chaos_003 (type=chaos, ~23 lines) …
[2026-03-12 13:11:41]     [meaningful_193] attempt 1: PNG render failed — retrying
[2026-03-12 13:11:42]     [meaningful_173] attempt 5: PNG render failed — retrying
[2026-03-12 13:11:42]     [meaningful_185] attempt 2: PNG render failed — retrying
[2026-03-12 13:11:42]     [meaningful_196] attempt 1: PNG render failed — retrying
[2026-03-12 13:11:42]     [meaningful_186] attempt 2: PNG render failed — retrying
[2026-03-12 13:11:42]     [meaningful_194] attempt 1: PNG render failed — retrying
[2026-03-12 13:11:42]     [meaningful_195] attempt 1: PNG render failed — retrying
[2026-03-12 13:11:42]     [meaningful_165] attempt 4: PNG render failed — retrying
[2026-03-12 13:11:42]     [meaningful_198] attempt 1: PNG render failed — retrying
[2026-03-12 13:11:43]     [meaningful_188] attempt 2: PNG render failed — retrying
[2026-03-12 13:11:46]     [meaningful_174] attempt 5: PNG render failed — retrying
[2026-03-12 13:11:46]     [meaningful_173] FAILED after 5 attempts — skipping
[2026-03-12 13:11:46]   generating nonsense_chaos_004 (type=chaos, ~42 lines) …
[2026-03-12 13:11:46]     [meaningful_187] OK (lines=73, errors=0)
[2026-03-12 13:11:46]   generating nonsense_chaos_005 (type=chaos, ~36 lines) …
[2026-03-12 13:11:47]     [meaningful_189] attempt 2: PNG render failed — retrying
[2026-03-12 13:11:47]     [meaningful_182] attempt 3: PNG render failed — retrying
[2026-03-12 13:11:47]     [meaningful_178] attempt 4: PNG render failed — retrying
[2026-03-12 13:11:47]     [nonsense_chaos_003] OK (lines=21, errors=0)
[2026-03-12 13:11:47]   generating nonsense_chaos_006 (type=chaos, ~25 lines) …
[2026-03-12 13:11:49]     [meaningful_199] attempt 1: PNG render failed — retrying
[2026-03-12 13:11:49]     [nonsense_chaos_000] attempt 1: PNG render failed — retrying
[2026-03-12 13:11:50]     [meaningful_183] attempt 3: PNG render failed — retrying
[2026-03-12 13:11:50]     [meaningful_174] FAILED after 5 attempts — skipping
[2026-03-12 13:11:50]   generating nonsense_chaos_007 (type=chaos, ~13 lines) …
[2026-03-12 13:11:50]     [nonsense_chaos_001] attempt 1: PNG render failed — retrying
[2026-03-12 13:11:50]     [meaningful_181] attempt 4: PNG render failed — retrying
[2026-03-12 13:11:50]     [meaningful_177] OK (lines=46, errors=0)
[2026-03-12 13:11:50]   generating nonsense_chaos_008 (type=chaos, ~33 lines) …
[2026-03-12 13:11:51]     [meaningful_191] attempt 2: PNG render failed — retrying
[2026-03-12 13:11:54]     [meaningful_192] attempt 2: PNG render failed — retrying
[2026-03-12 13:11:58]     [meaningful_159] attempt 5: PNG render failed — retrying
[2026-03-12 13:12:00]     [nonsense_chaos_007] OK (lines=17, errors=0)
[2026-03-12 13:12:00]   generating nonsense_chaos_009 (type=chaos, ~43 lines) …
[2026-03-12 13:12:01]     [meaningful_185] attempt 3: PNG render failed — retrying
[2026-03-12 13:12:02]     [meaningful_198] attempt 2: PNG render failed — retrying
[2026-03-12 13:12:02]     [meaningful_196] attempt 2: PNG render failed — retrying
[2026-03-12 13:12:02]     [meaningful_193] attempt 2: PNG render failed — retrying
[2026-03-12 13:12:02]     [meaningful_159] FAILED after 5 attempts — skipping
[2026-03-12 13:12:02]   generating nonsense_chaos_010 (type=chaos, ~16 lines) …
[2026-03-12 13:12:02]     [nonsense_chaos_004] attempt 1: PNG render failed — retrying
[2026-03-12 13:12:02]     [meaningful_194] attempt 2: PNG render failed — retrying
[2026-03-12 13:12:02]     [nonsense_chaos_005] attempt 1: PNG render failed — retrying
[2026-03-12 13:12:03]     [nonsense_chaos_006] attempt 1: PNG render failed — retrying
[2026-03-12 13:12:03]     [meaningful_165] attempt 5: PNG render failed — retrying
[2026-03-12 13:12:04]     [meaningful_186] attempt 3: PNG render failed — retrying
[2026-03-12 13:12:04]     [meaningful_195] attempt 2: PNG render failed — retrying
[2026-03-12 13:12:05]     [meaningful_188] attempt 3: PNG render failed — retrying
[2026-03-12 13:12:05]     [meaningful_192] OK (lines=48, errors=0)
[2026-03-12 13:12:05]   generating nonsense_chaos_011 (type=chaos, ~35 lines) …
[2026-03-12 13:12:06]     [nonsense_chaos_008] attempt 1: PNG render failed — retrying
[2026-03-12 13:12:07]     [meaningful_189] attempt 3: PNG render failed — retrying
[2026-03-12 13:12:07]     [nonsense_chaos_000] attempt 2: PNG render failed — retrying
[2026-03-12 13:12:07]     [meaningful_165] FAILED after 5 attempts — skipping
[2026-03-12 13:12:07]   generating nonsense_chaos_012 (type=chaos, ~21 lines) …
[2026-03-12 13:12:08]     [meaningful_182] attempt 4: PNG render failed — retrying
[2026-03-12 13:12:09]     [nonsense_chaos_001] attempt 2: PNG render failed — retrying
[2026-03-12 13:12:09]     [nonsense_chaos_010] OK (lines=16, errors=0)
[2026-03-12 13:12:09]   generating nonsense_chaos_013 (type=chaos, ~8 lines) …
[2026-03-12 13:12:09]     [meaningful_199] attempt 2: PNG render failed — retrying
[2026-03-12 13:12:10]     [meaningful_183] attempt 4: PNG render failed — retrying
[2026-03-12 13:12:10]     [meaningful_178] attempt 5: PNG render failed — retrying
[2026-03-12 13:12:10]     [meaningful_181] attempt 5: PNG render failed — retrying
[2026-03-12 13:12:11]     [meaningful_191] attempt 3: PNG render failed — retrying
[2026-03-12 13:12:14]     [meaningful_181] FAILED after 5 attempts — skipping
[2026-03-12 13:12:14]   generating nonsense_chaos_014 (type=chaos, ~24 lines) …
[2026-03-12 13:12:14]     [meaningful_178] FAILED after 5 attempts — skipping
[2026-03-12 13:12:14]   generating nonsense_chaos_015 (type=chaos, ~19 lines) …
[2026-03-12 13:12:16]     [nonsense_chaos_009] attempt 1: PNG render failed — retrying
[2026-03-12 13:12:17]     [nonsense_chaos_008] OK (lines=27, errors=0)
[2026-03-12 13:12:17]   generating nonsense_chaos_016 (type=chaos, ~19 lines) …
[2026-03-12 13:12:20]     [meaningful_185] attempt 4: PNG render failed — retrying
[2026-03-12 13:12:20]     [meaningful_196] attempt 3: PNG render failed — retrying
[2026-03-12 13:12:20]     [meaningful_198] attempt 3: PNG render failed — retrying
[2026-03-12 13:12:20]     [nonsense_chaos_001] OK (lines=29, errors=0)
[2026-03-12 13:12:20]   generating nonsense_chaos_017 (type=chaos, ~20 lines) …
[2026-03-12 13:12:20]     [meaningful_189] OK (lines=35, errors=0)
[2026-03-12 13:12:20]   generating nonsense_chaos_018 (type=chaos, ~18 lines) …
[2026-03-12 13:12:21]     [nonsense_chaos_004] attempt 2: PNG render failed — retrying
[2026-03-12 13:12:21]     [nonsense_chaos_005] attempt 2: PNG render failed — retrying
[2026-03-12 13:12:22]     [meaningful_193] attempt 3: PNG render failed — retrying
[2026-03-12 13:12:22]     [meaningful_194] attempt 3: PNG render failed — retrying
[2026-03-12 13:12:23]     [nonsense_chaos_011] attempt 1: PNG render failed — retrying
[2026-03-12 13:12:23]     [nonsense_chaos_013] attempt 1: PNG render failed — retrying
[2026-03-12 13:12:23]     [nonsense_chaos_006] attempt 2: PNG render failed — retrying
[2026-03-12 13:12:24]     [nonsense_chaos_016] OK (lines=21, errors=0)
[2026-03-12 13:12:24]   generating nonsense_chaos_019 (type=chaos, ~15 lines) …
[2026-03-12 13:12:24]     [meaningful_186] attempt 4: PNG render failed — retrying
[2026-03-12 13:12:24]     [meaningful_195] attempt 3: PNG render failed — retrying
[2026-03-12 13:12:24]     [nonsense_chaos_012] attempt 1: PNG render failed — retrying
[2026-03-12 13:12:25]     [nonsense_chaos_000] attempt 3: PNG render failed — retrying
[2026-03-12 13:12:25]     [meaningful_188] attempt 4: PNG render failed — retrying
[2026-03-12 13:12:27]     [meaningful_182] attempt 5: PNG render failed — retrying
[2026-03-12 13:12:29]     [nonsense_chaos_014] attempt 1: PNG render failed — retrying
[2026-03-12 13:12:29]     [meaningful_199] attempt 3: PNG render failed — retrying
[2026-03-12 13:12:31]     [meaningful_182] FAILED after 5 attempts — skipping
[2026-03-12 13:12:31]   generating nonsense_chaos_020 (type=chaos, ~69 lines) …
[2026-03-12 13:12:31]     [meaningful_183] attempt 5: PNG render failed — retrying
[2026-03-12 13:12:31]     [meaningful_191] attempt 4: PNG render failed — retrying
[2026-03-12 13:12:32]     [nonsense_chaos_015] OK (lines=20, errors=0)
[2026-03-12 13:12:32]   generating nonsense_chaos_021 (type=chaos, ~39 lines) …
[2026-03-12 13:12:35]     [nonsense_chaos_017] attempt 1: PNG render failed — retrying
[2026-03-12 13:12:35]     [nonsense_chaos_018] attempt 1: PNG render failed — retrying
[2026-03-12 13:12:35]     [meaningful_183] FAILED after 5 attempts — skipping
[2026-03-12 13:12:35]   generating nonsense_chaos_022 (type=chaos, ~89 lines) …
[2026-03-12 13:12:36]     [nonsense_chaos_009] attempt 2: PNG render failed — retrying
[2026-03-12 13:12:38]     [nonsense_chaos_011] OK (lines=28, errors=0)
[2026-03-12 13:12:38]   generating nonsense_chaos_023 (type=chaos, ~63 lines) …
[2026-03-12 13:12:38]     [meaningful_196] attempt 4: PNG render failed — retrying
[2026-03-12 13:12:39]     [nonsense_chaos_019] attempt 1: PNG render failed — retrying
[2026-03-12 13:12:39]     [meaningful_185] attempt 5: PNG render failed — retrying
[2026-03-12 13:12:39]     [meaningful_198] attempt 4: PNG render failed — retrying
[2026-03-12 13:12:40]     [nonsense_chaos_014] OK (lines=19, errors=0)
[2026-03-12 13:12:40]   generating nonsense_chaos_024 (type=chaos, ~12 lines) …
[2026-03-12 13:12:42]     [nonsense_chaos_013] attempt 2: PNG render failed — retrying
[2026-03-12 13:12:42]     [meaningful_194] OK (lines=49, errors=0)
[2026-03-12 13:12:42]   generating nonsense_chaos_025 (type=chaos, ~15 lines) …
[2026-03-12 13:12:43]     [nonsense_chaos_006] attempt 3: PNG render failed — retrying
[2026-03-12 13:12:43]     [nonsense_chaos_004] attempt 3: PNG render failed — retrying
[2026-03-12 13:12:43]     [meaningful_195] attempt 4: PNG render failed — retrying
[2026-03-12 13:12:43]     [meaningful_193] attempt 4: PNG render failed — retrying
[2026-03-12 13:12:43]     [nonsense_chaos_021] OK (lines=31, errors=0)
[2026-03-12 13:12:43]   generating nonsense_chaos_026 (type=chaos, ~18 lines) …
[2026-03-12 13:12:43]     [nonsense_chaos_012] attempt 2: PNG render failed — retrying
[2026-03-12 13:12:43]     [meaningful_185] FAILED after 5 attempts — skipping
[2026-03-12 13:12:43]   generating nonsense_chaos_027 (type=chaos, ~37 lines) …
[2026-03-12 13:12:44]     [nonsense_chaos_000] attempt 4: PNG render failed — retrying
[2026-03-12 13:12:44]     [meaningful_186] attempt 5: PNG render failed — retrying
[2026-03-12 13:12:46]     [meaningful_188] attempt 5: PNG render failed — retrying
[2026-03-12 13:12:48]     [meaningful_186] FAILED after 5 attempts — skipping
[2026-03-12 13:12:48]   generating nonsense_chaos_028 (type=chaos, ~15 lines) …
[2026-03-12 13:12:48]     [nonsense_chaos_020] attempt 1: PNG render failed — retrying
[2026-03-12 13:12:49]     [nonsense_chaos_018] OK (lines=18, errors=0)
[2026-03-12 13:12:49]   generating nonsense_chaos_029 (type=chaos, ~6 lines) …
[2026-03-12 13:12:50]     [meaningful_188] FAILED after 5 attempts — skipping
[2026-03-12 13:12:50]   generating nonsense_chaos_030 (type=chaos, ~39 lines) …
[2026-03-12 13:12:50]     [meaningful_199] attempt 4: PNG render failed — retrying
[2026-03-12 13:12:51]     [meaningful_191] attempt 5: PNG render failed — retrying
[2026-03-12 13:12:52]     [meaningful_196] OK (lines=10, errors=0)
[2026-03-12 13:12:52]   generating nonsense_chaos_031 (type=chaos, ~27 lines) …
[2026-03-12 13:12:53]     [nonsense_chaos_022] attempt 1: PNG render failed — retrying
[2026-03-12 13:12:55]     [nonsense_chaos_023] attempt 1: PNG render failed — retrying
[2026-03-12 13:12:55]     [nonsense_chaos_017] attempt 2: PNG render failed — retrying
[2026-03-12 13:12:55]     [nonsense_chaos_024] attempt 1: PNG render failed — retrying
[2026-03-12 13:12:55]     [meaningful_191] FAILED after 5 attempts — skipping
[2026-03-12 13:12:55]   generating nonsense_chaos_032 (type=chaos, ~44 lines) …
[2026-03-12 13:12:57]     [nonsense_chaos_026] OK (lines=19, errors=0)
[2026-03-12 13:12:57]   generating nonsense_chaos_033 (type=chaos, ~25 lines) …
[2026-03-12 13:12:58]     [nonsense_chaos_025] OK (lines=18, errors=0)
[2026-03-12 13:12:58]   generating nonsense_chaos_034 (type=chaos, ~9 lines) …
[2026-03-12 13:12:58]     [nonsense_chaos_019] attempt 2: PNG render failed — retrying
[2026-03-12 13:12:58]     [nonsense_chaos_009] attempt 3: PNG render failed — retrying
[2026-03-12 13:12:58]     [meaningful_198] attempt 5: PNG render failed — retrying
[2026-03-12 13:12:59]     [nonsense_chaos_027] attempt 1: PNG render failed — retrying
[2026-03-12 13:13:00]     [nonsense_chaos_013] attempt 3: PNG render failed — retrying
[2026-03-12 13:13:02]     [nonsense_chaos_031] OK (lines=41, errors=0)
[2026-03-12 13:13:02]   generating nonsense_chaos_035 (type=chaos, ~79 lines) …
[2026-03-12 13:13:02]     [meaningful_198] FAILED after 5 attempts — skipping
[2026-03-12 13:13:02]   generating nonsense_chaos_036 (type=chaos, ~22 lines) …
[2026-03-12 13:13:03]     [nonsense_chaos_030] OK (lines=33, errors=0)
[2026-03-12 13:13:03]   generating nonsense_chaos_037 (type=chaos, ~25 lines) …
[2026-03-12 13:13:03]     [nonsense_chaos_006] attempt 4: PNG render failed — retrying
[2026-03-12 13:13:03]     [nonsense_chaos_012] attempt 3: PNG render failed — retrying
[2026-03-12 13:13:03]     [nonsense_chaos_034] OK (lines=11, errors=0)
[2026-03-12 13:13:03]   generating nonsense_chaos_038 (type=chaos, ~30 lines) …
[2026-03-12 13:13:03]     [nonsense_chaos_028] attempt 1: PNG render failed — retrying
[2026-03-12 13:13:03]     [nonsense_chaos_004] attempt 4: PNG render failed — retrying
[2026-03-12 13:13:03]     [meaningful_193] attempt 5: PNG render failed — retrying
[2026-03-12 13:13:04]     [meaningful_195] attempt 5: PNG render failed — retrying
[2026-03-12 13:13:04]     [nonsense_chaos_029] attempt 1: PNG render failed — retrying
[2026-03-12 13:13:04]     [nonsense_chaos_000] attempt 5: PNG render failed — retrying
[2026-03-12 13:13:06]     [nonsense_chaos_022] OK (lines=48, errors=0)
[2026-03-12 13:13:06]   generating nonsense_chaos_039 (type=chaos, ~14 lines) …
[2026-03-12 13:13:07]     [meaningful_193] FAILED after 5 attempts — skipping
[2026-03-12 13:13:07]   generating nonsense_chaos_040 (type=chaos, ~22 lines) …
[2026-03-12 13:13:08]     [meaningful_195] FAILED after 5 attempts — skipping
[2026-03-12 13:13:08]   generating nonsense_chaos_041 (type=chaos, ~42 lines) …
[2026-03-12 13:13:08]     [nonsense_chaos_000] FAILED after 5 attempts — skipping
[2026-03-12 13:13:08]   generating nonsense_chaos_042 (type=chaos, ~7 lines) …
[2026-03-12 13:13:08]     [nonsense_chaos_020] attempt 2: PNG render failed — retrying
[2026-03-12 13:13:09]     [nonsense_chaos_033] OK (lines=23, errors=0)
[2026-03-12 13:13:09]   generating nonsense_chaos_043 (type=chaos, ~11 lines) …
[2026-03-12 13:13:11]     [meaningful_199] attempt 5: PNG render failed — retrying
[2026-03-12 13:13:12]     [nonsense_chaos_032] attempt 1: PNG render failed — retrying
[2026-03-12 13:13:12]     [nonsense_chaos_023] OK (lines=44, errors=0)
[2026-03-12 13:13:12]   generating nonsense_chaos_044 (type=chaos, ~17 lines) …
[2026-03-12 13:13:14]     [nonsense_chaos_036] OK (lines=24, errors=0)
[2026-03-12 13:13:14]   generating nonsense_chaos_045 (type=chaos, ~33 lines) …
[2026-03-12 13:13:15]     [nonsense_chaos_024] attempt 2: PNG render failed — retrying
[2026-03-12 13:13:15]     [nonsense_chaos_017] attempt 3: PNG render failed — retrying
[2026-03-12 13:13:15]     [meaningful_199] FAILED after 5 attempts — skipping
[2026-03-12 13:13:15]   generating nonsense_chaos_046 (type=chaos, ~33 lines) …
[2026-03-12 13:13:17]     [nonsense_chaos_019] OK (lines=16, errors=0)
[2026-03-12 13:13:17]   generating nonsense_chaos_047 (type=chaos, ~25 lines) …
[2026-03-12 13:13:19]     [nonsense_chaos_038] attempt 1: PNG render failed — retrying
[2026-03-12 13:13:19]     [nonsense_chaos_037] attempt 1: PNG render failed — retrying
[2026-03-12 13:13:19]     [nonsense_chaos_035] attempt 1: PNG render failed — retrying
[2026-03-12 13:13:19]     [nonsense_chaos_013] attempt 4: PNG render failed — retrying
[2026-03-12 13:13:19]     [nonsense_chaos_027] attempt 2: PNG render failed — retrying
[2026-03-12 13:13:19]     [nonsense_chaos_009] attempt 4: PNG render failed — retrying
[2026-03-12 13:13:21]     [nonsense_chaos_044] OK (lines=17, errors=0)
[2026-03-12 13:13:21]   generating nonsense_chaos_048 (type=chaos, ~44 lines) …
[2026-03-12 13:13:21]     [nonsense_chaos_039] OK (lines=16, errors=0)
[2026-03-12 13:13:21]   generating nonsense_chaos_049 (type=chaos, ~85 lines) …
[2026-03-12 13:13:22]     [nonsense_chaos_006] attempt 5: PNG render failed — retrying
[2026-03-12 13:13:22]     [nonsense_chaos_029] attempt 2: PNG render failed — retrying
[2026-03-12 13:13:23]     [nonsense_chaos_028] attempt 2: PNG render failed — retrying
[2026-03-12 13:13:23]     [nonsense_chaos_042] attempt 1: PNG render failed — retrying
[2026-03-12 13:13:23]     [nonsense_chaos_040] attempt 1: PNG render failed — retrying
[2026-03-12 13:13:23]     [nonsense_chaos_012] attempt 4: PNG render failed — retrying
[2026-03-12 13:13:24]     [nonsense_chaos_004] attempt 5: PNG render failed — retrying
[2026-03-12 13:13:25]     [nonsense_chaos_045] OK (lines=27, errors=0)
[2026-03-12 13:13:25]   generating nonsense_chaos_050 (type=chaos, ~23 lines) …
[2026-03-12 13:13:25]     [nonsense_chaos_043] attempt 1: PNG render failed — retrying
[2026-03-12 13:13:25]     [nonsense_chaos_041] attempt 1: PNG render failed — retrying
[2026-03-12 13:13:26]     [nonsense_chaos_006] FAILED after 5 attempts — skipping
[2026-03-12 13:13:26]   generating nonsense_chaos_051 (type=chaos, ~19 lines) …
[2026-03-12 13:13:27]     [nonsense_chaos_005] attempt 3: PNG render failed — retrying
[2026-03-12 13:13:28]     [nonsense_chaos_004] FAILED after 5 attempts — skipping
[2026-03-12 13:13:28]   generating nonsense_chaos_052 (type=chaos, ~16 lines) …
[2026-03-12 13:13:29]     [nonsense_chaos_038] OK (lines=23, errors=0)
[2026-03-12 13:13:29]   generating nonsense_chaos_053 (type=chaos, ~52 lines) …
[2026-03-12 13:13:31]     [nonsense_chaos_020] attempt 3: PNG render failed — retrying
[2026-03-12 13:13:32]     [nonsense_chaos_046] attempt 1: PNG render failed — retrying
[2026-03-12 13:13:33]     [nonsense_chaos_050] OK (lines=23, errors=0)
[2026-03-12 13:13:33]   generating nonsense_chaos_054 (type=chaos, ~12 lines) …
[2026-03-12 13:13:34]     [nonsense_chaos_013] OK (lines=10, errors=0)
[2026-03-12 13:13:34]   generating nonsense_chaos_055 (type=chaos, ~8 lines) …
[2026-03-12 13:13:34]     [nonsense_chaos_032] attempt 2: PNG render failed — retrying
[2026-03-12 13:13:35]     [nonsense_chaos_047] attempt 1: PNG render failed — retrying
[2026-03-12 13:13:35]     [nonsense_chaos_024] attempt 3: PNG render failed — retrying
[2026-03-12 13:13:35]     [nonsense_chaos_017] attempt 4: PNG render failed — retrying
[2026-03-12 13:13:35]     [nonsense_chaos_043] OK (lines=12, errors=0)
[2026-03-12 13:13:35]   generating nonsense_chaos_056 (type=chaos, ~29 lines) …
[2026-03-12 13:13:38]     [nonsense_chaos_041] OK (lines=27, errors=0)
[2026-03-12 13:13:38]   generating nonsense_chaos_057 (type=chaos, ~13 lines) …
[2026-03-12 13:13:39]     [nonsense_chaos_048] attempt 1: PNG render failed — retrying
[2026-03-12 13:13:39]     [nonsense_chaos_049] attempt 1: PNG render failed — retrying
[2026-03-12 13:13:39]     [nonsense_chaos_009] attempt 5: PNG render failed — retrying
[2026-03-12 13:13:39]     [nonsense_chaos_027] attempt 3: PNG render failed — retrying
[2026-03-12 13:13:39]     [nonsense_chaos_037] attempt 2: PNG render failed — retrying
[2026-03-12 13:13:40]     [nonsense_chaos_035] attempt 2: PNG render failed — retrying
[2026-03-12 13:13:40]     [nonsense_chaos_054] OK (lines=15, errors=0)
[2026-03-12 13:13:40]   generating nonsense_chaos_058 (type=chaos, ~26 lines) …
[2026-03-12 13:13:42]     [nonsense_chaos_029] OK (lines=10, errors=0)
[2026-03-12 13:13:42]   generating nonsense_chaos_059 (type=chaos, ~27 lines) …
[2026-03-12 13:13:43]     [nonsense_chaos_028] attempt 3: PNG render failed — retrying
[2026-03-12 13:13:43]     [nonsense_chaos_051] attempt 1: PNG render failed — retrying
[2026-03-12 13:13:43]     [nonsense_chaos_012] attempt 5: PNG render failed — retrying
[2026-03-12 13:13:43]     [nonsense_chaos_040] attempt 2: PNG render failed — retrying
[2026-03-12 13:13:43]     [nonsense_chaos_009] FAILED after 5 attempts — skipping
[2026-03-12 13:13:43]   generating nonsense_chaos_060 (type=chaos, ~9 lines) …
[2026-03-12 13:13:43]     [nonsense_chaos_042] attempt 2: PNG render failed — retrying
[2026-03-12 13:13:45]     [nonsense_chaos_057] OK (lines=13, errors=0)
[2026-03-12 13:13:45]   generating nonsense_chaos_061 (type=chaos, ~101 lines) …
[2026-03-12 13:13:47]     [nonsense_chaos_012] FAILED after 5 attempts — skipping
[2026-03-12 13:13:47]   generating nonsense_chaos_062 (type=chaos, ~18 lines) …
[2026-03-12 13:13:47]     [nonsense_chaos_052] attempt 1: PNG render failed — retrying
[2026-03-12 13:13:47]     [nonsense_chaos_005] attempt 4: PNG render failed — retrying
[2026-03-12 13:13:48]     [nonsense_chaos_053] attempt 1: PNG render failed — retrying
[2026-03-12 13:13:51]     [nonsense_chaos_055] OK (lines=11, errors=0)
[2026-03-12 13:13:51]   generating nonsense_chaos_063 (type=chaos, ~12 lines) …
[2026-03-12 13:13:51]     [nonsense_chaos_058] OK (lines=27, errors=0)
[2026-03-12 13:13:51]   generating nonsense_chaos_064 (type=chaos, ~42 lines) …
[2026-03-12 13:13:52]     [nonsense_chaos_048] OK (lines=32, errors=0)
[2026-03-12 13:13:52]   generating nonsense_chaos_065 (type=chaos, ~56 lines) …
[2026-03-12 13:13:52]     [nonsense_chaos_046] attempt 2: PNG render failed — retrying
[2026-03-12 13:13:53]     [nonsense_chaos_056] attempt 1: PNG render failed — retrying
[2026-03-12 13:13:53]     [nonsense_chaos_020] attempt 4: PNG render failed — retrying
[2026-03-12 13:13:56]     [nonsense_chaos_024] attempt 4: PNG render failed — retrying
[2026-03-12 13:13:57]     [nonsense_chaos_017] attempt 5: PNG render failed — retrying
[2026-03-12 13:13:58]     [nonsense_chaos_047] attempt 2: PNG render failed — retrying
[2026-03-12 13:13:58]     [nonsense_chaos_032] attempt 3: PNG render failed — retrying
[2026-03-12 13:13:59]     [nonsense_chaos_027] OK (lines=31, errors=0)
[2026-03-12 13:13:59]   generating nonsense_chaos_066 (type=chaos, ~35 lines) …
[2026-03-12 13:13:59]     [nonsense_chaos_060] OK (lines=11, errors=0)
[2026-03-12 13:13:59]   generating nonsense_chaos_067 (type=chaos, ~37 lines) …
[2026-03-12 13:14:01]     [nonsense_chaos_017] FAILED after 5 attempts — skipping
[2026-03-12 13:14:01]   generating nonsense_chaos_068 (type=chaos, ~14 lines) …
[2026-03-12 13:14:02]     [nonsense_chaos_040] OK (lines=21, errors=0)
[2026-03-12 13:14:02]   generating nonsense_chaos_069 (type=chaos, ~60 lines) …
[2026-03-12 13:14:03]     [nonsense_chaos_037] attempt 3: PNG render failed — retrying
[2026-03-12 13:14:03]     [nonsense_chaos_059] attempt 1: PNG render failed — retrying
[2026-03-12 13:14:03]     [nonsense_chaos_049] attempt 2: PNG render failed — retrying
[2026-03-12 13:14:06]     [nonsense_chaos_065] OK (lines=32, errors=0)
[2026-03-12 13:14:06]   generating nonsense_chaos_070 (type=chaos, ~35 lines) …
[2026-03-12 13:14:07]     [nonsense_chaos_035] attempt 3: PNG render failed — retrying
[2026-03-12 13:14:07]     [nonsense_chaos_068] OK (lines=17, errors=0)
[2026-03-12 13:14:07]   generating nonsense_chaos_071 (type=chaos, ~21 lines) …
[2026-03-12 13:14:07]     [nonsense_chaos_051] attempt 2: PNG render failed — retrying
[2026-03-12 13:14:08]     [nonsense_chaos_063] attempt 1: PNG render failed — retrying
[2026-03-12 13:14:08]     [nonsense_chaos_028] attempt 4: PNG render failed — retrying
[2026-03-12 13:14:08]     [nonsense_chaos_042] attempt 3: PNG render failed — retrying
[2026-03-12 13:14:08]     [nonsense_chaos_062] attempt 1: PNG render failed — retrying
[2026-03-12 13:14:09]     [nonsense_chaos_052] attempt 2: PNG render failed — retrying
[2026-03-12 13:14:09]     [nonsense_chaos_061] attempt 1: PNG render failed — retrying
[2026-03-12 13:14:09]     [nonsense_chaos_005] attempt 5: PNG render failed — retrying
[2026-03-12 13:14:09]     [nonsense_chaos_064] attempt 1: PNG render failed — retrying
[2026-03-12 13:14:12]     [nonsense_chaos_053] attempt 2: PNG render failed — retrying
[2026-03-12 13:14:12]     [nonsense_chaos_056] OK (lines=26, errors=0)
[2026-03-12 13:14:12]   generating nonsense_chaos_072 (type=chaos, ~35 lines) …
[2026-03-12 13:14:13]     [nonsense_chaos_005] FAILED after 5 attempts — skipping
[2026-03-12 13:14:13]   generating nonsense_chaos_073 (type=chaos, ~23 lines) …
[2026-03-12 13:14:15]     [nonsense_chaos_071] OK (lines=19, errors=0)
[2026-03-12 13:14:15]   generating nonsense_chaos_074 (type=chaos, ~35 lines) …
[2026-03-12 13:14:16]     [nonsense_chaos_046] attempt 3: PNG render failed — retrying
[2026-03-12 13:14:16]     [nonsense_chaos_020] OK (lines=35, errors=0)
[2026-03-12 13:14:16]   generating nonsense_chaos_075 (type=chaos, ~92 lines) …
[2026-03-12 13:14:17]     [nonsense_chaos_042] OK (lines=9, errors=0)
[2026-03-12 13:14:17]   generating nonsense_chaos_076 (type=chaos, ~26 lines) …
[2026-03-12 13:14:18]     [nonsense_chaos_067] attempt 1: PNG render failed — retrying
[2026-03-12 13:14:18]     [nonsense_chaos_066] attempt 1: PNG render failed — retrying
[2026-03-12 13:14:19]     [nonsense_chaos_024] attempt 5: PNG render failed — retrying
[2026-03-12 13:14:19]     [nonsense_chaos_062] OK (lines=17, errors=0)
[2026-03-12 13:14:19]   generating nonsense_chaos_077 (type=chaos, ~14 lines) …
[2026-03-12 13:14:21]     [nonsense_chaos_032] attempt 4: PNG render failed — retrying
[2026-03-12 13:14:21]     [nonsense_chaos_069] attempt 1: PNG render failed — retrying
[2026-03-12 13:14:21]     [nonsense_chaos_047] attempt 3: PNG render failed — retrying
[2026-03-12 13:14:21]     [nonsense_chaos_049] OK (lines=39, errors=0)
[2026-03-12 13:14:21]   generating nonsense_chaos_078 (type=chaos, ~67 lines) …
[2026-03-12 13:14:23]     [nonsense_chaos_024] FAILED after 5 attempts — skipping
[2026-03-12 13:14:23]   generating nonsense_chaos_079 (type=chaos, ~24 lines) …
[2026-03-12 13:14:25]     [nonsense_chaos_037] attempt 4: PNG render failed — retrying
[2026-03-12 13:14:25]     [nonsense_chaos_070] attempt 1: PNG render failed — retrying
[2026-03-12 13:14:25]     [nonsense_chaos_059] attempt 2: PNG render failed — retrying
[2026-03-12 13:14:27]     [nonsense_chaos_035] OK (lines=36, errors=0)
[2026-03-12 13:14:27]   generating nonsense_chaos_080 (type=chaos, ~57 lines) …
[2026-03-12 13:14:27]     [nonsense_chaos_063] attempt 2: PNG render failed — retrying
[2026-03-12 13:14:27]     [nonsense_chaos_046] OK (lines=25, errors=0)
[2026-03-12 13:14:27]   generating nonsense_chaos_081 (type=chaos, ~15 lines) …
[2026-03-12 13:14:28]     [nonsense_chaos_028] attempt 5: PNG render failed — retrying
[2026-03-12 13:14:28]     [nonsense_chaos_052] attempt 3: PNG render failed — retrying
[2026-03-12 13:14:29]     [nonsense_chaos_072] attempt 1: PNG render failed — retrying
[2026-03-12 13:14:29]     [nonsense_chaos_064] attempt 2: PNG render failed — retrying
[2026-03-12 13:14:29]     [nonsense_chaos_051] attempt 3: PNG render failed — retrying
[2026-03-12 13:14:29]     [nonsense_chaos_073] attempt 1: PNG render failed — retrying
[2026-03-12 13:14:31]     [nonsense_chaos_061] attempt 2: PNG render failed — retrying
[2026-03-12 13:14:32]     [nonsense_chaos_028] FAILED after 5 attempts — skipping
[2026-03-12 13:14:32]   generating nonsense_chaos_082 (type=chaos, ~11 lines) …
[2026-03-12 13:14:32]     [nonsense_chaos_074] attempt 1: PNG render failed — retrying
[2026-03-12 13:14:34]     [nonsense_chaos_076] attempt 1: PNG render failed — retrying
[2026-03-12 13:14:34]     [nonsense_chaos_053] attempt 3: PNG render failed — retrying
[2026-03-12 13:14:34]     [nonsense_chaos_069] OK (lines=36, errors=0)
[2026-03-12 13:14:34]   generating nonsense_chaos_083 (type=chaos, ~14 lines) …
[2026-03-12 13:14:35]     [nonsense_chaos_077] attempt 1: PNG render failed — retrying
[2026-03-12 13:14:37]     [nonsense_chaos_075] attempt 1: PNG render failed — retrying
[2026-03-12 13:14:38]     [nonsense_chaos_078] attempt 1: PNG render failed — retrying
[2026-03-12 13:14:39]     [nonsense_chaos_067] attempt 2: PNG render failed — retrying
[2026-03-12 13:14:39]     [nonsense_chaos_066] attempt 2: PNG render failed — retrying
[2026-03-12 13:14:39]     [nonsense_chaos_079] attempt 1: PNG render failed — retrying
[2026-03-12 13:14:40]     [nonsense_chaos_072] OK (lines=22, errors=0)
[2026-03-12 13:14:40]   generating nonsense_chaos_084 (type=chaos, ~13 lines) …
[2026-03-12 13:14:40]     [nonsense_chaos_059] OK (lines=24, errors=0)
[2026-03-12 13:14:40]   generating nonsense_chaos_085 (type=chaos, ~96 lines) …
[2026-03-12 13:14:42]     [nonsense_chaos_047] attempt 4: PNG render failed — retrying
[2026-03-12 13:14:42]     [nonsense_chaos_064] OK (lines=29, errors=0)
[2026-03-12 13:14:42]   generating nonsense_chaos_086 (type=chaos, ~10 lines) …
[2026-03-12 13:14:42]     [nonsense_chaos_052] OK (lines=17, errors=0)
[2026-03-12 13:14:42]   generating nonsense_chaos_087 (type=chaos, ~19 lines) …
[2026-03-12 13:14:42]     [nonsense_chaos_032] attempt 5: PNG render failed — retrying
[2026-03-12 13:14:44]     [nonsense_chaos_081] attempt 1: PNG render failed — retrying
[2026-03-12 13:14:45]     [nonsense_chaos_070] OK (lines=26, errors=0)
[2026-03-12 13:14:45]   generating nonsense_chaos_088 (type=chaos, ~34 lines) …
[2026-03-12 13:14:46]     [nonsense_chaos_037] attempt 5: PNG render failed — retrying
[2026-03-12 13:14:46]     [nonsense_chaos_063] attempt 3: PNG render failed — retrying
[2026-03-12 13:14:46]     [nonsense_chaos_032] FAILED after 5 attempts — skipping
[2026-03-12 13:14:46]   generating nonsense_chaos_089 (type=chaos, ~44 lines) …
[2026-03-12 13:14:47]     [nonsense_chaos_080] attempt 1: PNG render failed — retrying
[2026-03-12 13:14:48]     [nonsense_chaos_082] OK (lines=13, errors=0)
[2026-03-12 13:14:48]   generating nonsense_chaos_090 (type=chaos, ~19 lines) …
[2026-03-12 13:14:49]     [nonsense_chaos_073] attempt 2: PNG render failed — retrying
[2026-03-12 13:14:49]     [nonsense_chaos_051] attempt 4: PNG render failed — retrying
[2026-03-12 13:14:50]     [nonsense_chaos_037] FAILED after 5 attempts — skipping
[2026-03-12 13:14:50]   generating nonsense_chaos_091 (type=chaos, ~29 lines) …
[2026-03-12 13:14:50]     [nonsense_chaos_053] OK (lines=36, errors=0)
[2026-03-12 13:14:50]   generating nonsense_chaos_092 (type=chaos, ~48 lines) …
[2026-03-12 13:14:52]     [nonsense_chaos_083] OK (lines=16, errors=0)
[2026-03-12 13:14:52]   generating nonsense_chaos_093 (type=chaos, ~8 lines) …
[2026-03-12 13:14:53]     [nonsense_chaos_074] attempt 2: PNG render failed — retrying
[2026-03-12 13:14:54]     [nonsense_chaos_076] attempt 2: PNG render failed — retrying
[2026-03-12 13:14:54]     [nonsense_chaos_061] attempt 3: PNG render failed — retrying
[2026-03-12 13:14:55]     [nonsense_chaos_090] OK (lines=18, errors=0)
[2026-03-12 13:14:55]   generating nonsense_chaos_094 (type=chaos, ~56 lines) …
[2026-03-12 13:14:55]     [nonsense_chaos_077] OK (lines=15, errors=0)
[2026-03-12 13:14:55]   generating nonsense_chaos_095 (type=chaos, ~23 lines) …
[2026-03-12 13:14:57]     [nonsense_chaos_084] attempt 1: PNG render failed — retrying
[2026-03-12 13:14:57]     [nonsense_chaos_086] attempt 1: PNG render failed — retrying
[2026-03-12 13:14:58]     [nonsense_chaos_075] OK (lines=46, errors=0)
[2026-03-12 13:14:58]   generating nonsense_chaos_096 (type=chaos, ~26 lines) …
[2026-03-12 13:15:00]     [nonsense_chaos_067] attempt 3: PNG render failed — retrying
[2026-03-12 13:15:00]     [nonsense_chaos_085] attempt 1: PNG render failed — retrying
[2026-03-12 13:15:00]     [nonsense_chaos_087] attempt 1: PNG render failed — retrying
[2026-03-12 13:15:00]     [nonsense_chaos_079] attempt 2: PNG render failed — retrying
[2026-03-12 13:15:00]     [nonsense_chaos_089] OK (lines=32, errors=0)
[2026-03-12 13:15:00]   generating nonsense_chaos_097 (type=chaos, ~44 lines) …
[2026-03-12 13:15:01]     [nonsense_chaos_078] attempt 2: PNG render failed — retrying
[2026-03-12 13:15:01]     [nonsense_chaos_066] attempt 3: PNG render failed — retrying
[2026-03-12 13:15:01]     [nonsense_chaos_047] attempt 5: PNG render failed — retrying
[2026-03-12 13:15:01]     [nonsense_chaos_088] attempt 1: PNG render failed — retrying
[2026-03-12 13:15:02]     [nonsense_chaos_093] OK (lines=10, errors=0)
[2026-03-12 13:15:02]   generating nonsense_chaos_098 (type=chaos, ~34 lines) …
[2026-03-12 13:15:04]     [nonsense_chaos_081] attempt 2: PNG render failed — retrying
[2026-03-12 13:15:05]     [nonsense_chaos_047] FAILED after 5 attempts — skipping
[2026-03-12 13:15:05]   generating nonsense_chaos_099 (type=chaos, ~168 lines) …
[2026-03-12 13:15:05]     [nonsense_chaos_096] OK (lines=27, errors=0)
[2026-03-12 13:15:05]   generating nonsense_chaos_100 (type=chaos, ~31 lines) …
[2026-03-12 13:15:06]     [nonsense_chaos_063] attempt 4: PNG render failed — retrying
[2026-03-12 13:15:07]     [nonsense_chaos_091] attempt 1: PNG render failed — retrying
[2026-03-12 13:15:07]     [nonsense_chaos_080] OK (lines=44, errors=0)
[2026-03-12 13:15:07]   generating nonsense_chaos_101 (type=chaos, ~20 lines) …
[2026-03-12 13:15:07]     [nonsense_chaos_095] OK (lines=22, errors=0)
[2026-03-12 13:15:07]   generating nonsense_chaos_102 (type=chaos, ~9 lines) …
[2026-03-12 13:15:08]     [nonsense_chaos_092] attempt 1: PNG render failed — retrying
[2026-03-12 13:15:09]     [nonsense_chaos_073] attempt 3: PNG render failed — retrying
[2026-03-12 13:15:10]     [nonsense_chaos_076] OK (lines=26, errors=0)
[2026-03-12 13:15:10]   generating nonsense_chaos_103 (type=chaos, ~19 lines) …
[2026-03-12 13:15:11]     [nonsense_chaos_051] attempt 5: PNG render failed — retrying
[2026-03-12 13:15:12]     [nonsense_chaos_074] attempt 3: PNG render failed — retrying
[2026-03-12 13:15:14]     [nonsense_chaos_094] attempt 1: PNG render failed — retrying
[2026-03-12 13:15:15]     [nonsense_chaos_051] FAILED after 5 attempts — skipping
[2026-03-12 13:15:15]   generating nonsense_chaos_104 (type=chaos, ~14 lines) …
[2026-03-12 13:15:15]     [nonsense_chaos_061] OK (lines=34, errors=0)
[2026-03-12 13:15:15]   generating nonsense_chaos_105 (type=chaos, ~7 lines) …
[2026-03-12 13:15:16]     [nonsense_chaos_086] attempt 2: PNG render failed — retrying
[2026-03-12 13:15:17]     [nonsense_chaos_084] OK (lines=16, errors=0)
[2026-03-12 13:15:17]   generating nonsense_chaos_106 (type=chaos, ~42 lines) …
[2026-03-12 13:15:18]     [nonsense_chaos_097] attempt 1: PNG render failed — retrying
[2026-03-12 13:15:19]     [nonsense_chaos_098] attempt 1: PNG render failed — retrying
[2026-03-12 13:15:19]     [nonsense_chaos_087] attempt 2: PNG render failed — retrying
[2026-03-12 13:15:21]     [nonsense_chaos_081] OK (lines=19, errors=0)
[2026-03-12 13:15:21]   generating nonsense_chaos_107 (type=chaos, ~19 lines) …
[2026-03-12 13:15:21]     [nonsense_chaos_078] attempt 3: PNG render failed — retrying
[2026-03-12 13:15:21]     [nonsense_chaos_066] attempt 4: PNG render failed — retrying
[2026-03-12 13:15:21]     [nonsense_chaos_079] attempt 3: PNG render failed — retrying
[2026-03-12 13:15:23]     [nonsense_chaos_067] attempt 4: PNG render failed — retrying
[2026-03-12 13:15:23]     [nonsense_chaos_100] OK (lines=23, errors=0)
[2026-03-12 13:15:23]   generating nonsense_chaos_108 (type=chaos, ~17 lines) …
[2026-03-12 13:15:23]     [nonsense_chaos_102] attempt 1: PNG render failed — retrying
[2026-03-12 13:15:23]     [nonsense_chaos_099] attempt 1: PNG render failed — retrying
[2026-03-12 13:15:23]     [nonsense_chaos_088] attempt 2: PNG render failed — retrying
[2026-03-12 13:15:24]     [nonsense_chaos_101] OK (lines=22, errors=0)
[2026-03-12 13:15:24]   generating nonsense_chaos_109 (type=chaos, ~27 lines) …
[2026-03-12 13:15:25]     [nonsense_chaos_085] attempt 2: PNG render failed — retrying
[2026-03-12 13:15:25]     [nonsense_chaos_063] attempt 5: PNG render failed — retrying
[2026-03-12 13:15:26]     [nonsense_chaos_103] attempt 1: PNG render failed — retrying
[2026-03-12 13:15:29]     [nonsense_chaos_091] OK (lines=28, errors=0)
[2026-03-12 13:15:29]   generating nonsense_chaos_110 (type=chaos, ~16 lines) …
[2026-03-12 13:15:29]     [nonsense_chaos_105] OK (lines=10, errors=0)
[2026-03-12 13:15:29]   generating nonsense_chaos_111 (type=chaos, ~13 lines) …
[2026-03-12 13:15:29]     [nonsense_chaos_073] attempt 4: PNG render failed — retrying
[2026-03-12 13:15:29]     [nonsense_chaos_063] FAILED after 5 attempts — skipping
[2026-03-12 13:15:29]   generating nonsense_chaos_112 (type=chaos, ~22 lines) …
[2026-03-12 13:15:29]     [nonsense_chaos_092] attempt 2: PNG render failed — retrying
[2026-03-12 13:15:30]     [nonsense_chaos_104] attempt 1: PNG render failed — retrying
[2026-03-12 13:15:33]     [nonsense_chaos_109] OK (lines=26, errors=0)
[2026-03-12 13:15:33]   generating nonsense_chaos_113 (type=chaos, ~7 lines) …
[2026-03-12 13:15:34]     [nonsense_chaos_074] attempt 4: PNG render failed — retrying
[2026-03-12 13:15:34]     [nonsense_chaos_106] attempt 1: PNG render failed — retrying
[2026-03-12 13:15:34]     [nonsense_chaos_094] OK (lines=34, errors=0)
[2026-03-12 13:15:34]   generating nonsense_chaos_114 (type=chaos, ~6 lines) …
[2026-03-12 13:15:35]     [nonsense_chaos_088] OK (lines=27, errors=0)
[2026-03-12 13:15:35]   generating nonsense_chaos_115 (type=chaos, ~66 lines) …
[2026-03-12 13:15:37]     [nonsense_chaos_102] OK (lines=10, errors=0)
[2026-03-12 13:15:37]   generating nonsense_chaos_116 (type=chaos, ~118 lines) …
[2026-03-12 13:15:37]     [nonsense_chaos_086] attempt 3: PNG render failed — retrying
[2026-03-12 13:15:38]     [nonsense_chaos_107] attempt 1: PNG render failed — retrying
[2026-03-12 13:15:39]     [nonsense_chaos_097] attempt 2: PNG render failed — retrying
[2026-03-12 13:15:39]     [nonsense_chaos_108] attempt 1: PNG render failed — retrying
[2026-03-12 13:15:39]     [nonsense_chaos_087] attempt 3: PNG render failed — retrying
[2026-03-12 13:15:40]     [nonsense_chaos_098] attempt 2: PNG render failed — retrying
[2026-03-12 13:15:40]     [nonsense_chaos_114] OK (lines=10, errors=0)
[2026-03-12 13:15:40]   generating nonsense_chaos_117 (type=chaos, ~60 lines) …
[2026-03-12 13:15:42]     [nonsense_chaos_078] attempt 4: PNG render failed — retrying
[2026-03-12 13:15:42]     [nonsense_chaos_066] attempt 5: PNG render failed — retrying
[2026-03-12 13:15:43]     [nonsense_chaos_067] attempt 5: PNG render failed — retrying
[2026-03-12 13:15:43]     [nonsense_chaos_113] OK (lines=11, errors=0)
[2026-03-12 13:15:43]   generating nonsense_chaos_118 (type=chaos, ~6 lines) …
[2026-03-12 13:15:44]     [nonsense_chaos_079] attempt 4: PNG render failed — retrying
[2026-03-12 13:15:44]     [nonsense_chaos_110] attempt 1: PNG render failed — retrying
[2026-03-12 13:15:46]     [nonsense_chaos_111] OK (lines=17, errors=0)
[2026-03-12 13:15:46]   generating nonsense_chaos_119 (type=chaos, ~70 lines) …
[2026-03-12 13:15:46]     [nonsense_chaos_103] attempt 2: PNG render failed — retrying
[2026-03-12 13:15:46]     [nonsense_chaos_112] attempt 1: PNG render failed — retrying
[2026-03-12 13:15:46]     [nonsense_chaos_066] FAILED after 5 attempts — skipping
[2026-03-12 13:15:46]   generating nonsense_chaos_120 (type=chaos, ~45 lines) …
[2026-03-12 13:15:47]     [nonsense_chaos_067] FAILED after 5 attempts — skipping
[2026-03-12 13:15:47]   generating nonsense_chaos_121 (type=chaos, ~31 lines) …
[2026-03-12 13:15:47]     [nonsense_chaos_099] attempt 2: PNG render failed — retrying
[2026-03-12 13:15:47]     [nonsense_chaos_086] OK (lines=12, errors=0)
[2026-03-12 13:15:47]   generating nonsense_chaos_122 (type=chaos, ~15 lines) …
[2026-03-12 13:15:49]     [nonsense_chaos_073] OK (lines=22, errors=0)
[2026-03-12 13:15:49]   generating nonsense_chaos_123 (type=chaos, ~18 lines) …
[2026-03-12 13:15:50]     [nonsense_chaos_104] attempt 2: PNG render failed — retrying
[2026-03-12 13:15:50]     [nonsense_chaos_085] attempt 3: PNG render failed — retrying
[2026-03-12 13:15:53]     [nonsense_chaos_092] attempt 3: PNG render failed — retrying
[2026-03-12 13:15:54]     [nonsense_chaos_115] OK (lines=34, errors=0)
[2026-03-12 13:15:54]   generating nonsense_chaos_124 (type=chaos, ~69 lines) …
[2026-03-12 13:15:54]     [nonsense_chaos_074] attempt 5: PNG render failed — retrying
[2026-03-12 13:15:54]     [nonsense_chaos_116] attempt 1: PNG render failed — retrying
[2026-03-12 13:15:54]     [nonsense_chaos_106] attempt 2: PNG render failed — retrying
[2026-03-12 13:15:54] [openrouter] model=google/gemini-2.0-flash-001 attempt 1 exception: HTTPSConnectionPool(host='openrouter.ai', port=443): Max retries exceeded with url: /api/v1/chat/completions (Caused by SSLError(SSLEOFError(8, 'EOF occurred in violation of protocol (_ssl.c:1129)')))
[2026-03-12 13:15:56]     [nonsense_chaos_112] OK (lines=21, errors=0)
[2026-03-12 13:15:56]   generating nonsense_chaos_125 (type=chaos, ~9 lines) …
[2026-03-12 13:15:57]     [nonsense_chaos_107] OK (lines=17, errors=0)
[2026-03-12 13:15:57]   generating nonsense_chaos_126 (type=chaos, ~26 lines) …
[2026-03-12 13:15:58]     [nonsense_chaos_074] FAILED after 5 attempts — skipping
[2026-03-12 13:15:58]   generating nonsense_chaos_127 (type=chaos, ~58 lines) …
[2026-03-12 13:15:58]     [nonsense_chaos_108] attempt 2: PNG render failed — retrying
[2026-03-12 13:15:58]     [nonsense_chaos_118] attempt 1: PNG render failed — retrying
[2026-03-12 13:15:58]     [nonsense_chaos_087] attempt 4: PNG render failed — retrying
[2026-03-12 13:15:58]     [nonsense_chaos_117] attempt 1: PNG render failed — retrying
[2026-03-12 13:15:59]     [nonsense_chaos_097] attempt 3: PNG render failed — retrying
[2026-03-12 13:15:59]     [nonsense_chaos_098] attempt 3: PNG render failed — retrying
[2026-03-12 13:16:02]     [nonsense_chaos_104] OK (lines=17, errors=0)
[2026-03-12 13:16:02]   generating nonsense_chaos_128 (type=chaos, ~28 lines) …
[2026-03-12 13:16:02]     [nonsense_chaos_078] attempt 5: PNG render failed — retrying
[2026-03-12 13:16:02]     [nonsense_chaos_120] attempt 1: PNG render failed — retrying
[2026-03-12 13:16:03]     [nonsense_chaos_122] attempt 1: PNG render failed — retrying
[2026-03-12 13:16:03]     [nonsense_chaos_121] attempt 1: PNG render failed — retrying
[2026-03-12 13:16:03]     [nonsense_chaos_079] attempt 5: PNG render failed — retrying
[2026-03-12 13:16:03]     [nonsense_chaos_119] attempt 1: PNG render failed — retrying
[2026-03-12 13:16:03]     [nonsense_chaos_110] attempt 2: PNG render failed — retrying
[2026-03-12 13:16:06]     [nonsense_chaos_078] FAILED after 5 attempts — skipping
[2026-03-12 13:16:06]   generating nonsense_chaos_129 (type=chaos, ~59 lines) …
[2026-03-12 13:16:07]     [nonsense_chaos_103] attempt 3: PNG render failed — retrying
[2026-03-12 13:16:07]     [nonsense_chaos_079] FAILED after 5 attempts — skipping
[2026-03-12 13:16:07]   generating nonsense_chaos_130 (type=chaos, ~23 lines) …
[2026-03-12 13:16:07]     [nonsense_chaos_099] OK (lines=45, errors=0)
[2026-03-12 13:16:07]   generating nonsense_chaos_131 (type=chaos, ~15 lines) …
[2026-03-12 13:16:08]     [nonsense_chaos_123] OK (lines=19, errors=0)
[2026-03-12 13:16:08]   generating nonsense_chaos_132 (type=chaos, ~18 lines) …
[2026-03-12 13:16:10]     [nonsense_chaos_087] OK (lines=16, errors=0)
[2026-03-12 13:16:10]   generating nonsense_chaos_133 (type=chaos, ~79 lines) …
[2026-03-12 13:16:11]     [nonsense_chaos_125] attempt 1: PNG render failed — retrying
[2026-03-12 13:16:11]     [nonsense_chaos_085] attempt 4: PNG render failed — retrying
[2026-03-12 13:16:11]     [nonsense_chaos_124] attempt 1: PNG render failed — retrying
[2026-03-12 13:16:14]     [nonsense_chaos_122] OK (lines=19, errors=0)
[2026-03-12 13:16:14]   generating nonsense_chaos_134 (type=chaos, ~47 lines) …
[2026-03-12 13:16:15]     [nonsense_chaos_126] attempt 1: PNG render failed — retrying
[2026-03-12 13:16:15]     [nonsense_chaos_106] attempt 3: PNG render failed — retrying
[2026-03-12 13:16:15]     [nonsense_chaos_127] attempt 1: PNG render failed — retrying
[2026-03-12 13:16:15]     [nonsense_chaos_092] attempt 4: PNG render failed — retrying
[2026-03-12 13:16:16]     [nonsense_chaos_118] OK (lines=11, errors=0)
[2026-03-12 13:16:16]   generating nonsense_chaos_135 (type=chaos, ~13 lines) …
[2026-03-12 13:16:19]     [nonsense_chaos_116] attempt 2: PNG render failed — retrying
[2026-03-12 13:16:19]     [nonsense_chaos_108] attempt 3: PNG render failed — retrying
[2026-03-12 13:16:19]     [nonsense_chaos_128] attempt 1: PNG render failed — retrying
[2026-03-12 13:16:19]     [nonsense_chaos_117] attempt 2: PNG render failed — retrying
[2026-03-12 13:16:19]     [nonsense_chaos_098] attempt 4: PNG render failed — retrying
[2026-03-12 13:16:22]     [nonsense_chaos_134] OK (lines=26, errors=0)
[2026-03-12 13:16:22]   generating nonsense_chaos_136 (type=chaos, ~16 lines) …
[2026-03-12 13:16:23]     [nonsense_chaos_097] attempt 4: PNG render failed — retrying
[2026-03-12 13:16:23]     [nonsense_chaos_120] attempt 2: PNG render failed — retrying
[2026-03-12 13:16:23]     [nonsense_chaos_131] attempt 1: PNG render failed — retrying
[2026-03-12 13:16:23]     [nonsense_chaos_110] attempt 3: PNG render failed — retrying
[2026-03-12 13:16:23]     [nonsense_chaos_132] attempt 1: PNG render failed — retrying
[2026-03-12 13:16:23]     [nonsense_chaos_121] attempt 2: PNG render failed — retrying
[2026-03-12 13:16:23]     [nonsense_chaos_130] attempt 1: PNG render failed — retrying
[2026-03-12 13:16:24]     [nonsense_chaos_119] attempt 2: PNG render failed — retrying
[2026-03-12 13:16:27]     [nonsense_chaos_129] OK (lines=35, errors=0)
[2026-03-12 13:16:27]   generating nonsense_chaos_137 (type=chaos, ~34 lines) …
[2026-03-12 13:16:27]     [nonsense_chaos_103] attempt 4: PNG render failed — retrying
[2026-03-12 13:16:27]     [nonsense_chaos_133] attempt 1: PNG render failed — retrying
[2026-03-12 13:16:28]     [nonsense_chaos_125] OK (lines=12, errors=0)
[2026-03-12 13:16:28]   generating nonsense_chaos_138 (type=chaos, ~10 lines) …
[2026-03-12 13:16:30]     [nonsense_chaos_136] OK (lines=16, errors=0)
[2026-03-12 13:16:30]   generating nonsense_chaos_139 (type=chaos, ~47 lines) …
[2026-03-12 13:16:31]     [nonsense_chaos_135] attempt 1: PNG render failed — retrying
[2026-03-12 13:16:32]     [nonsense_chaos_124] attempt 2: PNG render failed — retrying
[2026-03-12 13:16:33]     [nonsense_chaos_085] attempt 5: PNG render failed — retrying
[2026-03-12 13:16:34]     [nonsense_chaos_108] OK (lines=18, errors=0)
[2026-03-12 13:16:34]   generating nonsense_chaos_140 (type=chaos, ~8 lines) …
[2026-03-12 13:16:34]     [nonsense_chaos_110] OK (lines=19, errors=0)
[2026-03-12 13:16:34]   generating nonsense_chaos_141 (type=chaos, ~57 lines) …
[2026-03-12 13:16:36]     [nonsense_chaos_106] attempt 4: PNG render failed — retrying
[2026-03-12 13:16:36]     [nonsense_chaos_092] attempt 5: PNG render failed — retrying
[2026-03-12 13:16:36]     [nonsense_chaos_126] attempt 2: PNG render failed — retrying
[2026-03-12 13:16:36]     [nonsense_chaos_127] attempt 2: PNG render failed — retrying
[2026-03-12 13:16:37]     [nonsense_chaos_085] FAILED after 5 attempts — skipping
[2026-03-12 13:16:37]   generating nonsense_chaos_142 (type=chaos, ~7 lines) …
[2026-03-12 13:16:38]     [nonsense_chaos_131] OK (lines=19, errors=0)
[2026-03-12 13:16:38]   generating nonsense_chaos_143 (type=chaos, ~9 lines) …
[2026-03-12 13:16:38]     [nonsense_chaos_103] OK (lines=19, errors=0)
[2026-03-12 13:16:38]   generating nonsense_chaos_144 (type=chaos, ~22 lines) …
[2026-03-12 13:16:40]     [nonsense_chaos_128] attempt 2: PNG render failed — retrying
[2026-03-12 13:16:40]     [nonsense_chaos_116] attempt 3: PNG render failed — retrying
[2026-03-12 13:16:40]     [nonsense_chaos_092] FAILED after 5 attempts — skipping
[2026-03-12 13:16:40]   generating nonsense_chaos_145 (type=chaos, ~35 lines) …
[2026-03-12 13:16:40]     [nonsense_chaos_098] attempt 5: PNG render failed — retrying
[2026-03-12 13:16:40]     [nonsense_chaos_117] attempt 3: PNG render failed — retrying
[2026-03-12 13:16:40]     [nonsense_chaos_140] OK (lines=13, errors=0)
[2026-03-12 13:16:40]   generating nonsense_chaos_146 (type=chaos, ~17 lines) …
[2026-03-12 13:16:43]     [nonsense_chaos_132] attempt 2: PNG render failed — retrying
[2026-03-12 13:16:43]     [nonsense_chaos_137] attempt 1: PNG render failed — retrying
[2026-03-12 13:16:43]     [nonsense_chaos_121] attempt 3: PNG render failed — retrying
[2026-03-12 13:16:44]     [nonsense_chaos_120] attempt 3: PNG render failed — retrying
[2026-03-12 13:16:44]     [nonsense_chaos_138] attempt 1: PNG render failed — retrying
[2026-03-12 13:16:44]     [nonsense_chaos_098] FAILED after 5 attempts — skipping
[2026-03-12 13:16:44]   generating nonsense_chaos_147 (type=chaos, ~23 lines) …
[2026-03-12 13:16:44]     [nonsense_chaos_119] attempt 3: PNG render failed — retrying
[2026-03-12 13:16:44]     [nonsense_chaos_130] attempt 2: PNG render failed — retrying
[2026-03-12 13:16:45]     [nonsense_chaos_124] OK (lines=36, errors=0)
[2026-03-12 13:16:45]   generating nonsense_chaos_148 (type=chaos, ~8 lines) …
[2026-03-12 13:16:47]     [nonsense_chaos_145] OK (lines=20, errors=0)
[2026-03-12 13:16:47]   generating nonsense_chaos_149 (type=chaos, ~20 lines) …
[2026-03-12 13:16:47]     [nonsense_chaos_139] attempt 1: PNG render failed — retrying
[2026-03-12 13:16:48]     [nonsense_chaos_133] attempt 2: PNG render failed — retrying
[2026-03-12 13:16:48]     [nonsense_chaos_142] OK (lines=9, errors=0)
[2026-03-12 13:16:48]   generating nonsense_misleading_000 (type=misleading, ~9 lines) …
[2026-03-12 13:16:50]     [nonsense_chaos_135] attempt 2: PNG render failed — retrying
[2026-03-12 13:16:51]     [nonsense_chaos_148] OK (lines=11, errors=0)
[2026-03-12 13:16:51]   generating nonsense_misleading_001 (type=misleading, ~43 lines) …
[2026-03-12 13:16:52]     [nonsense_chaos_141] attempt 1: PNG render failed — retrying
[2026-03-12 13:16:54]     [nonsense_chaos_143] attempt 1: PNG render failed — retrying
[2026-03-12 13:16:54]     [nonsense_chaos_144] attempt 1: PNG render failed — retrying
[2026-03-12 13:16:54]     [nonsense_misleading_000] OK (lines=11, errors=4)
[2026-03-12 13:16:54]   generating nonsense_misleading_002 (type=misleading, ~55 lines) …
[2026-03-12 13:16:56]     [nonsense_chaos_127] attempt 3: PNG render failed — retrying
[2026-03-12 13:16:56]     [nonsense_chaos_126] attempt 3: PNG render failed — retrying
[2026-03-12 13:16:56]     [nonsense_chaos_146] attempt 1: PNG render failed — retrying
[2026-03-12 13:16:59]     [nonsense_chaos_106] attempt 5: PNG render failed — retrying
[2026-03-12 13:16:59]     [nonsense_chaos_149] OK (lines=24, errors=0)
[2026-03-12 13:16:59]   generating nonsense_misleading_003 (type=misleading, ~44 lines) …
[2026-03-12 13:17:00]     [nonsense_chaos_147] attempt 1: PNG render failed — retrying
[2026-03-12 13:17:00]     [nonsense_chaos_117] attempt 4: PNG render failed — retrying
[2026-03-12 13:17:00]     [nonsense_chaos_128] attempt 3: PNG render failed — retrying
[2026-03-12 13:17:01]     [nonsense_chaos_133] OK (lines=37, errors=0)
[2026-03-12 13:17:01]   generating nonsense_misleading_004 (type=misleading, ~20 lines) …
[2026-03-12 13:17:01]     [nonsense_chaos_116] attempt 4: PNG render failed — retrying
[2026-03-12 13:17:02]     [nonsense_chaos_138] OK (lines=12, errors=0)
[2026-03-12 13:17:02]   generating nonsense_misleading_005 (type=misleading, ~52 lines) …
[2026-03-12 13:17:03]     [nonsense_chaos_106] FAILED after 5 attempts — skipping
[2026-03-12 13:17:03]   generating nonsense_misleading_006 (type=misleading, ~10 lines) …
[2026-03-12 13:17:04]     [nonsense_chaos_132] attempt 3: PNG render failed — retrying
[2026-03-12 13:17:04]     [nonsense_chaos_130] attempt 3: PNG render failed — retrying
[2026-03-12 13:17:04]     [nonsense_chaos_121] attempt 4: PNG render failed — retrying
[2026-03-12 13:17:04]     [nonsense_chaos_137] attempt 2: PNG render failed — retrying
[2026-03-12 13:17:04]     [nonsense_chaos_120] attempt 4: PNG render failed — retrying
[2026-03-12 13:17:05]     [nonsense_chaos_119] attempt 4: PNG render failed — retrying
[2026-03-12 13:17:08]     [nonsense_chaos_139] attempt 2: PNG render failed — retrying
[2026-03-12 13:17:08]     [nonsense_misleading_001] attempt 1: PNG render failed — retrying
[2026-03-12 13:17:08]     [nonsense_chaos_126] OK (lines=22, errors=0)
[2026-03-12 13:17:08]   generating nonsense_misleading_007 (type=misleading, ~38 lines) …
[2026-03-12 13:17:10]     [nonsense_chaos_135] attempt 3: PNG render failed — retrying
[2026-03-12 13:17:11]     [nonsense_misleading_006] OK (lines=15, errors=7)
[2026-03-12 13:17:11]   generating nonsense_misleading_008 (type=misleading, ~67 lines) …
[2026-03-12 13:17:12]     [nonsense_chaos_143] attempt 2: PNG render failed — retrying
[2026-03-12 13:17:13]     [nonsense_chaos_141] attempt 2: PNG render failed — retrying
[2026-03-12 13:17:14]     [nonsense_misleading_002] attempt 1: PNG render failed — retrying
[2026-03-12 13:17:14]     [nonsense_chaos_144] attempt 2: PNG render failed — retrying
[2026-03-12 13:17:14]     [nonsense_misleading_003] OK (lines=21, errors=28)
[2026-03-12 13:17:14]   generating nonsense_misleading_009 (type=misleading, ~16 lines) …
[2026-03-12 13:17:15]     [nonsense_chaos_128] OK (lines=28, errors=0)
[2026-03-12 13:17:15]   generating nonsense_misleading_010 (type=misleading, ~134 lines) …
[2026-03-12 13:17:16] [openrouter] model=google/gemini-2.0-flash-001 attempt 1 exception: HTTPSConnectionPool(host='openrouter.ai', port=443): Max retries exceeded with url: /api/v1/chat/completions (Caused by SSLError(SSLEOFError(8, 'EOF occurred in violation of protocol (_ssl.c:1129)')))
[2026-03-12 13:17:16]     [nonsense_chaos_146] attempt 2: PNG render failed — retrying
[2026-03-12 13:17:18]     [nonsense_chaos_116] OK (lines=38, errors=0)
[2026-03-12 13:17:18]   generating nonsense_misleading_011 (type=misleading, ~42 lines) …
[2026-03-12 13:17:18]     [nonsense_chaos_127] attempt 4: PNG render failed — retrying
[2026-03-12 13:17:19]     [nonsense_misleading_005] attempt 1: PNG render failed — retrying
[2026-03-12 13:17:21]     [nonsense_chaos_117] attempt 5: PNG render failed — retrying
[2026-03-12 13:17:22]     [nonsense_misleading_004] attempt 1: PNG render failed — retrying
[2026-03-12 13:17:22]     [nonsense_chaos_143] OK (lines=12, errors=0)
[2026-03-12 13:17:22]   generating nonsense_misleading_012 (type=misleading, ~8 lines) …
[2026-03-12 13:17:23]     [nonsense_chaos_132] attempt 4: PNG render failed — retrying
[2026-03-12 13:17:24]     [nonsense_chaos_130] attempt 4: PNG render failed — retrying
[2026-03-12 13:17:24]     [nonsense_chaos_121] OK (lines=27, errors=0)
[2026-03-12 13:17:24]   generating nonsense_misleading_013 (type=misleading, ~41 lines) …
[2026-03-12 13:17:25]     [nonsense_chaos_137] attempt 3: PNG render failed — retrying
[2026-03-12 13:17:25]     [nonsense_misleading_007] attempt 1: PNG render failed — retrying
[2026-03-12 13:17:25]     [nonsense_chaos_120] attempt 5: PNG render failed — retrying
[2026-03-12 13:17:25]     [nonsense_chaos_117] FAILED after 5 attempts — skipping
[2026-03-12 13:17:25]   generating nonsense_misleading_014 (type=misleading, ~37 lines) …
[2026-03-12 13:17:26]     [nonsense_chaos_119] OK (lines=30, errors=0)
[2026-03-12 13:17:26]   generating nonsense_misleading_015 (type=misleading, ~10 lines) …
[2026-03-12 13:17:29]     [nonsense_chaos_097] attempt 5: PNG render failed — retrying
[2026-03-12 13:17:29]     [nonsense_chaos_135] attempt 4: PNG render failed — retrying
[2026-03-12 13:17:29]     [nonsense_misleading_008] OK (lines=38, errors=7)
[2026-03-12 13:17:29]   generating nonsense_misleading_016 (type=misleading, ~19 lines) …
[2026-03-12 13:17:29]     [nonsense_chaos_120] FAILED after 5 attempts — skipping
[2026-03-12 13:17:29]   generating nonsense_misleading_017 (type=misleading, ~11 lines) …
[2026-03-12 13:17:29]     [nonsense_chaos_139] attempt 3: PNG render failed — retrying
[2026-03-12 13:17:32]     [nonsense_misleading_009] attempt 1: PNG render failed — retrying
[2026-03-12 13:17:32]     [nonsense_misleading_013] OK (lines=17, errors=5)
[2026-03-12 13:17:32]   generating nonsense_misleading_018 (type=misleading, ~27 lines) …
[2026-03-12 13:17:33]     [nonsense_chaos_097] FAILED after 5 attempts — skipping
[2026-03-12 13:17:33]   generating nonsense_misleading_019 (type=misleading, ~19 lines) …
[2026-03-12 13:17:34]     [nonsense_chaos_144] attempt 3: PNG render failed — retrying
[2026-03-12 13:17:34]     [nonsense_misleading_012] OK (lines=11, errors=7)
[2026-03-12 13:17:34]   generating nonsense_misleading_020 (type=misleading, ~35 lines) …
[2026-03-12 13:17:34]     [nonsense_chaos_141] attempt 3: PNG render failed — retrying
[2026-03-12 13:17:36]     [nonsense_misleading_011] attempt 1: PNG render failed — retrying
[2026-03-12 13:17:36]     [nonsense_chaos_146] attempt 3: PNG render failed — retrying
[2026-03-12 13:17:36]     [nonsense_misleading_001] attempt 2: PNG render failed — retrying
[2026-03-12 13:17:37]     [nonsense_misleading_002] attempt 2: PNG render failed — retrying
[2026-03-12 13:17:38]     [nonsense_misleading_004] OK (lines=15, errors=7)
[2026-03-12 13:17:38]   generating nonsense_misleading_021 (type=misleading, ~46 lines) …
[2026-03-12 13:17:40]     [nonsense_misleading_018] OK (lines=17, errors=8)
[2026-03-12 13:17:40]   generating nonsense_misleading_022 (type=misleading, ~25 lines) …
[2026-03-12 13:17:40]     [nonsense_chaos_127] attempt 5: PNG render failed — retrying
[2026-03-12 13:17:41]     [nonsense_misleading_020] OK (lines=18, errors=6)
[2026-03-12 13:17:41]   generating nonsense_misleading_023 (type=misleading, ~26 lines) …
[2026-03-12 13:17:42]     [nonsense_misleading_010] attempt 1: PNG render failed — retrying
[2026-03-12 13:17:42]     [nonsense_misleading_014] attempt 1: PNG render failed — retrying
[2026-03-12 13:17:43]     [nonsense_misleading_005] attempt 2: PNG render failed — retrying
[2026-03-12 13:17:43]     [nonsense_chaos_132] attempt 5: PNG render failed — retrying
[2026-03-12 13:17:44]     [nonsense_chaos_127] FAILED after 5 attempts — skipping
[2026-03-12 13:17:44]   generating nonsense_misleading_024 (type=misleading, ~45 lines) …
[2026-03-12 13:17:45]     [nonsense_chaos_130] attempt 5: PNG render failed — retrying
[2026-03-12 13:17:45]     [nonsense_chaos_135] OK (lines=16, errors=0)
[2026-03-12 13:17:45]   generating nonsense_misleading_025 (type=misleading, ~15 lines) …
[2026-03-12 13:17:46]     [nonsense_misleading_007] attempt 2: PNG render failed — retrying
[2026-03-12 13:17:46]     [nonsense_misleading_016] attempt 1: PNG render failed — retrying
[2026-03-12 13:17:46]     [nonsense_chaos_137] attempt 4: PNG render failed — retrying
[2026-03-12 13:17:46]     [nonsense_misleading_015] OK (lines=15, errors=23)
[2026-03-12 13:17:46]   generating nonsense_misleading_026 (type=misleading, ~58 lines) …
[2026-03-12 13:17:47]     [nonsense_chaos_132] FAILED after 5 attempts — skipping
[2026-03-12 13:17:47]   generating nonsense_misleading_027 (type=misleading, ~22 lines) …
[2026-03-12 13:17:49]     [nonsense_chaos_130] FAILED after 5 attempts — skipping
[2026-03-12 13:17:49]   generating nonsense_misleading_028 (type=misleading, ~80 lines) …
[2026-03-12 13:17:49]     [nonsense_misleading_019] OK (lines=16, errors=7)
[2026-03-12 13:17:49]   generating nonsense_misleading_029 (type=misleading, ~41 lines) …
[2026-03-12 13:17:50]     [nonsense_misleading_011] OK (lines=37, errors=7)
[2026-03-12 13:17:50]   generating nonsense_misleading_030 (type=misleading, ~37 lines) …
[2026-03-12 13:17:50]     [nonsense_chaos_139] attempt 4: PNG render failed — retrying
[2026-03-12 13:17:51]     [nonsense_misleading_017] attempt 1: PNG render failed — retrying
[2026-03-12 13:17:52]     [nonsense_misleading_009] attempt 2: PNG render failed — retrying
[2026-03-12 13:17:53]     [nonsense_chaos_141] OK (lines=20, errors=0)
[2026-03-12 13:17:53]   generating nonsense_misleading_031 (type=misleading, ~14 lines) …
[2026-03-12 13:17:53]     [nonsense_chaos_144] attempt 4: PNG render failed — retrying
[2026-03-12 13:17:54]     [nonsense_misleading_021] attempt 1: PNG render failed — retrying
[2026-03-12 13:17:56]     [nonsense_chaos_146] attempt 4: PNG render failed — retrying
[2026-03-12 13:17:57]     [nonsense_misleading_025] OK (lines=16, errors=6)
[2026-03-12 13:17:57]   generating nonsense_misleading_032 (type=misleading, ~28 lines) …
[2026-03-12 13:17:59]     [nonsense_misleading_002] attempt 3: PNG render failed — retrying
[2026-03-12 13:17:59]     [nonsense_misleading_001] attempt 3: PNG render failed — retrying
[2026-03-12 13:18:00]     [nonsense_misleading_005] OK (lines=16, errors=24)
[2026-03-12 13:18:00]   generating nonsense_misleading_033 (type=misleading, ~22 lines) …
[2026-03-12 13:18:00]     [nonsense_misleading_023] attempt 1: PNG render failed — retrying
[2026-03-12 13:18:02]     [nonsense_misleading_010] OK (lines=52, errors=7)
[2026-03-12 13:18:02]   generating nonsense_misleading_034 (type=misleading, ~23 lines) …
[2026-03-12 13:18:03]     [nonsense_misleading_024] attempt 1: PNG render failed — retrying
[2026-03-12 13:18:03]     [nonsense_misleading_026] attempt 1: PNG render failed — retrying
[2026-03-12 13:18:03]     [nonsense_misleading_022] attempt 1: PNG render failed — retrying
[2026-03-12 13:18:03]     [nonsense_misleading_014] attempt 2: PNG render failed — retrying
[2026-03-12 13:18:04]     [nonsense_misleading_030] OK (lines=24, errors=33)
[2026-03-12 13:18:04]   generating nonsense_misleading_035 (type=misleading, ~28 lines) …
[2026-03-12 13:18:04]     [nonsense_misleading_027] attempt 1: PNG render failed — retrying
[2026-03-12 13:18:05]     [nonsense_misleading_016] OK (lines=17, errors=5)
[2026-03-12 13:18:05]   generating nonsense_misleading_036 (type=misleading, ~13 lines) …
[2026-03-12 13:18:06]     [nonsense_chaos_147] attempt 2: PNG render failed — retrying
[2026-03-12 13:18:07]     [nonsense_chaos_137] attempt 5: PNG render failed — retrying
[2026-03-12 13:18:07]     [nonsense_misleading_007] attempt 3: PNG render failed — retrying
[2026-03-12 13:18:09]     [nonsense_misleading_031] OK (lines=15, errors=7)
[2026-03-12 13:18:09]   generating nonsense_misleading_037 (type=misleading, ~29 lines) …
[2026-03-12 13:18:09]     [nonsense_misleading_021] OK (lines=20, errors=7)
[2026-03-12 13:18:09]   generating nonsense_misleading_038 (type=misleading, ~16 lines) …
[2026-03-12 13:18:11]     [nonsense_misleading_029] attempt 1: PNG render failed — retrying
[2026-03-12 13:18:11]     [nonsense_chaos_137] FAILED after 5 attempts — skipping
[2026-03-12 13:18:11]   generating nonsense_misleading_039 (type=misleading, ~8 lines) …
[2026-03-12 13:18:11]     [nonsense_chaos_139] attempt 5: PNG render failed — retrying
[2026-03-12 13:18:11]     [nonsense_misleading_017] attempt 2: PNG render failed — retrying
[2026-03-12 13:18:12]     [nonsense_misleading_009] attempt 3: PNG render failed — retrying
[2026-03-12 13:18:12]     [nonsense_misleading_028] attempt 1: PNG render failed — retrying
[2026-03-12 13:18:13]     [nonsense_misleading_036] OK (lines=15, errors=5)
[2026-03-12 13:18:13]   generating nonsense_misleading_040 (type=misleading, ~44 lines) …
[2026-03-12 13:18:14]     [nonsense_misleading_032] attempt 1: PNG render failed — retrying
[2026-03-12 13:18:14]     [nonsense_chaos_144] attempt 5: PNG render failed — retrying
[2026-03-12 13:18:15]     [nonsense_chaos_146] OK (lines=16, errors=0)
[2026-03-12 13:18:15]   generating nonsense_misleading_041 (type=misleading, ~35 lines) …
[2026-03-12 13:18:15]     [nonsense_chaos_139] FAILED after 5 attempts — skipping
[2026-03-12 13:18:15]   generating nonsense_misleading_042 (type=misleading, ~18 lines) …
[2026-03-12 13:18:16]     [nonsense_misleading_033] OK (lines=18, errors=8)
[2026-03-12 13:18:16]   generating nonsense_misleading_043 (type=misleading, ~23 lines) …
[2026-03-12 13:18:18]     [nonsense_misleading_034] attempt 1: PNG render failed — retrying
[2026-03-12 13:18:18]     [nonsense_misleading_022] OK (lines=15, errors=6)
[2026-03-12 13:18:18]   generating nonsense_misleading_044 (type=misleading, ~69 lines) …
[2026-03-12 13:18:18]     [nonsense_chaos_144] FAILED after 5 attempts — skipping
[2026-03-12 13:18:18]   generating nonsense_misleading_045 (type=misleading, ~22 lines) …
[2026-03-12 13:18:19]     [nonsense_misleading_002] attempt 4: PNG render failed — retrying
[2026-03-12 13:18:21]     [nonsense_misleading_035] attempt 1: PNG render failed — retrying
[2026-03-12 13:18:22]     [nonsense_misleading_023] attempt 2: PNG render failed — retrying
[2026-03-12 13:18:22]     [nonsense_misleading_001] attempt 4: PNG render failed — retrying
[2026-03-12 13:18:24]     [nonsense_misleading_014] attempt 3: PNG render failed — retrying
[2026-03-12 13:18:25]     [nonsense_chaos_147] attempt 3: PNG render failed — retrying
[2026-03-12 13:18:25]     [nonsense_misleading_026] attempt 2: PNG render failed — retrying
[2026-03-12 13:18:25]     [nonsense_misleading_027] attempt 2: PNG render failed — retrying
[2026-03-12 13:18:26]     [nonsense_misleading_038] attempt 1: PNG render failed — retrying
[2026-03-12 13:18:26]     [nonsense_misleading_037] attempt 1: PNG render failed — retrying
[2026-03-12 13:18:27]     [nonsense_misleading_024] attempt 2: PNG render failed — retrying
[2026-03-12 13:18:29]     [nonsense_misleading_041] OK (lines=31, errors=7)
[2026-03-12 13:18:29]   generating nonsense_misleading_046 (type=misleading, ~48 lines) …
[2026-03-12 13:18:30]     [nonsense_misleading_007] attempt 4: PNG render failed — retrying
[2026-03-12 13:18:30]     [nonsense_misleading_040] attempt 1: PNG render failed — retrying
[2026-03-12 13:18:33]     [nonsense_misleading_043] attempt 1: PNG render failed — retrying
[2026-03-12 13:18:33]     [nonsense_misleading_029] attempt 2: PNG render failed — retrying
[2026-03-12 13:18:34]     [nonsense_misleading_042] OK (lines=17, errors=25)
[2026-03-12 13:18:34]   generating nonsense_misleading_047 (type=misleading, ~47 lines) …
[2026-03-12 13:18:34]     [nonsense_misleading_017] attempt 3: PNG render failed — retrying
[2026-03-12 13:18:34]     [nonsense_misleading_032] attempt 2: PNG render failed — retrying
[2026-03-12 13:18:35]     [nonsense_misleading_009] attempt 4: PNG render failed — retrying
[2026-03-12 13:18:35]     [nonsense_misleading_028] attempt 2: PNG render failed — retrying
[2026-03-12 13:18:36]     [nonsense_misleading_046] OK (lines=16, errors=7)
[2026-03-12 13:18:36]   generating nonsense_misleading_048 (type=misleading, ~20 lines) …
[2026-03-12 13:18:36]     [nonsense_misleading_044] attempt 1: PNG render failed — retrying
[2026-03-12 13:18:38]     [nonsense_misleading_034] OK (lines=19, errors=7)
[2026-03-12 13:18:38]   generating nonsense_misleading_049 (type=misleading, ~19 lines) …
[2026-03-12 13:18:38]     [nonsense_misleading_045] attempt 1: PNG render failed — retrying
[2026-03-12 13:18:41]     [nonsense_misleading_035] OK (lines=19, errors=7)
[2026-03-12 13:18:41]   generating nonsense_misleading_050 (type=misleading, ~18 lines) …
[2026-03-12 13:18:42]     [nonsense_misleading_002] attempt 5: PNG render failed — retrying
[2026-03-12 13:18:42]     [nonsense_misleading_023] attempt 3: PNG render failed — retrying
[2026-03-12 13:18:43]     [nonsense_misleading_001] attempt 5: PNG render failed — retrying
[2026-03-12 13:18:45]     [nonsense_misleading_048] OK (lines=17, errors=7)
[2026-03-12 13:18:45]   generating nonsense_misleading_051 (type=misleading, ~25 lines) …
[2026-03-12 13:18:46]     [nonsense_misleading_014] attempt 4: PNG render failed — retrying
[2026-03-12 13:18:46]     [nonsense_misleading_002] FAILED after 5 attempts — skipping
[2026-03-12 13:18:46]   generating nonsense_misleading_052 (type=misleading, ~15 lines) …
[2026-03-12 13:18:46]     [nonsense_misleading_038] attempt 2: PNG render failed — retrying
[2026-03-12 13:18:46]     [nonsense_chaos_147] attempt 4: PNG render failed — retrying
[2026-03-12 13:18:46]     [nonsense_misleading_027] attempt 3: PNG render failed — retrying
[2026-03-12 13:18:46]     [nonsense_misleading_029] OK (lines=20, errors=8)
[2026-03-12 13:18:46]   generating nonsense_misleading_053 (type=misleading, ~46 lines) …
[2026-03-12 13:18:47]     [nonsense_misleading_037] attempt 2: PNG render failed — retrying
[2026-03-12 13:18:47]     [nonsense_misleading_024] attempt 3: PNG render failed — retrying
[2026-03-12 13:18:47]     [nonsense_misleading_001] FAILED after 5 attempts — skipping
[2026-03-12 13:18:47]   generating nonsense_misleading_054 (type=misleading, ~18 lines) …
[2026-03-12 13:18:47]     [nonsense_misleading_026] attempt 3: PNG render failed — retrying
[2026-03-12 13:18:50]     [nonsense_misleading_047] attempt 1: PNG render failed — retrying
[2026-03-12 13:18:50]     [nonsense_misleading_007] attempt 5: PNG render failed — retrying
[2026-03-12 13:18:50]     [nonsense_misleading_040] attempt 2: PNG render failed — retrying
[2026-03-12 13:18:51]     [nonsense_misleading_051] OK (lines=15, errors=7)
[2026-03-12 13:18:51]   generating nonsense_misleading_055 (type=misleading, ~22 lines) …
[2026-03-12 13:18:54]     [nonsense_misleading_017] attempt 4: PNG render failed — retrying
[2026-03-12 13:18:54]     [nonsense_misleading_007] FAILED after 5 attempts — skipping
[2026-03-12 13:18:54]   generating nonsense_misleading_056 (type=misleading, ~22 lines) …
[2026-03-12 13:18:55]     [nonsense_misleading_032] OK (lines=20, errors=5)
[2026-03-12 13:18:55]   generating nonsense_misleading_057 (type=misleading, ~45 lines) …
[2026-03-12 13:18:55]     [nonsense_misleading_009] attempt 5: PNG render failed — retrying
[2026-03-12 13:18:55]     [nonsense_misleading_043] attempt 2: PNG render failed — retrying
[2026-03-12 13:18:55]     [nonsense_misleading_049] attempt 1: PNG render failed — retrying
[2026-03-12 13:18:58]     [nonsense_chaos_147] OK (lines=22, errors=0)
[2026-03-12 13:18:58]   generating nonsense_misleading_058 (type=misleading, ~33 lines) …
[2026-03-12 13:18:58]     [nonsense_misleading_052] OK (lines=17, errors=6)
[2026-03-12 13:18:58]   generating nonsense_misleading_059 (type=misleading, ~7 lines) …
[2026-03-12 13:18:59]     [nonsense_misleading_028] attempt 3: PNG render failed — retrying
[2026-03-12 13:18:59]     [nonsense_misleading_009] FAILED after 5 attempts — skipping
[2026-03-12 13:18:59]   generating nonsense_misleading_060 (type=misleading, ~9 lines) …
[2026-03-12 13:18:59]     [nonsense_misleading_045] attempt 2: PNG render failed — retrying
[2026-03-12 13:19:00]     [nonsense_misleading_044] attempt 2: PNG render failed — retrying
[2026-03-12 13:19:01]     [nonsense_misleading_026] OK (lines=26, errors=7)
[2026-03-12 13:19:01]   generating nonsense_misleading_061 (type=misleading, ~24 lines) …
[2026-03-12 13:19:03]     [nonsense_misleading_054] attempt 1: PNG render failed — retrying
[2026-03-12 13:19:03]     [nonsense_misleading_023] attempt 4: PNG render failed — retrying
[2026-03-12 13:19:03]     [nonsense_misleading_050] attempt 1: PNG render failed — retrying
[2026-03-12 13:19:06]     [nonsense_misleading_017] OK (lines=13, errors=5)
[2026-03-12 13:19:06]   generating nonsense_misleading_062 (type=misleading, ~33 lines) …
[2026-03-12 13:19:06]     [nonsense_misleading_058] OK (lines=17, errors=6)
[2026-03-12 13:19:06]   generating nonsense_misleading_063 (type=misleading, ~30 lines) …
[2026-03-12 13:19:07]     [nonsense_misleading_038] attempt 3: PNG render failed — retrying
[2026-03-12 13:19:07]     [nonsense_misleading_027] attempt 4: PNG render failed — retrying
[2026-03-12 13:19:08]     [nonsense_misleading_047] OK (lines=37, errors=6)
[2026-03-12 13:19:08]   generating nonsense_misleading_064 (type=misleading, ~37 lines) …
[2026-03-12 13:19:08]     [nonsense_misleading_055] attempt 1: PNG render failed — retrying
[2026-03-12 13:19:08]     [nonsense_misleading_037] attempt 3: PNG render failed — retrying
[2026-03-12 13:19:09]     [nonsense_misleading_024] attempt 4: PNG render failed — retrying
[2026-03-12 13:19:09]     [nonsense_misleading_014] attempt 5: PNG render failed — retrying
[2026-03-12 13:19:11]     [nonsense_misleading_053] OK (lines=17, errors=24)
[2026-03-12 13:19:11]   generating nonsense_misleading_065 (type=misleading, ~42 lines) …
[2026-03-12 13:19:12]     [nonsense_misleading_056] attempt 1: PNG render failed — retrying
[2026-03-12 13:19:12]     [nonsense_misleading_057] OK (lines=25, errors=7)
[2026-03-12 13:19:12]   generating nonsense_misleading_066 (type=misleading, ~33 lines) …
[2026-03-12 13:19:13]     [nonsense_misleading_014] FAILED after 5 attempts — skipping
[2026-03-12 13:19:13]   generating nonsense_misleading_067 (type=misleading, ~43 lines) …
[2026-03-12 13:19:13]     [nonsense_misleading_039] attempt 1: PNG render failed — retrying
[2026-03-12 13:19:16]     [nonsense_misleading_049] attempt 2: PNG render failed — retrying
[2026-03-12 13:19:16]     [nonsense_misleading_059] attempt 1: PNG render failed — retrying
[2026-03-12 13:19:16]     [nonsense_misleading_060] attempt 1: PNG render failed — retrying
[2026-03-12 13:19:16]     [nonsense_misleading_061] OK (lines=21, errors=5)
[2026-03-12 13:19:16]   generating nonsense_misleading_068 (type=misleading, ~12 lines) …
[2026-03-12 13:19:17]     [nonsense_misleading_065] OK (lines=13, errors=5)
[2026-03-12 13:19:17]   generating nonsense_misleading_069 (type=misleading, ~30 lines) …
[2026-03-12 13:19:17]     [nonsense_misleading_043] attempt 3: PNG render failed — retrying
[2026-03-12 13:19:20]     [nonsense_misleading_045] attempt 3: PNG render failed — retrying
[2026-03-12 13:19:21]     [nonsense_misleading_066] OK (lines=16, errors=24)
[2026-03-12 13:19:21]   generating nonsense_misleading_070 (type=misleading, ~32 lines) …
[2026-03-12 13:19:23]     [nonsense_misleading_062] attempt 1: PNG render failed — retrying
[2026-03-12 13:19:24]     [nonsense_misleading_054] attempt 2: PNG render failed — retrying
[2026-03-12 13:19:24]     [nonsense_misleading_063] attempt 1: PNG render failed — retrying
[2026-03-12 13:19:24]     [nonsense_misleading_050] attempt 2: PNG render failed — retrying
[2026-03-12 13:19:24]     [nonsense_misleading_067] OK (lines=16, errors=8)
[2026-03-12 13:19:24]   generating nonsense_misleading_071 (type=misleading, ~18 lines) …
[2026-03-12 13:19:24]     [nonsense_misleading_064] attempt 1: PNG render failed — retrying
[2026-03-12 13:19:24]     [nonsense_misleading_023] attempt 5: PNG render failed — retrying
[2026-03-12 13:19:25]     [nonsense_misleading_044] attempt 3: PNG render failed — retrying
[2026-03-12 13:19:27]     [nonsense_misleading_060] OK (lines=11, errors=5)
[2026-03-12 13:19:27]   generating nonsense_misleading_072 (type=misleading, ~16 lines) …
[2026-03-12 13:19:28]     [nonsense_misleading_028] attempt 4: PNG render failed — retrying
[2026-03-12 13:19:28]     [nonsense_misleading_038] attempt 4: PNG render failed — retrying
[2026-03-12 13:19:28]     [nonsense_misleading_027] attempt 5: PNG render failed — retrying
[2026-03-12 13:19:28]     [nonsense_misleading_023] FAILED after 5 attempts — skipping
[2026-03-12 13:19:28]   generating nonsense_misleading_073 (type=misleading, ~42 lines) …
[2026-03-12 13:19:28]     [nonsense_misleading_055] attempt 2: PNG render failed — retrying
[2026-03-12 13:19:28]     [nonsense_misleading_037] OK (lines=14, errors=7)
[2026-03-12 13:19:28]   generating nonsense_misleading_074 (type=misleading, ~8 lines) …
[2026-03-12 13:19:29]     [nonsense_misleading_024] attempt 5: PNG render failed — retrying
[2026-03-12 13:19:32]     [nonsense_misleading_027] FAILED after 5 attempts — skipping
[2026-03-12 13:19:32]   generating nonsense_misleading_075 (type=misleading, ~13 lines) …
[2026-03-12 13:19:32]     [nonsense_misleading_049] OK (lines=19, errors=6)
[2026-03-12 13:19:32]   generating nonsense_misleading_076 (type=misleading, ~17 lines) …
[2026-03-12 13:19:32]     [nonsense_misleading_056] attempt 2: PNG render failed — retrying
[2026-03-12 13:19:32]     [nonsense_misleading_068] attempt 1: PNG render failed — retrying
[2026-03-12 13:19:32]     [nonsense_misleading_039] attempt 2: PNG render failed — retrying
[2026-03-12 13:19:33]     [nonsense_misleading_024] FAILED after 5 attempts — skipping
[2026-03-12 13:19:33]   generating nonsense_misleading_077 (type=misleading, ~12 lines) …
[2026-03-12 13:19:33]     [nonsense_misleading_069] attempt 1: PNG render failed — retrying
[2026-03-12 13:19:34]     [nonsense_misleading_062] OK (lines=16, errors=5)
[2026-03-12 13:19:34]   generating nonsense_misleading_078 (type=misleading, ~15 lines) …
[2026-03-12 13:19:35]     [nonsense_misleading_059] attempt 2: PNG render failed — retrying
[2026-03-12 13:19:37]     [nonsense_misleading_050] OK (lines=18, errors=6)
[2026-03-12 13:19:37]   generating nonsense_misleading_079 (type=misleading, ~8 lines) …
[2026-03-12 13:19:38]     [nonsense_misleading_043] attempt 4: PNG render failed — retrying
[2026-03-12 13:19:39]     [nonsense_misleading_072] OK (lines=15, errors=6)
[2026-03-12 13:19:39]   generating nonsense_misleading_080 (type=misleading, ~84 lines) …
[2026-03-12 13:19:40]     [nonsense_misleading_045] attempt 4: PNG render failed — retrying
[2026-03-12 13:19:40]     [nonsense_misleading_070] attempt 1: PNG render failed — retrying
[2026-03-12 13:19:40]     [nonsense_misleading_055] OK (lines=20, errors=6)
[2026-03-12 13:19:40]   generating nonsense_misleading_081 (type=misleading, ~15 lines) …
[2026-03-12 13:19:42]     [nonsense_misleading_071] attempt 1: PNG render failed — retrying
[2026-03-12 13:19:42]     [nonsense_misleading_078] OK (lines=15, errors=6)
[2026-03-12 13:19:42]   generating nonsense_misleading_082 (type=misleading, ~6 lines) …
[2026-03-12 13:19:43]     [nonsense_misleading_079] OK (lines=13, errors=5)
[2026-03-12 13:19:43]   generating nonsense_misleading_083 (type=misleading, ~42 lines) …
[2026-03-12 13:19:44]     [nonsense_misleading_074] attempt 1: PNG render failed — retrying
[2026-03-12 13:19:44]     [nonsense_misleading_073] attempt 1: PNG render failed — retrying
[2026-03-12 13:19:44]     [nonsense_misleading_063] attempt 2: PNG render failed — retrying
[2026-03-12 13:19:46]     [nonsense_misleading_054] OK (lines=19, errors=7)
[2026-03-12 13:19:46]   generating nonsense_misleading_084 (type=misleading, ~19 lines) …
[2026-03-12 13:19:47]     [nonsense_misleading_064] attempt 2: PNG render failed — retrying
[2026-03-12 13:19:48]     [nonsense_misleading_076] attempt 1: PNG render failed — retrying
[2026-03-12 13:19:48]     [nonsense_misleading_044] attempt 4: PNG render failed — retrying
[2026-03-12 13:19:49]     [nonsense_misleading_028] OK (lines=30, errors=7)
[2026-03-12 13:19:49]   generating nonsense_misleading_085 (type=misleading, ~7 lines) …
[2026-03-12 13:19:49]     [nonsense_misleading_077] attempt 1: PNG render failed — retrying
[2026-03-12 13:19:50]     [nonsense_misleading_038] attempt 5: PNG render failed — retrying
[2026-03-12 13:19:52]     [nonsense_misleading_039] attempt 3: PNG render failed — retrying
[2026-03-12 13:19:52]     [nonsense_misleading_068] attempt 2: PNG render failed — retrying
[2026-03-12 13:19:52]     [nonsense_misleading_056] attempt 3: PNG render failed — retrying
[2026-03-12 13:19:53]     [nonsense_misleading_082] OK (lines=11, errors=5)
[2026-03-12 13:19:53]   generating nonsense_misleading_086 (type=misleading, ~15 lines) …
[2026-03-12 13:19:54]     [nonsense_misleading_038] FAILED after 5 attempts — skipping
[2026-03-12 13:19:54]   generating nonsense_misleading_087 (type=misleading, ~23 lines) …
[2026-03-12 13:19:55]     [nonsense_misleading_069] attempt 2: PNG render failed — retrying
[2026-03-12 13:19:55]     [nonsense_misleading_075] attempt 1: PNG render failed — retrying
[2026-03-12 13:19:55]     [nonsense_misleading_059] attempt 3: PNG render failed — retrying
[2026-03-12 13:19:56]     [nonsense_misleading_085] OK (lines=10, errors=6)
[2026-03-12 13:19:56]   generating nonsense_misleading_088 (type=misleading, ~8 lines) …
[2026-03-12 13:19:56]     [nonsense_misleading_081] attempt 1: PNG render failed — retrying
[2026-03-12 13:19:56]     [nonsense_misleading_040] attempt 3: PNG render failed — retrying
[2026-03-12 13:19:59]     [nonsense_misleading_080] attempt 1: PNG render failed — retrying
[2026-03-12 13:20:00]     [nonsense_misleading_083] OK (lines=31, errors=7)
[2026-03-12 13:20:00]   generating nonsense_misleading_089 (type=misleading, ~22 lines) …
[2026-03-12 13:20:01]     [nonsense_misleading_043] attempt 5: PNG render failed — retrying
[2026-03-12 13:20:01]     [nonsense_misleading_045] attempt 5: PNG render failed — retrying
[2026-03-12 13:20:02]     [nonsense_misleading_084] attempt 1: PNG render failed — retrying
[2026-03-12 13:20:03]     [nonsense_misleading_087] OK (lines=20, errors=7)
[2026-03-12 13:20:03]   generating nonsense_misleading_090 (type=misleading, ~76 lines) …
[2026-03-12 13:20:03]     [nonsense_misleading_071] attempt 2: PNG render failed — retrying
[2026-03-12 13:20:04]     [nonsense_misleading_074] attempt 2: PNG render failed — retrying
[2026-03-12 13:20:04]     [nonsense_misleading_077] OK (lines=14, errors=5)
[2026-03-12 13:20:04]   generating nonsense_misleading_091 (type=misleading, ~42 lines) …
[2026-03-12 13:20:05]     [nonsense_misleading_043] FAILED after 5 attempts — skipping
[2026-03-12 13:20:05]   generating nonsense_misleading_092 (type=misleading, ~18 lines) …
[2026-03-12 13:20:05]     [nonsense_misleading_045] FAILED after 5 attempts — skipping
[2026-03-12 13:20:05]   generating nonsense_misleading_093 (type=misleading, ~38 lines) …
[2026-03-12 13:20:05]     [nonsense_misleading_073] attempt 2: PNG render failed — retrying
[2026-03-12 13:20:06]     [nonsense_misleading_063] attempt 3: PNG render failed — retrying
[2026-03-12 13:20:06]     [nonsense_misleading_075] OK (lines=15, errors=5)
[2026-03-12 13:20:06]   generating nonsense_misleading_094 (type=misleading, ~16 lines) …
[2026-03-12 13:20:07]     [nonsense_misleading_070] attempt 2: PNG render failed — retrying
[2026-03-12 13:20:08]     [nonsense_misleading_068] OK (lines=14, errors=6)
[2026-03-12 13:20:08]   generating nonsense_misleading_095 (type=misleading, ~12 lines) …
[2026-03-12 13:20:10]     [nonsense_misleading_076] attempt 2: PNG render failed — retrying
[2026-03-12 13:20:10]     [nonsense_misleading_086] attempt 1: PNG render failed — retrying
[2026-03-12 13:20:10]     [nonsense_misleading_044] attempt 5: PNG render failed — retrying
[2026-03-12 13:20:11]     [nonsense_misleading_059] OK (lines=11, errors=5)
[2026-03-12 13:20:11]   generating nonsense_misleading_096 (type=misleading, ~25 lines) …
[2026-03-12 13:20:12]     [nonsense_misleading_088] attempt 1: PNG render failed — retrying
[2026-03-12 13:20:13]     [nonsense_misleading_039] attempt 4: PNG render failed — retrying
[2026-03-12 13:20:13]     [nonsense_misleading_090] OK (lines=34, errors=7)
[2026-03-12 13:20:13]   generating nonsense_misleading_097 (type=misleading, ~43 lines) …
[2026-03-12 13:20:14]     [nonsense_misleading_094] OK (lines=15, errors=5)
[2026-03-12 13:20:14]   generating nonsense_misleading_098 (type=misleading, ~21 lines) …
[2026-03-12 13:20:14]     [nonsense_misleading_044] FAILED after 5 attempts — skipping
[2026-03-12 13:20:14]   generating nonsense_misleading_099 (type=misleading, ~20 lines) …
[2026-03-12 13:20:15]     [nonsense_misleading_056] attempt 4: PNG render failed — retrying
[2026-03-12 13:20:16]     [nonsense_misleading_071] OK (lines=17, errors=6)
[2026-03-12 13:20:16]   generating nonsense_misleading_100 (type=misleading, ~104 lines) …
[2026-03-12 13:20:16]     [nonsense_misleading_069] attempt 3: PNG render failed — retrying
[2026-03-12 13:20:18]     [nonsense_misleading_089] attempt 1: PNG render failed — retrying
[2026-03-12 13:20:18]     [nonsense_misleading_070] OK (lines=17, errors=6)
[2026-03-12 13:20:18]   generating nonsense_misleading_101 (type=misleading, ~16 lines) …
[2026-03-12 13:20:20]     [nonsense_misleading_091] OK (lines=16, errors=6)
[2026-03-12 13:20:20]   generating nonsense_misleading_102 (type=misleading, ~21 lines) …
[2026-03-12 13:20:21]     [nonsense_misleading_080] attempt 2: PNG render failed — retrying
[2026-03-12 13:20:22]     [nonsense_misleading_095] OK (lines=12, errors=6)
[2026-03-12 13:20:22]   generating nonsense_misleading_103 (type=misleading, ~13 lines) …
[2026-03-12 13:20:22]     [nonsense_misleading_092] attempt 1: PNG render failed — retrying
[2026-03-12 13:20:24]     [nonsense_misleading_074] attempt 3: PNG render failed — retrying
[2026-03-12 13:20:24]     [nonsense_misleading_063] OK (lines=18, errors=25)
[2026-03-12 13:20:24]   generating nonsense_misleading_104 (type=misleading, ~35 lines) …
[2026-03-12 13:20:25]     [nonsense_misleading_093] attempt 1: PNG render failed — retrying
[2026-03-12 13:20:25]     [nonsense_misleading_084] attempt 2: PNG render failed — retrying
[2026-03-12 13:20:26]     [nonsense_misleading_081] attempt 2: PNG render failed — retrying
[2026-03-12 13:20:26]     [nonsense_misleading_073] attempt 3: PNG render failed — retrying
[2026-03-12 13:20:26]     [nonsense_misleading_040] attempt 4: PNG render failed — retrying
[2026-03-12 13:20:28]     [nonsense_misleading_056] OK (lines=18, errors=8)
[2026-03-12 13:20:28]   generating nonsense_misleading_105 (type=misleading, ~59 lines) …
[2026-03-12 13:20:28]     [nonsense_misleading_096] attempt 1: PNG render failed — retrying
[2026-03-12 13:20:28]     [nonsense_misleading_097] OK (lines=17, errors=26)
[2026-03-12 13:20:28]   generating nonsense_misleading_106 (type=misleading, ~18 lines) …
[2026-03-12 13:20:30]     [nonsense_misleading_076] attempt 3: PNG render failed — retrying
[2026-03-12 13:20:30]     [nonsense_misleading_086] attempt 2: PNG render failed — retrying
[2026-03-12 13:20:30]     [nonsense_misleading_099] attempt 1: PNG render failed — retrying
[2026-03-12 13:20:30]     [nonsense_misleading_098] attempt 1: PNG render failed — retrying
[2026-03-12 13:20:31]     [nonsense_misleading_089] OK (lines=17, errors=5)
[2026-03-12 13:20:31]   generating nonsense_misleading_107 (type=misleading, ~32 lines) …
[2026-03-12 13:20:33]     [nonsense_misleading_039] attempt 5: PNG render failed — retrying
[2026-03-12 13:20:34]     [nonsense_misleading_100] attempt 1: PNG render failed — retrying
[2026-03-12 13:20:34]     [nonsense_misleading_101] attempt 1: PNG render failed — retrying
[2026-03-12 13:20:35]     [nonsense_misleading_074] OK (lines=10, errors=5)
[2026-03-12 13:20:35]   generating nonsense_misleading_108 (type=misleading, ~32 lines) …
[2026-03-12 13:20:36]     [nonsense_misleading_106] OK (lines=17, errors=6)
[2026-03-12 13:20:36]   generating nonsense_misleading_109 (type=misleading, ~47 lines) …
[2026-03-12 13:20:37]     [nonsense_misleading_039] FAILED after 5 attempts — skipping
[2026-03-12 13:20:37]   generating nonsense_misleading_110 (type=misleading, ~85 lines) …
[2026-03-12 13:20:38]     [nonsense_misleading_102] attempt 1: PNG render failed — retrying
[2026-03-12 13:20:38]     [nonsense_misleading_103] attempt 1: PNG render failed — retrying
[2026-03-12 13:20:38]     [nonsense_misleading_088] attempt 2: PNG render failed — retrying
[2026-03-12 13:20:40]     [nonsense_misleading_069] attempt 4: PNG render failed — retrying
[2026-03-12 13:20:40]     [nonsense_misleading_096] OK (lines=15, errors=7)
[2026-03-12 13:20:40]   generating nonsense_misleading_111 (type=misleading, ~16 lines) …
[2026-03-12 13:20:41]     [nonsense_misleading_104] attempt 1: PNG render failed — retrying
[2026-03-12 13:20:43]     [nonsense_misleading_099] OK (lines=18, errors=7)
[2026-03-12 13:20:43]   generating nonsense_misleading_112 (type=misleading, ~15 lines) …
[2026-03-12 13:20:43]     [nonsense_misleading_080] attempt 3: PNG render failed — retrying
[2026-03-12 13:20:43]     [nonsense_misleading_092] attempt 2: PNG render failed — retrying
[2026-03-12 13:20:44]     [nonsense_misleading_093] OK (lines=17, errors=7)
[2026-03-12 13:20:44]   generating nonsense_misleading_113 (type=misleading, ~36 lines) …
[2026-03-12 13:20:45]     [nonsense_misleading_081] attempt 3: PNG render failed — retrying
[2026-03-12 13:20:45]     [nonsense_misleading_084] OK (lines=17, errors=7)
[2026-03-12 13:20:45]   generating nonsense_misleading_114 (type=misleading, ~19 lines) …
[2026-03-12 13:20:46]     [nonsense_misleading_105] attempt 1: PNG render failed — retrying
[2026-03-12 13:20:48]     [nonsense_misleading_073] attempt 4: PNG render failed — retrying
[2026-03-12 13:20:48]     [nonsense_misleading_040] attempt 5: PNG render failed — retrying
[2026-03-12 13:20:49]     [nonsense_misleading_107] attempt 1: PNG render failed — retrying
[2026-03-12 13:20:50]     [nonsense_misleading_086] attempt 3: PNG render failed — retrying
[2026-03-12 13:20:50]     [nonsense_misleading_102] OK (lines=18, errors=5)
[2026-03-12 13:20:50]   generating nonsense_misleading_115 (type=misleading, ~14 lines) …
[2026-03-12 13:20:50]     [nonsense_misleading_098] attempt 2: PNG render failed — retrying
[2026-03-12 13:20:51]     [nonsense_misleading_076] attempt 4: PNG render failed — retrying
[2026-03-12 13:20:52]     [nonsense_misleading_040] FAILED after 5 attempts — skipping
[2026-03-12 13:20:52]   generating nonsense_misleading_116 (type=misleading, ~6 lines) …
[2026-03-12 13:20:52]     [nonsense_misleading_111] OK (lines=15, errors=7)
[2026-03-12 13:20:52]   generating nonsense_misleading_117 (type=misleading, ~35 lines) …
[2026-03-12 13:20:53]     [nonsense_misleading_064] attempt 3: PNG render failed — retrying
[2026-03-12 13:20:54]     [nonsense_misleading_109] attempt 1: PNG render failed — retrying
[2026-03-12 13:20:54]     [nonsense_misleading_100] OK (lines=30, errors=6)
[2026-03-12 13:20:54]   generating nonsense_misleading_118 (type=misleading, ~13 lines) …
[2026-03-12 13:20:55]     [nonsense_misleading_108] attempt 1: PNG render failed — retrying
[2026-03-12 13:20:56]     [nonsense_misleading_101] attempt 2: PNG render failed — retrying
[2026-03-12 13:20:56]     [nonsense_misleading_080] OK (lines=32, errors=6)
[2026-03-12 13:20:56]   generating nonsense_misleading_119 (type=misleading, ~10 lines) …
[2026-03-12 13:20:58]     [nonsense_misleading_110] attempt 1: PNG render failed — retrying
[2026-03-12 13:20:58]     [nonsense_misleading_088] attempt 3: PNG render failed — retrying
[2026-03-12 13:20:58]     [nonsense_misleading_103] attempt 2: PNG render failed — retrying
[2026-03-12 13:20:59]     [nonsense_misleading_116] OK (lines=9, errors=4)
[2026-03-12 13:20:59]   generating nonsense_misleading_120 (type=misleading, ~21 lines) …
[2026-03-12 13:20:59]     [nonsense_misleading_069] OK (lines=12, errors=20)
[2026-03-12 13:20:59]   generating nonsense_misleading_121 (type=misleading, ~44 lines) …
[2026-03-12 13:20:59]     [nonsense_misleading_112] attempt 1: PNG render failed — retrying
[2026-03-12 13:21:01]     [nonsense_misleading_113] attempt 1: PNG render failed — retrying
[2026-03-12 13:21:02]     [nonsense_misleading_104] attempt 2: PNG render failed — retrying
[2026-03-12 13:21:03]     [nonsense_misleading_114] OK (lines=18, errors=7)
[2026-03-12 13:21:03]   generating nonsense_misleading_122 (type=misleading, ~23 lines) …
[2026-03-12 13:21:04]     [nonsense_misleading_107] OK (lines=15, errors=6)
[2026-03-12 13:21:04]   generating nonsense_misleading_123 (type=misleading, ~7 lines) …
[2026-03-12 13:21:04]     [nonsense_misleading_092] attempt 3: PNG render failed — retrying
[2026-03-12 13:21:06]     [nonsense_misleading_098] OK (lines=14, errors=5)
[2026-03-12 13:21:06]   generating nonsense_misleading_124 (type=misleading, ~15 lines) …
[2026-03-12 13:21:06]     [nonsense_misleading_115] attempt 1: PNG render failed — retrying
[2026-03-12 13:21:08]     [nonsense_misleading_105] attempt 2: PNG render failed — retrying
[2026-03-12 13:21:08]     [nonsense_misleading_117] attempt 1: PNG render failed — retrying
[2026-03-12 13:21:10]     [nonsense_misleading_109] OK (lines=23, errors=7)
[2026-03-12 13:21:10]   generating nonsense_misleading_125 (type=misleading, ~8 lines) …
[2026-03-12 13:21:10]     [nonsense_misleading_086] attempt 4: PNG render failed — retrying
[2026-03-12 13:21:10]     [nonsense_misleading_073] attempt 5: PNG render failed — retrying
[2026-03-12 13:21:11]     [nonsense_misleading_064] OK (lines=21, errors=6)
[2026-03-12 13:21:11]   generating nonsense_misleading_126 (type=misleading, ~37 lines) …
[2026-03-12 13:21:11]     [nonsense_misleading_118] attempt 1: PNG render failed — retrying
[2026-03-12 13:21:11]     [nonsense_misleading_076] attempt 5: PNG render failed — retrying
[2026-03-12 13:21:12]     [nonsense_misleading_119] attempt 1: PNG render failed — retrying
[2026-03-12 13:21:13]     [nonsense_misleading_124] OK (lines=16, errors=5)
[2026-03-12 13:21:13]   generating nonsense_misleading_127 (type=misleading, ~24 lines) …
[2026-03-12 13:21:14]     [nonsense_misleading_073] FAILED after 5 attempts — skipping
[2026-03-12 13:21:14]   generating nonsense_misleading_128 (type=misleading, ~16 lines) …
[2026-03-12 13:21:15]     [nonsense_misleading_076] FAILED after 5 attempts — skipping
[2026-03-12 13:21:15]   generating nonsense_misleading_129 (type=misleading, ~18 lines) …
[2026-03-12 13:21:16]     [nonsense_misleading_113] OK (lines=19, errors=7)
[2026-03-12 13:21:16]   generating nonsense_misleading_130 (type=misleading, ~37 lines) …
[2026-03-12 13:21:16]     [nonsense_misleading_120] attempt 1: PNG render failed — retrying
[2026-03-12 13:21:16]     [nonsense_misleading_101] attempt 3: PNG render failed — retrying
[2026-03-12 13:21:17]     [nonsense_misleading_121] attempt 1: PNG render failed — retrying
[2026-03-12 13:21:17]     [nonsense_misleading_081] attempt 4: PNG render failed — retrying
[2026-03-12 13:21:17]     [nonsense_misleading_108] attempt 2: PNG render failed — retrying
[2026-03-12 13:21:18]     [nonsense_misleading_115] OK (lines=15, errors=6)
[2026-03-12 13:21:18]   generating nonsense_misleading_131 (type=misleading, ~39 lines) …
[2026-03-12 13:21:18]     [nonsense_misleading_110] OK (lines=36, errors=8)
[2026-03-12 13:21:18]   generating nonsense_misleading_132 (type=misleading, ~13 lines) …
[2026-03-12 13:21:18]     [nonsense_misleading_088] attempt 4: PNG render failed — retrying
[2026-03-12 13:21:20]     [nonsense_misleading_103] attempt 3: PNG render failed — retrying
[2026-03-12 13:21:21]     [nonsense_misleading_123] attempt 1: PNG render failed — retrying
[2026-03-12 13:21:21]     [nonsense_misleading_112] attempt 2: PNG render failed — retrying
[2026-03-12 13:21:22]     [nonsense_misleading_118] OK (lines=13, errors=6)
[2026-03-12 13:21:22]   generating nonsense_misleading_133 (type=misleading, ~12 lines) …
[2026-03-12 13:21:22]     [nonsense_misleading_122] attempt 1: PNG render failed — retrying
[2026-03-12 13:21:24]     [nonsense_misleading_104] attempt 3: PNG render failed — retrying
[2026-03-12 13:21:24]     [nonsense_misleading_117] OK (lines=19, errors=5)
[2026-03-12 13:21:24]   generating nonsense_misleading_134 (type=misleading, ~44 lines) …
[2026-03-12 13:21:25]     [nonsense_misleading_125] attempt 1: PNG render failed — retrying
[2026-03-12 13:21:25]     [nonsense_misleading_092] attempt 4: PNG render failed — retrying
[2026-03-12 13:21:28]     [nonsense_misleading_126] attempt 1: PNG render failed — retrying
[2026-03-12 13:21:28]     [nonsense_misleading_086] OK (lines=15, errors=6)
[2026-03-12 13:21:28]   generating nonsense_misleading_135 (type=misleading, ~44 lines) …
[2026-03-12 13:21:28]     [nonsense_misleading_130] OK (lines=18, errors=6)
[2026-03-12 13:21:28]   generating nonsense_misleading_136 (type=misleading, ~58 lines) …
[2026-03-12 13:21:29]     [nonsense_misleading_127] attempt 1: PNG render failed — retrying
[2026-03-12 13:21:29]     [nonsense_misleading_105] attempt 3: PNG render failed — retrying
[2026-03-12 13:21:32]     [nonsense_misleading_128] attempt 1: PNG render failed — retrying
[2026-03-12 13:21:32]     [nonsense_misleading_129] attempt 1: PNG render failed — retrying
[2026-03-12 13:21:32]     [nonsense_misleading_134] OK (lines=20, errors=5)
[2026-03-12 13:21:32]   generating nonsense_misleading_137 (type=misleading, ~22 lines) …
[2026-03-12 13:21:34]     [nonsense_misleading_132] attempt 1: PNG render failed — retrying
[2026-03-12 13:21:34]     [nonsense_misleading_119] attempt 2: PNG render failed — retrying
[2026-03-12 13:21:36]     [nonsense_misleading_120] OK (lines=18, errors=8)
[2026-03-12 13:21:36]   generating nonsense_misleading_138 (type=misleading, ~125 lines) …
[2026-03-12 13:21:36]     [nonsense_misleading_101] attempt 4: PNG render failed — retrying
[2026-03-12 13:21:36]     [nonsense_misleading_131] attempt 1: PNG render failed — retrying
[2026-03-12 13:21:37]     [nonsense_misleading_081] attempt 5: PNG render failed — retrying
[2026-03-12 13:21:37]     [nonsense_misleading_133] attempt 1: PNG render failed — retrying
[2026-03-12 13:21:37]     [nonsense_misleading_108] attempt 3: PNG render failed — retrying
[2026-03-12 13:21:38]     [nonsense_misleading_088] attempt 5: PNG render failed — retrying
[2026-03-12 13:21:39]     [nonsense_misleading_135] OK (lines=17, errors=25)
[2026-03-12 13:21:39]   generating nonsense_misleading_139 (type=misleading, ~23 lines) …
[2026-03-12 13:21:40]     [nonsense_misleading_127] OK (lines=16, errors=5)
[2026-03-12 13:21:40]   generating nonsense_misleading_140 (type=misleading, ~17 lines) …
[2026-03-12 13:21:40]     [nonsense_misleading_103] attempt 4: PNG render failed — retrying
[2026-03-12 13:21:40]     [nonsense_misleading_123] attempt 2: PNG render failed — retrying
[2026-03-12 13:21:41]     [nonsense_misleading_121] attempt 2: PNG render failed — retrying
[2026-03-12 13:21:41]     [nonsense_misleading_081] FAILED after 5 attempts — skipping
[2026-03-12 13:21:41]   generating nonsense_misleading_141 (type=misleading, ~19 lines) …
[2026-03-12 13:21:41]     [nonsense_misleading_112] attempt 3: PNG render failed — retrying
[2026-03-12 13:21:42]     [nonsense_misleading_088] FAILED after 5 attempts — skipping
[2026-03-12 13:21:42]   generating nonsense_misleading_142 (type=misleading, ~35 lines) …
[2026-03-12 13:21:44]     [nonsense_misleading_104] OK (lines=21, errors=5)
[2026-03-12 13:21:44]   generating nonsense_misleading_143 (type=misleading, ~26 lines) …
[2026-03-12 13:21:45]     [nonsense_misleading_137] OK (lines=15, errors=6)
[2026-03-12 13:21:45]   generating nonsense_misleading_144 (type=misleading, ~11 lines) …
[2026-03-12 13:21:45]     [nonsense_misleading_122] attempt 2: PNG render failed — retrying
[2026-03-12 13:21:45]     [nonsense_misleading_136] attempt 1: PNG render failed — retrying
[2026-03-12 13:21:46]     [nonsense_misleading_125] attempt 2: PNG render failed — retrying
[2026-03-12 13:21:46]     [nonsense_misleading_092] attempt 5: PNG render failed — retrying
[2026-03-12 13:21:46]     [nonsense_misleading_132] OK (lines=15, errors=5)
[2026-03-12 13:21:46]   generating nonsense_misleading_145 (type=misleading, ~13 lines) …
[2026-03-12 13:21:49]     [nonsense_misleading_105] attempt 4: PNG render failed — retrying
[2026-03-12 13:21:50]     [nonsense_misleading_092] FAILED after 5 attempts — skipping
[2026-03-12 13:21:50]   generating nonsense_misleading_146 (type=misleading, ~23 lines) …
[2026-03-12 13:21:50]     [nonsense_misleading_119] OK (lines=12, errors=5)
[2026-03-12 13:21:50]   generating nonsense_misleading_147 (type=misleading, ~11 lines) …
[2026-03-12 13:21:51]     [nonsense_misleading_126] attempt 2: PNG render failed — retrying
[2026-03-12 13:21:54]     [nonsense_misleading_128] OK (lines=14, errors=6)
[2026-03-12 13:21:54]   generating nonsense_misleading_148 (type=misleading, ~263 lines) …
[2026-03-12 13:21:54]     [nonsense_misleading_129] attempt 2: PNG render failed — retrying
[2026-03-12 13:21:54]     [nonsense_misleading_138] attempt 1: PNG render failed — retrying
[2026-03-12 13:21:56]     [nonsense_misleading_122] OK (lines=13, errors=5)
[2026-03-12 13:21:56]   generating nonsense_misleading_149 (type=misleading, ~42 lines) …
[2026-03-12 13:21:57]     [nonsense_misleading_133] attempt 2: PNG render failed — retrying
[2026-03-12 13:21:58]     [nonsense_misleading_101] attempt 5: PNG render failed — retrying
[2026-03-12 13:21:58]     [nonsense_misleading_141] attempt 1: PNG render failed — retrying
[2026-03-12 13:21:58]     [nonsense_misleading_139] attempt 1: PNG render failed — retrying
[2026-03-12 13:21:59]     [nonsense_misleading_142] attempt 1: PNG render failed — retrying
[2026-03-12 13:22:01]     [nonsense_misleading_131] OK (lines=30, errors=7)
[2026-03-12 13:22:01]     [nonsense_misleading_147] OK (lines=24, errors=5)
[2026-03-12 13:22:02]     [nonsense_misleading_123] attempt 3: PNG render failed — retrying
[2026-03-12 13:22:02]     [nonsense_misleading_103] attempt 5: PNG render failed — retrying
[2026-03-12 13:22:02]     [nonsense_misleading_101] FAILED after 5 attempts — skipping
[2026-03-12 13:22:02]     [nonsense_misleading_108] attempt 4: PNG render failed — retrying
[2026-03-12 13:22:02]     [nonsense_misleading_144] attempt 1: PNG render failed — retrying
[2026-03-12 13:22:02]     [nonsense_misleading_121] attempt 3: PNG render failed — retrying
[2026-03-12 13:22:03]     [nonsense_misleading_143] attempt 1: PNG render failed — retrying
[2026-03-12 13:22:03]     [nonsense_misleading_112] attempt 4: PNG render failed — retrying
[2026-03-12 13:22:06]     [nonsense_misleading_149] OK (lines=17, errors=5)
[2026-03-12 13:22:06]     [nonsense_misleading_125] OK (lines=14, errors=4)
[2026-03-12 13:22:06]     [nonsense_misleading_103] FAILED after 5 attempts — skipping
[2026-03-12 13:22:07]     [nonsense_misleading_140] attempt 1: PNG render failed — retrying
[2026-03-12 13:22:09]     [nonsense_misleading_146] attempt 1: PNG render failed — retrying
[2026-03-12 13:22:10]     [nonsense_misleading_141] OK (lines=17, errors=7)
[2026-03-12 13:22:12]     [nonsense_misleading_136] OK (lines=32, errors=7)
[2026-03-12 13:22:13]     [nonsense_misleading_148] attempt 1: PNG render failed — retrying
[2026-03-12 13:22:15]     [nonsense_misleading_129] OK (lines=17, errors=7)
[2026-03-12 13:22:15]     [nonsense_misleading_105] attempt 5: PNG render failed — retrying
[2026-03-12 13:22:16]     [nonsense_misleading_142] OK (lines=18, errors=6)
[2026-03-12 13:22:19]     [nonsense_misleading_105] FAILED after 5 attempts — skipping
[2026-03-12 13:22:19]     [nonsense_misleading_138] attempt 2: PNG render failed — retrying
[2026-03-12 13:22:19]     [nonsense_misleading_126] attempt 3: PNG render failed — retrying
[2026-03-12 13:22:20]     [nonsense_misleading_140] OK (lines=16, errors=6)
[2026-03-12 13:22:20]     [nonsense_misleading_133] OK (lines=12, errors=6)
[2026-03-12 13:22:22]     [nonsense_misleading_146] OK (lines=19, errors=5)
[2026-03-12 13:22:23]     [nonsense_misleading_144] attempt 2: PNG render failed — retrying
[2026-03-12 13:22:23]     [nonsense_misleading_112] attempt 5: PNG render failed — retrying
[2026-03-12 13:22:23]     [nonsense_misleading_139] attempt 2: PNG render failed — retrying
[2026-03-12 13:22:23]     [nonsense_misleading_121] attempt 4: PNG render failed — retrying
[2026-03-12 13:22:23]     [nonsense_misleading_123] attempt 4: PNG render failed — retrying
[2026-03-12 13:22:24]     [nonsense_misleading_143] attempt 2: PNG render failed — retrying
[2026-03-12 13:22:27]     [nonsense_misleading_108] OK (lines=16, errors=24)
[2026-03-12 13:22:27]     [nonsense_misleading_112] FAILED after 5 attempts — skipping
[2026-03-12 13:22:31]     [nonsense_misleading_148] OK (lines=75, errors=8)
[2026-03-12 13:22:31]     [nonsense_misleading_126] OK (lines=18, errors=7)
[2026-03-12 13:22:33]     [nonsense_misleading_144] OK (lines=12, errors=6)
[2026-03-12 13:22:35]     [nonsense_misleading_123] OK (lines=12, errors=5)
[2026-03-12 13:22:40]     [nonsense_misleading_138] OK (lines=34, errors=38)
[2026-03-12 13:22:41]     [nonsense_misleading_143] OK (lines=18, errors=6)
[2026-03-12 13:22:43]     [nonsense_misleading_139] OK (lines=20, errors=6)
[2026-03-12 13:22:45]     [nonsense_misleading_121] OK (lines=20, errors=7)
[2026-03-12 13:22:51]     [nonsense_misleading_145] OK (lines=14, errors=6)
[2026-03-12 13:22:51] 
[synth done] generated=348 this run, total_in_metadata=348
[2026-03-12 14:02:45] [synth] type=all pending=152 already_done=348 workers=25
[2026-03-12 14:02:45]   generating meaningful_002 (type=meaningful, ~20 lines) …
[2026-03-12 14:02:45]   generating meaningful_003 (type=meaningful, ~74 lines) …
[2026-03-12 14:02:45]   generating meaningful_007 (type=meaningful, ~15 lines) …
[2026-03-12 14:02:45]   generating meaningful_010 (type=meaningful, ~23 lines) …
[2026-03-12 14:02:45]   generating meaningful_011 (type=meaningful, ~32 lines) …
[2026-03-12 14:02:45]   generating meaningful_013 (type=meaningful, ~101 lines) …
[2026-03-12 14:02:45]   generating meaningful_009 (type=meaningful, ~30 lines) …
[2026-03-12 14:02:45]   generating meaningful_018 (type=meaningful, ~19 lines) …
[2026-03-12 14:02:45]   generating meaningful_021 (type=meaningful, ~42 lines) …
[2026-03-12 14:02:45]   generating meaningful_019 (type=meaningful, ~25 lines) …
[2026-03-12 14:02:45]   generating meaningful_022 (type=meaningful, ~32 lines) …
[2026-03-12 14:02:45]   generating meaningful_026 (type=meaningful, ~8 lines) …
[2026-03-12 14:02:45]   generating meaningful_030 (type=meaningful, ~25 lines) …
[2026-03-12 14:02:45]   generating meaningful_020 (type=meaningful, ~21 lines) …
[2026-03-12 14:02:45]   generating meaningful_033 (type=meaningful, ~39 lines) …
[2026-03-12 14:02:45]   generating meaningful_031 (type=meaningful, ~44 lines) …
[2026-03-12 14:02:45]   generating meaningful_035 (type=meaningful, ~23 lines) …
[2026-03-12 14:02:45]   generating meaningful_037 (type=meaningful, ~14 lines) …
[2026-03-12 14:02:45]   generating meaningful_036 (type=meaningful, ~97 lines) …
[2026-03-12 14:02:45]   generating meaningful_039 (type=meaningful, ~23 lines) …
[2026-03-12 14:02:45]   generating meaningful_038 (type=meaningful, ~20 lines) …
[2026-03-12 14:02:45]   generating meaningful_044 (type=meaningful, ~26 lines) …
[2026-03-12 14:02:45]   generating meaningful_041 (type=meaningful, ~54 lines) …
[2026-03-12 14:02:45]   generating meaningful_049 (type=meaningful, ~26 lines) …
[2026-03-12 14:02:45]   generating meaningful_048 (type=meaningful, ~38 lines) …
[2026-03-12 14:02:52]     [meaningful_020] OK (lines=34, errors=0)
[2026-03-12 14:02:52]   generating meaningful_050 (type=meaningful, ~34 lines) …
[2026-03-12 14:02:52] [openrouter] model=google/gemini-2.0-flash-001 attempt 1 exception: HTTPSConnectionPool(host='openrouter.ai', port=443): Max retries exceeded with url: /api/v1/chat/completions (Caused by SSLError(SSLEOFError(8, 'EOF occurred in violation of protocol (_ssl.c:1129)')))
[2026-03-12 14:02:59] [openrouter] model=google/gemini-2.0-flash-001 attempt 2 exception: HTTPSConnectionPool(host='openrouter.ai', port=443): Max retries exceeded with url: /api/v1/chat/completions (Caused by SSLError(SSLEOFError(8, 'EOF occurred in violation of protocol (_ssl.c:1129)')))
[2026-03-12 14:03:00]     [meaningful_007] attempt 1: PNG render failed — retrying
[2026-03-12 14:03:00]     [meaningful_009] attempt 1: PNG render failed — retrying
[2026-03-12 14:03:00]     [meaningful_030] attempt 1: PNG render failed — retrying
[2026-03-12 14:03:01]     [meaningful_044] attempt 1: PNG render failed — retrying
[2026-03-12 14:03:01]     [meaningful_002] attempt 1: PNG render failed — retrying
[2026-03-12 14:03:01]     [meaningful_049] attempt 1: PNG render failed — retrying
[2026-03-12 14:03:01]     [meaningful_035] attempt 1: PNG render failed — retrying
[2026-03-12 14:03:01]     [meaningful_026] attempt 1: PNG render failed — retrying
[2026-03-12 14:03:01]     [meaningful_033] attempt 1: PNG render failed — retrying
[2026-03-12 14:03:01]     [meaningful_038] attempt 1: PNG render failed — retrying
[2026-03-12 14:03:01]     [meaningful_039] attempt 1: PNG render failed — retrying
[2026-03-12 14:03:01]     [meaningful_019] attempt 1: PNG render failed — retrying
[2026-03-12 14:03:01]     [meaningful_031] attempt 1: PNG render failed — retrying
[2026-03-12 14:03:01]     [meaningful_048] attempt 1: PNG render failed — retrying
[2026-03-12 14:03:02]     [meaningful_003] attempt 1: PNG render failed — retrying
[2026-03-12 14:03:02]     [meaningful_037] attempt 1: PNG render failed — retrying
[2026-03-12 14:03:02]     [meaningful_018] attempt 1: PNG render failed — retrying
[2026-03-12 14:03:03]     [meaningful_041] attempt 1: PNG render failed — retrying
[2026-03-12 14:03:03]     [meaningful_011] attempt 1: PNG render failed — retrying
[2026-03-12 14:03:04]     [meaningful_036] attempt 1: PNG render failed — retrying
[2026-03-12 14:03:04]     [meaningful_013] attempt 1: PNG render failed — retrying
[2026-03-12 14:03:05]     [meaningful_021] attempt 1: PNG render failed — retrying
[2026-03-12 14:03:07] [openrouter] model=google/gemini-2.0-flash-001 attempt 1 exception: HTTPSConnectionPool(host='openrouter.ai', port=443): Max retries exceeded with url: /api/v1/chat/completions (Caused by SSLError(SSLEOFError(8, 'EOF occurred in violation of protocol (_ssl.c:1129)')))
[2026-03-12 14:03:07] [openrouter] model=google/gemini-2.0-flash-001 attempt 1 exception: HTTPSConnectionPool(host='openrouter.ai', port=443): Max retries exceeded with url: /api/v1/chat/completions (Caused by SSLError(SSLEOFError(8, 'EOF occurred in violation of protocol (_ssl.c:1129)')))
[2026-03-12 14:03:07]     [meaningful_022] attempt 1: PNG render failed — retrying
[2026-03-12 14:03:07] [openrouter] model=google/gemini-2.0-flash-001 attempt 1 exception: HTTPSConnectionPool(host='openrouter.ai', port=443): Max retries exceeded with url: /api/v1/chat/completions (Caused by SSLError(SSLEOFError(8, 'EOF occurred in violation of protocol (_ssl.c:1129)')))
[2026-03-12 14:03:07] [openrouter] model=google/gemini-2.0-flash-001 attempt 1 exception: HTTPSConnectionPool(host='openrouter.ai', port=443): Max retries exceeded with url: /api/v1/chat/completions (Caused by SSLError(SSLEOFError(8, 'EOF occurred in violation of protocol (_ssl.c:1129)')))
[2026-03-12 14:03:08] [openrouter] model=google/gemini-2.0-flash-001 attempt 1 exception: HTTPSConnectionPool(host='openrouter.ai', port=443): Max retries exceeded with url: /api/v1/chat/completions (Caused by SSLError(SSLEOFError(8, 'EOF occurred in violation of protocol (_ssl.c:1129)')))
[2026-03-12 14:03:08] [openrouter] model=google/gemini-2.0-flash-001 attempt 1 exception: HTTPSConnectionPool(host='openrouter.ai', port=443): Max retries exceeded with url: /api/v1/chat/completions (Caused by SSLError(SSLEOFError(8, 'EOF occurred in violation of protocol (_ssl.c:1129)')))
[2026-03-12 14:03:08] [openrouter] model=google/gemini-2.0-flash-001 attempt 1 exception: HTTPSConnectionPool(host='openrouter.ai', port=443): Max retries exceeded with url: /api/v1/chat/completions (Caused by SSLError(SSLEOFError(8, 'EOF occurred in violation of protocol (_ssl.c:1129)')))
[2026-03-12 14:03:11] [openrouter] model=google/gemini-2.0-flash-001 attempt 3 exception: HTTPSConnectionPool(host='openrouter.ai', port=443): Max retries exceeded with url: /api/v1/chat/completions (Caused by SSLError(SSLEOFError(8, 'EOF occurred in violation of protocol (_ssl.c:1129)')))
[2026-03-12 14:03:12] [openrouter] model=google/gemini-2.0-flash-001 attempt 1 exception: HTTPSConnectionPool(host='openrouter.ai', port=443): Max retries exceeded with url: /api/v1/chat/completions (Caused by SSLError(SSLEOFError(8, 'EOF occurred in violation of protocol (_ssl.c:1129)')))
[2026-03-12 14:03:13] [openrouter] model=google/gemini-2.0-flash-001 attempt 2 exception: HTTPSConnectionPool(host='openrouter.ai', port=443): Max retries exceeded with url: /api/v1/chat/completions (Caused by SSLError(SSLEOFError(8, 'EOF occurred in violation of protocol (_ssl.c:1129)')))
[2026-03-12 14:03:15] [openrouter] model=google/gemini-2.0-flash-001 attempt 2 exception: HTTPSConnectionPool(host='openrouter.ai', port=443): Max retries exceeded with url: /api/v1/chat/completions (Caused by SSLError(SSLEOFError(8, 'EOF occurred in violation of protocol (_ssl.c:1129)')))
[2026-03-12 14:03:20]     [meaningful_037] OK (lines=22, errors=0)
[2026-03-12 14:03:20]   generating meaningful_052 (type=meaningful, ~42 lines) …
[2026-03-12 14:03:21]     [meaningful_009] OK (lines=31, errors=0)
[2026-03-12 14:03:21]   generating meaningful_057 (type=meaningful, ~26 lines) …
[2026-03-12 14:03:21] [openrouter] model=google/gemini-2.0-flash-001 attempt 1 exception: HTTPSConnectionPool(host='openrouter.ai', port=443): Max retries exceeded with url: /api/v1/chat/completions (Caused by SSLError(SSLEOFError(8, 'EOF occurred in violation of protocol (_ssl.c:1129)')))
[2026-03-12 14:03:21]     [meaningful_026] attempt 2: PNG render failed — retrying
[2026-03-12 14:03:22]     [meaningful_035] attempt 2: PNG render failed — retrying
[2026-03-12 14:03:22]     [meaningful_044] attempt 2: PNG render failed — retrying
[2026-03-12 14:03:22]     [meaningful_007] attempt 2: PNG render failed — retrying
[2026-03-12 14:03:22]     [meaningful_002] attempt 2: PNG render failed — retrying
[2026-03-12 14:03:22]     [meaningful_033] attempt 2: PNG render failed — retrying
[2026-03-12 14:03:22]     [meaningful_049] attempt 2: PNG render failed — retrying
[2026-03-12 14:03:23]     [meaningful_038] attempt 2: PNG render failed — retrying
[2026-03-12 14:03:23]     [meaningful_030] attempt 2: PNG render failed — retrying
[2026-03-12 14:03:24]     [meaningful_039] attempt 2: PNG render failed — retrying
[2026-03-12 14:03:24]     [meaningful_031] attempt 2: PNG render failed — retrying
[2026-03-12 14:03:26]     [meaningful_021] attempt 2: PNG render failed — retrying
[2026-03-12 14:03:27] [openrouter] model=google/gemini-2.0-flash-001 attempt 1 exception: HTTPSConnectionPool(host='openrouter.ai', port=443): Max retries exceeded with url: /api/v1/chat/completions (Caused by SSLError(SSLEOFError(8, 'EOF occurred in violation of protocol (_ssl.c:1129)')))
[2026-03-12 14:03:27] [openrouter] model=google/gemini-2.0-flash-001 attempt 1 exception: HTTPSConnectionPool(host='openrouter.ai', port=443): Max retries exceeded with url: /api/v1/chat/completions (Caused by SSLError(SSLEOFError(8, 'EOF occurred in violation of protocol (_ssl.c:1129)')))
[2026-03-12 14:03:27] [openrouter] model=google/gemini-2.0-flash-001 attempt 3 exception: HTTPSConnectionPool(host='openrouter.ai', port=443): Max retries exceeded with url: /api/v1/chat/completions (Caused by SSLError(SSLEOFError(8, 'EOF occurred in violation of protocol (_ssl.c:1129)')))
[2026-03-12 14:03:27] [openrouter] model=google/gemini-2.0-flash-001 attempt 1 exception: HTTPSConnectionPool(host='openrouter.ai', port=443): Max retries exceeded with url: /api/v1/chat/completions (Caused by SSLError(SSLEOFError(8, 'EOF occurred in violation of protocol (_ssl.c:1129)')))
[2026-03-12 14:03:28] [openrouter] model=google/gemini-2.0-flash-001 attempt 1 exception: HTTPSConnectionPool(host='openrouter.ai', port=443): Max retries exceeded with url: /api/v1/chat/completions (Caused by SSLError(SSLEOFError(8, 'EOF occurred in violation of protocol (_ssl.c:1129)')))
[2026-03-12 14:03:28] [openrouter] model=google/gemini-2.0-flash-001 attempt 1 exception: HTTPSConnectionPool(host='openrouter.ai', port=443): Max retries exceeded with url: /api/v1/chat/completions (Caused by SSLError(SSLEOFError(8, 'EOF occurred in violation of protocol (_ssl.c:1129)')))
[2026-03-12 14:03:28]     [meaningful_036] attempt 2: PNG render failed — retrying
[2026-03-12 14:03:28] [openrouter] model=google/gemini-2.0-flash-001 attempt 1 exception: HTTPSConnectionPool(host='openrouter.ai', port=443): Max retries exceeded with url: /api/v1/chat/completions (Caused by SSLError(SSLEOFError(8, 'EOF occurred in violation of protocol (_ssl.c:1129)')))
[2026-03-12 14:03:29] [openrouter] model=google/gemini-2.0-flash-001 attempt 1 exception: HTTPSConnectionPool(host='openrouter.ai', port=443): Max retries exceeded with url: /api/v1/chat/completions (Caused by SSLError(SSLEOFError(8, 'EOF occurred in violation of protocol (_ssl.c:1129)')))
[2026-03-12 14:03:29] [openrouter] model=google/gemini-2.0-flash-001 attempt 1 exception: HTTPSConnectionPool(host='openrouter.ai', port=443): Max retries exceeded with url: /api/v1/chat/completions (Caused by SSLError(SSLEOFError(8, 'EOF occurred in violation of protocol (_ssl.c:1129)')))
[2026-03-12 14:03:29]     [meaningful_013] attempt 2: PNG render failed — retrying
[2026-03-12 14:03:29]     [meaningful_050] attempt 1: empty/short mmd — retrying
[2026-03-12 14:03:29] [openrouter] model=google/gemini-2.0-flash-001 attempt 1 exception: HTTPSConnectionPool(host='openrouter.ai', port=443): Max retries exceeded with url: /api/v1/chat/completions (Caused by SSLError(SSLEOFError(8, 'EOF occurred in violation of protocol (_ssl.c:1129)')))
[2026-03-12 14:03:30]     [meaningful_003] attempt 2: PNG render failed — retrying
[2026-03-12 14:03:30]     [meaningful_048] attempt 2: PNG render failed — retrying
[2026-03-12 14:03:31] [openrouter] model=google/gemini-2.0-flash-001 attempt 1 exception: HTTPSConnectionPool(host='openrouter.ai', port=443): Max retries exceeded with url: /api/v1/chat/completions (Caused by SSLError(SSLEOFError(8, 'EOF occurred in violation of protocol (_ssl.c:1129)')))
[2026-03-12 14:03:32]     [meaningful_019] OK (lines=43, errors=0)
[2026-03-12 14:03:32]   generating meaningful_058 (type=meaningful, ~26 lines) …
[2026-03-12 14:03:33] [openrouter] model=google/gemini-2.0-flash-001 attempt 1 exception: HTTPSConnectionPool(host='openrouter.ai', port=443): Max retries exceeded with url: /api/v1/chat/completions (Caused by SSLError(SSLEOFError(8, 'EOF occurred in violation of protocol (_ssl.c:1129)')))
[2026-03-12 14:03:33]     [meaningful_041] attempt 2: PNG render failed — retrying
[2026-03-12 14:03:33] [openrouter] model=google/gemini-2.0-flash-001 attempt 2 exception: HTTPSConnectionPool(host='openrouter.ai', port=443): Max retries exceeded with url: /api/v1/chat/completions (Caused by SSLError(SSLEOFError(8, 'EOF occurred in violation of protocol (_ssl.c:1129)')))
[2026-03-12 14:03:33] [openrouter] model=google/gemini-2.0-flash-001 attempt 2 exception: HTTPSConnectionPool(host='openrouter.ai', port=443): Max retries exceeded with url: /api/v1/chat/completions (Caused by SSLError(SSLEOFError(8, 'EOF occurred in violation of protocol (_ssl.c:1129)')))
[2026-03-12 14:03:34]     [meaningful_022] attempt 2: PNG render failed — retrying
[2026-03-12 14:03:36] [openrouter] model=google/gemini-2.0-flash-001 attempt 1 exception: HTTPSConnectionPool(host='openrouter.ai', port=443): Max retries exceeded with url: /api/v1/chat/completions (Caused by SSLError(SSLEOFError(8, 'EOF occurred in violation of protocol (_ssl.c:1129)')))
[2026-03-12 14:03:36] [openrouter] model=google/gemini-2.0-flash-001 attempt 2 exception: HTTPSConnectionPool(host='openrouter.ai', port=443): Max retries exceeded with url: /api/v1/chat/completions (Caused by SSLError(SSLEOFError(8, 'EOF occurred in violation of protocol (_ssl.c:1129)')))
[2026-03-12 14:03:36] [openrouter] model=google/gemini-2.0-flash-001 attempt 1 exception: HTTPSConnectionPool(host='openrouter.ai', port=443): Max retries exceeded with url: /api/v1/chat/completions (Caused by SSLError(SSLEOFError(8, 'EOF occurred in violation of protocol (_ssl.c:1129)')))
[2026-03-12 14:03:39]     [meaningful_052] attempt 1: PNG render failed — retrying
[2026-03-12 14:03:42]     [meaningful_026] attempt 3: PNG render failed — retrying
[2026-03-12 14:03:44]     [meaningful_057] attempt 1: PNG render failed — retrying
[2026-03-12 14:03:44]     [meaningful_007] attempt 3: PNG render failed — retrying
[2026-03-12 14:03:45]     [meaningful_011] attempt 2: empty/short mmd — retrying
[2026-03-12 14:03:46]     [meaningful_010] attempt 1: PNG render failed — retrying
[2026-03-12 14:03:49] [openrouter] model=google/gemini-2.0-flash-001 attempt 1 exception: HTTPSConnectionPool(host='openrouter.ai', port=443): Max retries exceeded with url: /api/v1/chat/completions (Caused by SSLError(SSLEOFError(8, 'EOF occurred in violation of protocol (_ssl.c:1129)')))
[2026-03-12 14:03:49]     [meaningful_048] OK (lines=50, errors=0)
[2026-03-12 14:03:49]   generating meaningful_060 (type=meaningful, ~10 lines) …
[2026-03-12 14:03:50] [openrouter] model=google/gemini-2.0-flash-001 attempt 1 exception: HTTPSConnectionPool(host='openrouter.ai', port=443): Max retries exceeded with url: /api/v1/chat/completions (Caused by SSLError(SSLEOFError(8, 'EOF occurred in violation of protocol (_ssl.c:1129)')))
[2026-03-12 14:03:50] [openrouter] model=google/gemini-2.0-flash-001 attempt 1 exception: HTTPSConnectionPool(host='openrouter.ai', port=443): Max retries exceeded with url: /api/v1/chat/completions (Caused by SSLError(SSLEOFError(8, 'EOF occurred in violation of protocol (_ssl.c:1129)')))
[2026-03-12 14:03:50]     [meaningful_033] attempt 3: PNG render failed — retrying
[2026-03-12 14:03:50]     [meaningful_049] attempt 3: PNG render failed — retrying
[2026-03-12 14:03:50]     [meaningful_030] attempt 3: PNG render failed — retrying
[2026-03-12 14:03:51]     [meaningful_038] attempt 3: PNG render failed — retrying
[2026-03-12 14:03:51]     [meaningful_050] attempt 2: PNG render failed — retrying
[2026-03-12 14:03:51]     [meaningful_002] attempt 3: PNG render failed — retrying
[2026-03-12 14:03:51]     [meaningful_039] attempt 3: PNG render failed — retrying
[2026-03-12 14:03:53]     [meaningful_013] attempt 3: PNG render failed — retrying
[2026-03-12 14:03:54]     [meaningful_036] attempt 3: PNG render failed — retrying
[2026-03-12 14:03:54]     [meaningful_058] attempt 1: PNG render failed — retrying
[2026-03-12 14:03:55]     [meaningful_041] attempt 3: PNG render failed — retrying
[2026-03-12 14:03:56]     [meaningful_021] attempt 3: PNG render failed — retrying
[2026-03-12 14:03:56] [openrouter] model=google/gemini-2.0-flash-001 attempt 2 exception: HTTPSConnectionPool(host='openrouter.ai', port=443): Max retries exceeded with url: /api/v1/chat/completions (Caused by SSLError(SSLEOFError(8, 'EOF occurred in violation of protocol (_ssl.c:1129)')))
[2026-03-12 14:03:56] [openrouter] model=google/gemini-2.0-flash-001 attempt 1 exception: HTTPSConnectionPool(host='openrouter.ai', port=443): Max retries exceeded with url: /api/v1/chat/completions (Caused by SSLError(SSLEOFError(8, 'EOF occurred in violation of protocol (_ssl.c:1129)')))
[2026-03-12 14:03:56] [openrouter] model=google/gemini-2.0-flash-001 attempt 1 exception: HTTPSConnectionPool(host='openrouter.ai', port=443): Max retries exceeded with url: /api/v1/chat/completions (Caused by SSLError(SSLEOFError(8, 'EOF occurred in violation of protocol (_ssl.c:1129)')))
[2026-03-12 14:03:56] [openrouter] model=google/gemini-2.0-flash-001 attempt 2 exception: HTTPSConnectionPool(host='openrouter.ai', port=443): Max retries exceeded with url: /api/v1/chat/completions (Caused by SSLError(SSLEOFError(8, 'EOF occurred in violation of protocol (_ssl.c:1129)')))
[2026-03-12 14:03:57] [openrouter] model=google/gemini-2.0-flash-001 attempt 1 exception: HTTPSConnectionPool(host='openrouter.ai', port=443): Max retries exceeded with url: /api/v1/chat/completions (Caused by SSLError(SSLEOFError(8, 'EOF occurred in violation of protocol (_ssl.c:1129)')))
[2026-03-12 14:03:57] [openrouter] model=google/gemini-2.0-flash-001 attempt 1 exception: HTTPSConnectionPool(host='openrouter.ai', port=443): Max retries exceeded with url: /api/v1/chat/completions (Caused by SSLError(SSLEOFError(8, 'EOF occurred in violation of protocol (_ssl.c:1129)')))
[2026-03-12 14:03:58]     [meaningful_044] OK (lines=41, errors=0)
[2026-03-12 14:03:58]   generating meaningful_062 (type=meaningful, ~27 lines) …
[2026-03-12 14:03:58]     [meaningful_022] attempt 3: PNG render failed — retrying
[2026-03-12 14:03:59]     [meaningful_003] attempt 3: PNG render failed — retrying
[2026-03-12 14:04:00] [openrouter] model=google/gemini-2.0-flash-001 attempt 1 exception: HTTPSConnectionPool(host='openrouter.ai', port=443): Max retries exceeded with url: /api/v1/chat/completions (Caused by SSLError(SSLEOFError(8, 'EOF occurred in violation of protocol (_ssl.c:1129)')))
[2026-03-12 14:04:01] [openrouter] model=google/gemini-2.0-flash-001 attempt 1 exception: HTTPSConnectionPool(host='openrouter.ai', port=443): Max retries exceeded with url: /api/v1/chat/completions (Caused by SSLError(SSLEOFError(8, 'EOF occurred in violation of protocol (_ssl.c:1129)')))
[2026-03-12 14:04:01]     [meaningful_052] attempt 2: PNG render failed — retrying
[2026-03-12 14:04:02]     [meaningful_035] attempt 3: PNG render failed — retrying
[2026-03-12 14:04:04]     [meaningful_026] attempt 4: PNG render failed — retrying
[2026-03-12 14:04:05] [openrouter] model=google/gemini-2.0-flash-001 attempt 1 exception: HTTPSConnectionPool(host='openrouter.ai', port=443): Max retries exceeded with url: /api/v1/chat/completions (Caused by SSLError(SSLEOFError(8, 'EOF occurred in violation of protocol (_ssl.c:1129)')))
[2026-03-12 14:04:07]     [meaningful_031] attempt 3: PNG render failed — retrying
[2026-03-12 14:04:08]     [meaningful_010] attempt 2: PNG render failed — retrying
[2026-03-12 14:04:08]     [meaningful_011] attempt 3: PNG render failed — retrying
[2026-03-12 14:04:09] [openrouter] model=google/gemini-2.0-flash-001 attempt 3 exception: HTTPSConnectionPool(host='openrouter.ai', port=443): Max retries exceeded with url: /api/v1/chat/completions (Caused by SSLError(SSLEOFError(8, 'EOF occurred in violation of protocol (_ssl.c:1129)')))
[2026-03-12 14:04:09] [openrouter] model=google/gemini-2.0-flash-001 attempt 3 exception: HTTPSConnectionPool(host='openrouter.ai', port=443): Max retries exceeded with url: /api/v1/chat/completions (Caused by SSLError(SSLEOFError(8, 'EOF occurred in violation of protocol (_ssl.c:1129)')))
[2026-03-12 14:04:09] [openrouter] model=google/gemini-2.0-flash-001 attempt 1 exception: HTTPSConnectionPool(host='openrouter.ai', port=443): Max retries exceeded with url: /api/v1/chat/completions (Caused by SSLError(SSLEOFError(8, 'EOF occurred in violation of protocol (_ssl.c:1129)')))
[2026-03-12 14:04:11]     [meaningful_039] OK (lines=32, errors=0)
[2026-03-12 14:04:11]   generating meaningful_063 (type=meaningful, ~28 lines) …
[2026-03-12 14:04:11]     [meaningful_033] attempt 4: PNG render failed — retrying
[2026-03-12 14:04:12]     [meaningful_030] attempt 4: PNG render failed — retrying
[2026-03-12 14:04:13]     [meaningful_049] attempt 4: PNG render failed — retrying
[2026-03-12 14:04:13]     [meaningful_057] attempt 2: PNG render failed — retrying
[2026-03-12 14:04:14] [openrouter] model=google/gemini-2.0-flash-001 attempt 1 exception: HTTPSConnectionPool(host='openrouter.ai', port=443): Max retries exceeded with url: /api/v1/chat/completions (Caused by SSLError(SSLEOFError(8, 'EOF occurred in violation of protocol (_ssl.c:1129)')))
[2026-03-12 14:04:14] [openrouter] model=google/gemini-2.0-flash-001 attempt 1 exception: HTTPSConnectionPool(host='openrouter.ai', port=443): Max retries exceeded with url: /api/v1/chat/completions (Caused by SSLError(SSLEOFError(8, 'EOF occurred in violation of protocol (_ssl.c:1129)')))
[2026-03-12 14:04:15]     [meaningful_018] attempt 2: PNG render failed — retrying
[2026-03-12 14:04:16] [openrouter] model=google/gemini-2.0-flash-001 attempt 1 exception: HTTPSConnectionPool(host='openrouter.ai', port=443): Max retries exceeded with url: /api/v1/chat/completions (Caused by SSLError(SSLEOFError(8, 'EOF occurred in violation of protocol (_ssl.c:1129)')))
[2026-03-12 14:04:17]     [meaningful_062] attempt 1: PNG render failed — retrying
[2026-03-12 14:04:17]     [meaningful_013] attempt 4: PNG render failed — retrying
[2026-03-12 14:04:17]     [meaningful_041] attempt 4: PNG render failed — retrying
[2026-03-12 14:04:18] [openrouter] model=google/gemini-2.0-flash-001 attempt 1 exception: HTTPSConnectionPool(host='openrouter.ai', port=443): Max retries exceeded with url: /api/v1/chat/completions (Caused by SSLError(SSLEOFError(8, 'EOF occurred in violation of protocol (_ssl.c:1129)')))
[2026-03-12 14:04:18] [openrouter] model=google/gemini-2.0-flash-001 attempt 1 exception: HTTPSConnectionPool(host='openrouter.ai', port=443): Max retries exceeded with url: /api/v1/chat/completions (Caused by SSLError(SSLEOFError(8, 'EOF occurred in violation of protocol (_ssl.c:1129)')))
[2026-03-12 14:04:19]     [meaningful_038] OK (lines=30, errors=0)
[2026-03-12 14:04:19]   generating meaningful_071 (type=meaningful, ~25 lines) …
[2026-03-12 14:04:19]     [meaningful_063] OK (lines=33, errors=0)
[2026-03-12 14:04:19]   generating meaningful_073 (type=meaningful, ~36 lines) …
[2026-03-12 14:04:19]     [meaningful_022] attempt 4: PNG render failed — retrying
[2026-03-12 14:04:19]     [meaningful_050] attempt 3: PNG render failed — retrying
[2026-03-12 14:04:20]     [meaningful_036] attempt 4: PNG render failed — retrying
[2026-03-12 14:04:21]     [meaningful_002] attempt 4: PNG render failed — retrying
[2026-03-12 14:04:22] [openrouter] model=google/gemini-2.0-flash-001 attempt 1 exception: HTTPSConnectionPool(host='openrouter.ai', port=443): Max retries exceeded with url: /api/v1/chat/completions (Caused by SSLError(SSLEOFError(8, 'EOF occurred in violation of protocol (_ssl.c:1129)')))
[2026-03-12 14:04:24]     [meaningful_052] attempt 3: PNG render failed — retrying
[2026-03-12 14:04:24]     [meaningful_021] attempt 4: PNG render failed — retrying
[2026-03-12 14:04:24]     [meaningful_035] attempt 4: PNG render failed — retrying
[2026-03-12 14:04:26] [openrouter] model=google/gemini-2.0-flash-001 attempt 1 exception: HTTPSConnectionPool(host='openrouter.ai', port=443): Max retries exceeded with url: /api/v1/chat/completions (Caused by SSLError(SSLEOFError(8, 'EOF occurred in violation of protocol (_ssl.c:1129)')))
[2026-03-12 14:04:27]     [meaningful_007] attempt 4: empty/short mmd — retrying
[2026-03-12 14:04:27]     [meaningful_060] attempt 1: empty/short mmd — retrying
[2026-03-12 14:04:28]     [meaningful_031] attempt 4: PNG render failed — retrying
[2026-03-12 14:04:29]     [meaningful_026] OK (lines=12, errors=0)
[2026-03-12 14:04:29]   generating meaningful_076 (type=meaningful, ~26 lines) …
[2026-03-12 14:04:29] [openrouter] model=google/gemini-2.0-flash-001 attempt 1 exception: HTTPSConnectionPool(host='openrouter.ai', port=443): Max retries exceeded with url: /api/v1/chat/completions (Caused by SSLError(SSLEOFError(8, 'EOF occurred in violation of protocol (_ssl.c:1129)')))
[2026-03-12 14:04:29] [openrouter] model=google/gemini-2.0-flash-001 attempt 1 exception: HTTPSConnectionPool(host='openrouter.ai', port=443): Max retries exceeded with url: /api/v1/chat/completions (Caused by SSLError(SSLEOFError(8, 'EOF occurred in violation of protocol (_ssl.c:1129)')))
[2026-03-12 14:04:30] [openrouter] model=google/gemini-2.0-flash-001 attempt 1 exception: HTTPSConnectionPool(host='openrouter.ai', port=443): Max retries exceeded with url: /api/v1/chat/completions (Caused by SSLError(SSLEOFError(8, 'EOF occurred in violation of protocol (_ssl.c:1129)')))
[2026-03-12 14:04:31]     [meaningful_033] OK (lines=42, errors=0)
[2026-03-12 14:04:31]   generating meaningful_080 (type=meaningful, ~9 lines) …
[2026-03-12 14:04:31]     [meaningful_003] attempt 4: PNG render failed — retrying
[2026-03-12 14:04:33] [openrouter] model=google/gemini-2.0-flash-001 attempt 2 exception: HTTPSConnectionPool(host='openrouter.ai', port=443): Max retries exceeded with url: /api/v1/chat/completions (Caused by SSLError(SSLEOFError(8, 'EOF occurred in violation of protocol (_ssl.c:1129)')))
[2026-03-12 14:04:34] [openrouter] model=google/gemini-2.0-flash-001 attempt 1 exception: HTTPSConnectionPool(host='openrouter.ai', port=443): Max retries exceeded with url: /api/v1/chat/completions (Caused by SSLError(SSLEOFError(8, 'EOF occurred in violation of protocol (_ssl.c:1129)')))
[2026-03-12 14:04:34]     [meaningful_049] attempt 5: PNG render failed — retrying
[2026-03-12 14:04:35]     [meaningful_073] OK (lines=42, errors=0)
[2026-03-12 14:04:35]   generating meaningful_081 (type=meaningful, ~43 lines) …
[2026-03-12 14:04:35]     [meaningful_018] attempt 3: PNG render failed — retrying
[2026-03-12 14:04:35]     [meaningful_010] attempt 3: PNG render failed — retrying
[2026-03-12 14:04:35]     [meaningful_036] OK (lines=93, errors=0)
[2026-03-12 14:04:35]   generating meaningful_082 (type=meaningful, ~15 lines) …
[2026-03-12 14:04:36]     [meaningful_071] attempt 1: PNG render failed — retrying
[2026-03-12 14:04:37]     [meaningful_011] attempt 4: PNG render failed — retrying
[2026-03-12 14:04:37]     [meaningful_007] OK (lines=30, errors=0)
[2026-03-12 14:04:37]   generating meaningful_083 (type=meaningful, ~29 lines) …
[2026-03-12 14:04:38] [openrouter] model=google/gemini-2.0-flash-001 attempt 1 exception: HTTPSConnectionPool(host='openrouter.ai', port=443): Max retries exceeded with url: /api/v1/chat/completions (Caused by SSLError(SSLEOFError(8, 'EOF occurred in violation of protocol (_ssl.c:1129)')))
[2026-03-12 14:04:38]     [meaningful_060] OK (lines=23, errors=0)
[2026-03-12 14:04:38]   generating meaningful_084 (type=meaningful, ~9 lines) …
[2026-03-12 14:04:39] [openrouter] model=google/gemini-2.0-flash-001 attempt 1 exception: HTTPSConnectionPool(host='openrouter.ai', port=443): Max retries exceeded with url: /api/v1/chat/completions (Caused by SSLError(SSLEOFError(8, 'EOF occurred in violation of protocol (_ssl.c:1129)')))
[2026-03-12 14:04:39]     [meaningful_022] attempt 5: PNG render failed — retrying
[2026-03-12 14:04:40]     [meaningful_041] attempt 5: PNG render failed — retrying
[2026-03-12 14:04:40]     [meaningful_030] attempt 5: PNG render failed — retrying
[2026-03-12 14:04:41]     [meaningful_050] attempt 4: PNG render failed — retrying
[2026-03-12 14:04:41]     [meaningful_013] attempt 5: PNG render failed — retrying
[2026-03-12 14:04:45] [openrouter] model=google/gemini-2.0-flash-001 attempt 1 exception: HTTPSConnectionPool(host='openrouter.ai', port=443): Max retries exceeded with url: /api/v1/chat/completions (Caused by SSLError(SSLEOFError(8, 'EOF occurred in violation of protocol (_ssl.c:1129)')))
[2026-03-12 14:04:45] [openrouter] model=google/gemini-2.0-flash-001 attempt 2 exception: HTTPSConnectionPool(host='openrouter.ai', port=443): Max retries exceeded with url: /api/v1/chat/completions (Caused by SSLError(SSLEOFError(8, 'EOF occurred in violation of protocol (_ssl.c:1129)')))
[2026-03-12 14:04:45] [openrouter] model=google/gemini-2.0-flash-001 attempt 3 exception: HTTPSConnectionPool(host='openrouter.ai', port=443): Max retries exceeded with url: /api/v1/chat/completions (Caused by SSLError(SSLEOFError(8, 'EOF occurred in violation of protocol (_ssl.c:1129)')))
[2026-03-12 14:04:45] [openrouter] model=google/gemini-2.0-flash-001 attempt 1 exception: HTTPSConnectionPool(host='openrouter.ai', port=443): Max retries exceeded with url: /api/v1/chat/completions (Caused by SSLError(SSLEOFError(8, 'EOF occurred in violation of protocol (_ssl.c:1129)')))
[2026-03-12 14:04:45]     [meaningful_062] attempt 2: PNG render failed — retrying
[2026-03-12 14:04:46]     [meaningful_057] attempt 3: PNG render failed — retrying
[2026-03-12 14:04:46]     [meaningful_076] attempt 1: PNG render failed — retrying
[2026-03-12 14:04:46] [openrouter] model=google/gemini-2.0-flash-001 attempt 1 exception: HTTPSConnectionPool(host='openrouter.ai', port=443): Max retries exceeded with url: /api/v1/chat/completions (Caused by SSLError(SSLEOFError(8, 'EOF occurred in violation of protocol (_ssl.c:1129)')))
[2026-03-12 14:04:46]     [meaningful_080] attempt 1: PNG render failed — retrying
[2026-03-12 14:04:46] [openrouter] model=google/gemini-2.0-flash-001 attempt 1 exception: HTTPSConnectionPool(host='openrouter.ai', port=443): Max retries exceeded with url: /api/v1/chat/completions (Caused by SSLError(SSLEOFError(8, 'EOF occurred in violation of protocol (_ssl.c:1129)')))
[2026-03-12 14:04:48]     [meaningful_052] OK (lines=46, errors=0)
[2026-03-12 14:04:48]   generating meaningful_086 (type=meaningful, ~35 lines) …
[2026-03-12 14:04:51] [openrouter] model=google/gemini-2.0-flash-001 attempt 1 exception: HTTPSConnectionPool(host='openrouter.ai', port=443): Max retries exceeded with url: /api/v1/chat/completions (Caused by SSLError(SSLEOFError(8, 'EOF occurred in violation of protocol (_ssl.c:1129)')))
[2026-03-12 14:04:51] [openrouter] model=google/gemini-2.0-flash-001 attempt 1 exception: HTTPSConnectionPool(host='openrouter.ai', port=443): Max retries exceeded with url: /api/v1/chat/completions (Caused by SSLError(SSLEOFError(8, 'EOF occurred in violation of protocol (_ssl.c:1129)')))
[2026-03-12 14:04:52]     [meaningful_081] attempt 1: PNG render failed — retrying
[2026-03-12 14:04:52]     [meaningful_082] attempt 1: PNG render failed — retrying
[2026-03-12 14:04:54]     [meaningful_021] attempt 5: PNG render failed — retrying
[2026-03-12 14:04:54]     [meaningful_035] attempt 5: PNG render failed — retrying
[2026-03-12 14:04:56]     [meaningful_010] OK (lines=36, errors=0)
[2026-03-12 14:04:56]   generating meaningful_090 (type=meaningful, ~22 lines) …
[2026-03-12 14:04:56]     [meaningful_049] attempt 6: PNG render failed — retrying
[2026-03-12 14:04:57]     [meaningful_018] attempt 4: PNG render failed — retrying
[2026-03-12 14:04:57] [openrouter] model=google/gemini-2.0-flash-001 attempt 1 exception: HTTPSConnectionPool(host='openrouter.ai', port=443): Max retries exceeded with url: /api/v1/chat/completions (Caused by SSLError(SSLEOFError(8, 'EOF occurred in violation of protocol (_ssl.c:1129)')))
[2026-03-12 14:04:57] [openrouter] model=google/gemini-2.0-flash-001 attempt 3 exception: HTTPSConnectionPool(host='openrouter.ai', port=443): Max retries exceeded with url: /api/v1/chat/completions (Caused by SSLError(SSLEOFError(8, 'EOF occurred in violation of protocol (_ssl.c:1129)')))
[2026-03-12 14:04:58] [openrouter] model=google/gemini-2.0-flash-001 attempt 2 exception: HTTPSConnectionPool(host='openrouter.ai', port=443): Max retries exceeded with url: /api/v1/chat/completions (Caused by SSLError(SSLEOFError(8, 'EOF occurred in violation of protocol (_ssl.c:1129)')))
[2026-03-12 14:04:58]     [meaningful_031] attempt 5: PNG render failed — retrying
[2026-03-12 14:04:58]     [meaningful_071] attempt 2: PNG render failed — retrying
[2026-03-12 14:04:58]     [meaningful_003] attempt 5: PNG render failed — retrying
[2026-03-12 14:04:58] [openrouter] model=google/gemini-2.0-flash-001 attempt 1 exception: HTTPSConnectionPool(host='openrouter.ai', port=443): Max retries exceeded with url: /api/v1/chat/completions (Caused by SSLError(SSLEOFError(8, 'EOF occurred in violation of protocol (_ssl.c:1129)')))
[2026-03-12 14:04:59] [openrouter] model=google/gemini-2.0-flash-001 attempt 1 exception: HTTPSConnectionPool(host='openrouter.ai', port=443): Max retries exceeded with url: /api/v1/chat/completions (Caused by SSLError(SSLEOFError(8, 'EOF occurred in violation of protocol (_ssl.c:1129)')))
[2026-03-12 14:04:59]     [meaningful_011] attempt 5: PNG render failed — retrying
[2026-03-12 14:04:59] [openrouter] model=google/gemini-2.0-flash-001 attempt 1 exception: HTTPSConnectionPool(host='openrouter.ai', port=443): Max retries exceeded with url: /api/v1/chat/completions (Caused by SSLError(SSLEOFError(8, 'EOF occurred in violation of protocol (_ssl.c:1129)')))
[2026-03-12 14:05:00]     [meaningful_083] attempt 1: PNG render failed — retrying
[2026-03-12 14:05:00]     [meaningful_050] OK (lines=45, errors=0)
[2026-03-12 14:05:00]   generating meaningful_091 (type=meaningful, ~24 lines) …
[2026-03-12 14:05:00]     [meaningful_022] attempt 6: PNG render failed — retrying
[2026-03-12 14:05:02] [openrouter] model=google/gemini-2.0-flash-001 attempt 1 exception: HTTPSConnectionPool(host='openrouter.ai', port=443): Max retries exceeded with url: /api/v1/chat/completions (Caused by SSLError(SSLEOFError(8, 'EOF occurred in violation of protocol (_ssl.c:1129)')))
[2026-03-12 14:05:02] [openrouter] model=google/gemini-2.0-flash-001 attempt 1 exception: HTTPSConnectionPool(host='openrouter.ai', port=443): Max retries exceeded with url: /api/v1/chat/completions (Caused by SSLError(SSLEOFError(8, 'EOF occurred in violation of protocol (_ssl.c:1129)')))
[2026-03-12 14:05:03] [openrouter] model=google/gemini-2.0-flash-001 attempt 1 exception: HTTPSConnectionPool(host='openrouter.ai', port=443): Max retries exceeded with url: /api/v1/chat/completions (Caused by SSLError(SSLEOFError(8, 'EOF occurred in violation of protocol (_ssl.c:1129)')))
[2026-03-12 14:05:03]     [meaningful_002] attempt 5: empty/short mmd — retrying
[2026-03-12 14:05:04]     [meaningful_080] OK (lines=10, errors=0)
[2026-03-12 14:05:04]   generating meaningful_096 (type=meaningful, ~33 lines) …
[2026-03-12 14:05:06]     [meaningful_086] attempt 1: PNG render failed — retrying
[2026-03-12 14:05:06] [openrouter] model=google/gemini-2.0-flash-001 attempt 1 exception: HTTPSConnectionPool(host='openrouter.ai', port=443): Max retries exceeded with url: /api/v1/chat/completions (Caused by SSLError(SSLEOFError(8, 'EOF occurred in violation of protocol (_ssl.c:1129)')))
[2026-03-12 14:05:06] [openrouter] model=google/gemini-2.0-flash-001 attempt 2 exception: HTTPSConnectionPool(host='openrouter.ai', port=443): Max retries exceeded with url: /api/v1/chat/completions (Caused by SSLError(SSLEOFError(8, 'EOF occurred in violation of protocol (_ssl.c:1129)')))
[2026-03-12 14:05:07]     [meaningful_091] OK (lines=30, errors=0)
[2026-03-12 14:05:07]   generating meaningful_097 (type=meaningful, ~24 lines) …
[2026-03-12 14:05:08]     [meaningful_062] attempt 3: PNG render failed — retrying
[2026-03-12 14:05:08]     [meaningful_041] attempt 6: PNG render failed — retrying
[2026-03-12 14:05:08]     [meaningful_058] attempt 2: PNG render failed — retrying
[2026-03-12 14:05:08]     [meaningful_030] attempt 6: PNG render failed — retrying
[2026-03-12 14:05:09]     [meaningful_013] attempt 6: PNG render failed — retrying
[2026-03-12 14:05:10] [openrouter] model=google/gemini-2.0-flash-001 attempt 2 exception: HTTPSConnectionPool(host='openrouter.ai', port=443): Max retries exceeded with url: /api/v1/chat/completions (Caused by SSLError(SSLEOFError(8, 'EOF occurred in violation of protocol (_ssl.c:1129)')))
[2026-03-12 14:05:10] [openrouter] model=google/gemini-2.0-flash-001 attempt 3 exception: HTTPSConnectionPool(host='openrouter.ai', port=443): Max retries exceeded with url: /api/v1/chat/completions (Caused by SSLError(SSLEOFError(8, 'EOF occurred in violation of protocol (_ssl.c:1129)')))
[2026-03-12 14:05:10]     [meaningful_031] OK (lines=44, errors=0)
[2026-03-12 14:05:10]   generating meaningful_099 (type=meaningful, ~88 lines) …
[2026-03-12 14:05:11] [openrouter] model=google/gemini-2.0-flash-001 attempt 1 exception: HTTPSConnectionPool(host='openrouter.ai', port=443): Max retries exceeded with url: /api/v1/chat/completions (Caused by SSLError(SSLEOFError(8, 'EOF occurred in violation of protocol (_ssl.c:1129)')))
[2026-03-12 14:05:11] [openrouter] model=google/gemini-2.0-flash-001 attempt 1 exception: HTTPSConnectionPool(host='openrouter.ai', port=443): Max retries exceeded with url: /api/v1/chat/completions (Caused by SSLError(SSLEOFError(8, 'EOF occurred in violation of protocol (_ssl.c:1129)')))
[2026-03-12 14:05:14] [openrouter] model=google/gemini-2.0-flash-001 attempt 1 exception: HTTPSConnectionPool(host='openrouter.ai', port=443): Max retries exceeded with url: /api/v1/chat/completions (Caused by SSLError(SSLEOFError(8, 'EOF occurred in violation of protocol (_ssl.c:1129)')))
[2026-03-12 14:05:14]     [meaningful_090] attempt 1: PNG render failed — retrying
[2026-03-12 14:05:14]     [meaningful_057] attempt 4: PNG render failed — retrying
[2026-03-12 14:05:15]     [meaningful_084] attempt 1: empty/short mmd — retrying
[2026-03-12 14:05:16]     [meaningful_083] OK (lines=38, errors=0)
[2026-03-12 14:05:16]   generating meaningful_101 (type=meaningful, ~28 lines) …
[2026-03-12 14:05:18]     [meaningful_018] OK (lines=33, errors=0)
[2026-03-12 14:05:18]   generating meaningful_102 (type=meaningful, ~20 lines) …
[2026-03-12 14:05:19] [openrouter] model=google/gemini-2.0-flash-001 attempt 1 exception: HTTPSConnectionPool(host='openrouter.ai', port=443): Max retries exceeded with url: /api/v1/chat/completions (Caused by SSLError(SSLEOFError(8, 'EOF occurred in violation of protocol (_ssl.c:1129)')))
[2026-03-12 14:05:20] [openrouter] model=google/gemini-2.0-flash-001 attempt 1 exception: HTTPSConnectionPool(host='openrouter.ai', port=443): Max retries exceeded with url: /api/v1/chat/completions (Caused by SSLError(SSLEOFError(8, 'EOF occurred in violation of protocol (_ssl.c:1129)')))
[2026-03-12 14:05:20]     [meaningful_071] attempt 3: PNG render failed — retrying
[2026-03-12 14:05:20] [openrouter] model=google/gemini-2.0-flash-001 attempt 1 exception: HTTPSConnectionPool(host='openrouter.ai', port=443): Max retries exceeded with url: /api/v1/chat/completions (Caused by SSLError(SSLEOFError(8, 'EOF occurred in violation of protocol (_ssl.c:1129)')))
[2026-03-12 14:05:21]     [meaningful_096] attempt 1: PNG render failed — retrying
[2026-03-12 14:05:21]     [meaningful_082] attempt 2: PNG render failed — retrying
[2026-03-12 14:05:21]     [meaningful_011] attempt 6: PNG render failed — retrying
[2026-03-12 14:05:22]     [meaningful_021] attempt 6: PNG render failed — retrying
[2026-03-12 14:05:23]     [meaningful_081] attempt 2: PNG render failed — retrying
[2026-03-12 14:05:24]     [meaningful_049] attempt 7: PNG render failed — retrying
[2026-03-12 14:05:24]     [meaningful_002] attempt 6: PNG render failed — retrying
[2026-03-12 14:05:24]     [meaningful_097] OK (lines=27, errors=0)
[2026-03-12 14:05:24]   generating meaningful_105 (type=meaningful, ~43 lines) …
[2026-03-12 14:05:26] [openrouter] model=google/gemini-2.0-flash-001 attempt 1 exception: HTTPSConnectionPool(host='openrouter.ai', port=443): Max retries exceeded with url: /api/v1/chat/completions (Caused by SSLError(SSLEOFError(8, 'EOF occurred in violation of protocol (_ssl.c:1129)')))
[2026-03-12 14:05:26] [openrouter] model=google/gemini-2.0-flash-001 attempt 2 exception: HTTPSConnectionPool(host='openrouter.ai', port=443): Max retries exceeded with url: /api/v1/chat/completions (Caused by SSLError(SSLEOFError(8, 'EOF occurred in violation of protocol (_ssl.c:1129)')))
[2026-03-12 14:05:26] [openrouter] model=google/gemini-2.0-flash-001 attempt 2 exception: HTTPSConnectionPool(host='openrouter.ai', port=443): Max retries exceeded with url: /api/v1/chat/completions (Caused by SSLError(SSLEOFError(8, 'EOF occurred in violation of protocol (_ssl.c:1129)')))
[2026-03-12 14:05:27] [openrouter] model=google/gemini-2.0-flash-001 attempt 1 exception: HTTPSConnectionPool(host='openrouter.ai', port=443): Max retries exceeded with url: /api/v1/chat/completions (Caused by SSLError(SSLEOFError(8, 'EOF occurred in violation of protocol (_ssl.c:1129)')))
[2026-03-12 14:05:27] [openrouter] model=google/gemini-2.0-flash-001 attempt 1 exception: HTTPSConnectionPool(host='openrouter.ai', port=443): Max retries exceeded with url: /api/v1/chat/completions (Caused by SSLError(SSLEOFError(8, 'EOF occurred in violation of protocol (_ssl.c:1129)')))
[2026-03-12 14:05:28]     [meaningful_076] attempt 2: empty/short mmd — retrying
[2026-03-12 14:05:28] [openrouter] model=google/gemini-2.0-flash-001 attempt 1 exception: HTTPSConnectionPool(host='openrouter.ai', port=443): Max retries exceeded with url: /api/v1/chat/completions (Caused by SSLError(SSLEOFError(8, 'EOF occurred in violation of protocol (_ssl.c:1129)')))
[2026-03-12 14:05:29]     [meaningful_022] attempt 7: PNG render failed — retrying
[2026-03-12 14:05:30]     [meaningful_062] attempt 4: PNG render failed — retrying
[2026-03-12 14:05:31]     [meaningful_058] attempt 3: PNG render failed — retrying
[2026-03-12 14:05:32]     [meaningful_041] attempt 7: PNG render failed — retrying
[2026-03-12 14:05:33]     [meaningful_101] attempt 1: PNG render failed — retrying
[2026-03-12 14:05:35]     [meaningful_035] attempt 6: PNG render failed — retrying
[2026-03-12 14:05:35] [openrouter] model=google/gemini-2.0-flash-001 attempt 1 exception: HTTPSConnectionPool(host='openrouter.ai', port=443): Max retries exceeded with url: /api/v1/chat/completions (Caused by SSLError(SSLEOFError(8, 'EOF occurred in violation of protocol (_ssl.c:1129)')))
[2026-03-12 14:05:36]     [meaningful_002] OK (lines=35, errors=0)
[2026-03-12 14:05:36]   generating meaningful_108 (type=meaningful, ~24 lines) …
[2026-03-12 14:05:36]     [meaningful_030] attempt 7: PNG render failed — retrying
[2026-03-12 14:05:36]     [meaningful_099] attempt 1: PNG render failed — retrying
[2026-03-12 14:05:36]     [meaningful_086] attempt 2: PNG render failed — retrying
[2026-03-12 14:05:36]     [meaningful_084] attempt 2: PNG render failed — retrying
[2026-03-12 14:05:36] [openrouter] model=google/gemini-2.0-flash-001 attempt 1 exception: HTTPSConnectionPool(host='openrouter.ai', port=443): Max retries exceeded with url: /api/v1/chat/completions (Caused by SSLError(SSLEOFError(8, 'EOF occurred in violation of protocol (_ssl.c:1129)')))
[2026-03-12 14:05:39] [openrouter] model=google/gemini-2.0-flash-001 attempt 1 exception: HTTPSConnectionPool(host='openrouter.ai', port=443): Max retries exceeded with url: /api/v1/chat/completions (Caused by SSLError(SSLEOFError(8, 'EOF occurred in violation of protocol (_ssl.c:1129)')))
[2026-03-12 14:05:39] [openrouter] model=google/gemini-2.0-flash-001 attempt 3 exception: HTTPSConnectionPool(host='openrouter.ai', port=443): Max retries exceeded with url: /api/v1/chat/completions (Caused by SSLError(SSLEOFError(8, 'EOF occurred in violation of protocol (_ssl.c:1129)')))
[2026-03-12 14:05:40]     [meaningful_003] attempt 6: PNG render failed — retrying
[2026-03-12 14:05:40] [openrouter] model=google/gemini-2.0-flash-001 attempt 1 exception: HTTPSConnectionPool(host='openrouter.ai', port=443): Max retries exceeded with url: /api/v1/chat/completions (Caused by SSLError(SSLEOFError(8, 'EOF occurred in violation of protocol (_ssl.c:1129)')))
[2026-03-12 14:05:41]     [meaningful_102] attempt 1: PNG render failed — retrying
[2026-03-12 14:05:41]     [meaningful_082] OK (lines=23, errors=0)
[2026-03-12 14:05:41]   generating meaningful_110 (type=meaningful, ~33 lines) …
[2026-03-12 14:05:41]     [meaningful_105] attempt 1: PNG render failed — retrying
[2026-03-12 14:05:42]     [meaningful_071] attempt 4: PNG render failed — retrying
[2026-03-12 14:05:45]     [meaningful_049] OK (lines=38, errors=0)
[2026-03-12 14:05:45]   generating meaningful_113 (type=meaningful, ~67 lines) …
[2026-03-12 14:05:47] [openrouter] model=google/gemini-2.0-flash-001 attempt 1 exception: HTTPSConnectionPool(host='openrouter.ai', port=443): Max retries exceeded with url: /api/v1/chat/completions (Caused by SSLError(SSLEOFError(8, 'EOF occurred in violation of protocol (_ssl.c:1129)')))
[2026-03-12 14:05:49]     [meaningful_021] attempt 7: PNG render failed — retrying
[2026-03-12 14:05:49]     [meaningful_076] attempt 3: PNG render failed — retrying
[2026-03-12 14:05:49]     [meaningful_011] attempt 7: PNG render failed — retrying
[2026-03-12 14:05:50]     [meaningful_096] attempt 2: PNG render failed — retrying
[2026-03-12 14:05:52]     [meaningful_081] attempt 3: PNG render failed — retrying
[2026-03-12 14:05:52]     [meaningful_022] attempt 8: PNG render failed — retrying
[2026-03-12 14:05:52]     [meaningful_108] attempt 1: PNG render failed — retrying
[2026-03-12 14:05:53]     [meaningful_041] attempt 8: PNG render failed — retrying
[2026-03-12 14:05:54]     [meaningful_090] attempt 2: PNG render failed — retrying
[2026-03-12 14:05:57]     [meaningful_057] attempt 5: empty/short mmd — retrying
[2026-03-12 14:05:57]     [meaningful_110] attempt 1: PNG render failed — retrying
[2026-03-12 14:05:58]     [meaningful_062] attempt 5: PNG render failed — retrying
[2026-03-12 14:05:58]     [meaningful_086] attempt 3: PNG render failed — retrying
[2026-03-12 14:05:58]     [meaningful_058] attempt 4: PNG render failed — retrying
[2026-03-12 14:05:59]     [meaningful_084] attempt 3: PNG render failed — retrying
[2026-03-12 14:06:00] [openrouter] model=google/gemini-2.0-flash-001 attempt 1 exception: HTTPSConnectionPool(host='openrouter.ai', port=443): Max retries exceeded with url: /api/v1/chat/completions (Caused by SSLError(SSLEOFError(8, 'EOF occurred in violation of protocol (_ssl.c:1129)')))
[2026-03-12 14:06:00]     [meaningful_099] attempt 2: PNG render failed — retrying
[2026-03-12 14:06:02]     [meaningful_102] attempt 2: PNG render failed — retrying
[2026-03-12 14:06:02]     [meaningful_101] attempt 2: PNG render failed — retrying
[2026-03-12 14:06:03]     [meaningful_003] attempt 7: PNG render failed — retrying
[2026-03-12 14:06:03]     [meaningful_113] attempt 1: PNG render failed — retrying
[2026-03-12 14:06:04] [openrouter] model=google/gemini-2.0-flash-001 attempt 1 exception: HTTPSConnectionPool(host='openrouter.ai', port=443): Max retries exceeded with url: /api/v1/chat/completions (Caused by SSLError(SSLEOFError(8, 'EOF occurred in violation of protocol (_ssl.c:1129)')))
[2026-03-12 14:06:04] [openrouter] model=google/gemini-2.0-flash-001 attempt 1 exception: HTTPSConnectionPool(host='openrouter.ai', port=443): Max retries exceeded with url: /api/v1/chat/completions (Caused by SSLError(SSLEOFError(8, 'EOF occurred in violation of protocol (_ssl.c:1129)')))
[2026-03-12 14:06:04] [openrouter] model=google/gemini-2.0-flash-001 attempt 1 exception: HTTPSConnectionPool(host='openrouter.ai', port=443): Max retries exceeded with url: /api/v1/chat/completions (Caused by SSLError(SSLEOFError(8, 'EOF occurred in violation of protocol (_ssl.c:1129)')))
[2026-03-12 14:06:05]     [meaningful_105] attempt 2: PNG render failed — retrying
[2026-03-12 14:06:05]     [meaningful_035] attempt 7: PNG render failed — retrying
[2026-03-12 14:06:07] [openrouter] model=google/gemini-2.0-flash-001 attempt 1 exception: HTTPSConnectionPool(host='openrouter.ai', port=443): Max retries exceeded with url: /api/v1/chat/completions (Caused by SSLError(SSLEOFError(8, 'EOF occurred in violation of protocol (_ssl.c:1129)')))
[2026-03-12 14:06:08] [openrouter] model=google/gemini-2.0-flash-001 attempt 1 exception: HTTPSConnectionPool(host='openrouter.ai', port=443): Max retries exceeded with url: /api/v1/chat/completions (Caused by SSLError(SSLEOFError(8, 'EOF occurred in violation of protocol (_ssl.c:1129)')))
[2026-03-12 14:06:08] [openrouter] model=google/gemini-2.0-flash-001 attempt 1 exception: HTTPSConnectionPool(host='openrouter.ai', port=443): Max retries exceeded with url: /api/v1/chat/completions (Caused by SSLError(SSLEOFError(8, 'EOF occurred in violation of protocol (_ssl.c:1129)')))
[2026-03-12 14:06:09] [openrouter] model=google/gemini-2.0-flash-001 attempt 1 exception: HTTPSConnectionPool(host='openrouter.ai', port=443): Max retries exceeded with url: /api/v1/chat/completions (Caused by SSLError(SSLEOFError(8, 'EOF occurred in violation of protocol (_ssl.c:1129)')))
[2026-03-12 14:06:09]     [meaningful_071] attempt 5: PNG render failed — retrying
[2026-03-12 14:06:10]     [meaningful_076] attempt 4: PNG render failed — retrying
[2026-03-12 14:06:11]     [meaningful_021] attempt 8: PNG render failed — retrying
[2026-03-12 14:06:11]     [meaningful_011] attempt 8: PNG render failed — retrying
[2026-03-12 14:06:13]     [meaningful_041] OK (lines=47, errors=0)
[2026-03-12 14:06:13]   generating meaningful_116 (type=meaningful, ~13 lines) …
[2026-03-12 14:06:13]     [meaningful_096] attempt 3: PNG render failed — retrying
[2026-03-12 14:06:13] [openrouter] model=google/gemini-2.0-flash-001 attempt 1 exception: HTTPSConnectionPool(host='openrouter.ai', port=443): Max retries exceeded with url: /api/v1/chat/completions (Caused by SSLError(SSLEOFError(8, 'EOF occurred in violation of protocol (_ssl.c:1129)')))
[2026-03-12 14:06:13]     [meaningful_110] OK (lines=39, errors=0)
[2026-03-12 14:06:13]   generating meaningful_119 (type=meaningful, ~42 lines) …
[2026-03-12 14:06:14]     [meaningful_108] attempt 2: PNG render failed — retrying
[2026-03-12 14:06:15] [openrouter] model=google/gemini-2.0-flash-001 attempt 2 exception: HTTPSConnectionPool(host='openrouter.ai', port=443): Max retries exceeded with url: /api/v1/chat/completions (Caused by SSLError(SSLEOFError(8, 'EOF occurred in violation of protocol (_ssl.c:1129)')))
[2026-03-12 14:06:15]     [meaningful_081] attempt 4: PNG render failed — retrying
[2026-03-12 14:06:15] [openrouter] model=google/gemini-2.0-flash-001 attempt 1 exception: HTTPSConnectionPool(host='openrouter.ai', port=443): Max retries exceeded with url: /api/v1/chat/completions (Caused by SSLError(SSLEOFError(8, 'EOF occurred in violation of protocol (_ssl.c:1129)')))
[2026-03-12 14:06:16] [openrouter] model=google/gemini-2.0-flash-001 attempt 1 exception: HTTPSConnectionPool(host='openrouter.ai', port=443): Max retries exceeded with url: /api/v1/chat/completions (Caused by SSLError(SSLEOFError(8, 'EOF occurred in violation of protocol (_ssl.c:1129)')))
[2026-03-12 14:06:17] [openrouter] model=google/gemini-2.0-flash-001 attempt 1 exception: HTTPSConnectionPool(host='openrouter.ai', port=443): Max retries exceeded with url: /api/v1/chat/completions (Caused by SSLError(SSLEOFError(8, 'EOF occurred in violation of protocol (_ssl.c:1129)')))
[2026-03-12 14:06:17]     [meaningful_086] OK (lines=55, errors=0)
[2026-03-12 14:06:17]   generating meaningful_123 (type=meaningful, ~10 lines) …
[2026-03-12 14:06:18]     [meaningful_057] attempt 6: PNG render failed — retrying
[2026-03-12 14:06:19] [openrouter] model=google/gemini-2.0-flash-001 attempt 2 exception: HTTPSConnectionPool(host='openrouter.ai', port=443): Max retries exceeded with url: /api/v1/chat/completions (Caused by SSLError(SSLEOFError(8, 'EOF occurred in violation of protocol (_ssl.c:1129)')))
[2026-03-12 14:06:20]     [meaningful_013] attempt 7: PNG render failed — retrying
[2026-03-12 14:06:20]     [meaningful_084] attempt 4: PNG render failed — retrying
[2026-03-12 14:06:20] [openrouter] model=google/gemini-2.0-flash-001 attempt 1 exception: HTTPSConnectionPool(host='openrouter.ai', port=443): Max retries exceeded with url: /api/v1/chat/completions (Caused by SSLError(SSLEOFError(8, 'EOF occurred in violation of protocol (_ssl.c:1129)')))
[2026-03-12 14:06:21] [openrouter] model=google/gemini-2.0-flash-001 attempt 1 exception: HTTPSConnectionPool(host='openrouter.ai', port=443): Max retries exceeded with url: /api/v1/chat/completions (Caused by SSLError(SSLEOFError(8, 'EOF occurred in violation of protocol (_ssl.c:1129)')))
[2026-03-12 14:06:23]     [meaningful_090] attempt 3: PNG render failed — retrying
[2026-03-12 14:06:23] [openrouter] model=google/gemini-2.0-flash-001 attempt 2 exception: HTTPSConnectionPool(host='openrouter.ai', port=443): Max retries exceeded with url: /api/v1/chat/completions (Caused by SSLError(SSLEOFError(8, 'EOF occurred in violation of protocol (_ssl.c:1129)')))
[2026-03-12 14:06:23] [openrouter] model=google/gemini-2.0-flash-001 attempt 1 exception: HTTPSConnectionPool(host='openrouter.ai', port=443): Max retries exceeded with url: /api/v1/chat/completions (Caused by SSLError(SSLEOFError(8, 'EOF occurred in violation of protocol (_ssl.c:1129)')))
[2026-03-12 14:06:25] [openrouter] model=google/gemini-2.0-flash-001 attempt 1 exception: HTTPSConnectionPool(host='openrouter.ai', port=443): Max retries exceeded with url: /api/v1/chat/completions (Caused by SSLError(SSLEOFError(8, 'EOF occurred in violation of protocol (_ssl.c:1129)')))
[2026-03-12 14:06:25] [openrouter] model=google/gemini-2.0-flash-001 attempt 1 exception: HTTPSConnectionPool(host='openrouter.ai', port=443): Max retries exceeded with url: /api/v1/chat/completions (Caused by SSLError(SSLEOFError(8, 'EOF occurred in violation of protocol (_ssl.c:1129)')))
[2026-03-12 14:06:25]     [meaningful_071] OK (lines=41, errors=0)
[2026-03-12 14:06:25]   generating meaningful_125 (type=meaningful, ~35 lines) …
[2026-03-12 14:06:25]     [meaningful_099] attempt 3: PNG render failed — retrying
[2026-03-12 14:06:26]     [meaningful_105] attempt 3: PNG render failed — retrying
[2026-03-12 14:06:26]     [meaningful_062] attempt 6: PNG render failed — retrying
[2026-03-12 14:06:28]     [meaningful_035] attempt 8: PNG render failed — retrying
[2026-03-12 14:06:29]     [meaningful_058] attempt 5: PNG render failed — retrying
[2026-03-12 14:06:29]     [meaningful_096] OK (lines=47, errors=0)
[2026-03-12 14:06:29]   generating meaningful_126 (type=meaningful, ~35 lines) …
[2026-03-12 14:06:29] [openrouter] model=google/gemini-2.0-flash-001 attempt 1 exception: HTTPSConnectionPool(host='openrouter.ai', port=443): Max retries exceeded with url: /api/v1/chat/completions (Caused by SSLError(SSLEOFError(8, 'EOF occurred in violation of protocol (_ssl.c:1129)')))
[2026-03-12 14:06:30]     [meaningful_119] attempt 1: PNG render failed — retrying
[2026-03-12 14:06:32]     [meaningful_101] OK (lines=31, errors=0)
[2026-03-12 14:06:32]   generating meaningful_129 (type=meaningful, ~23 lines) …
[2026-03-12 14:06:32]     [meaningful_102] attempt 3: PNG render failed — retrying
[2026-03-12 14:06:32] [openrouter] model=google/gemini-2.0-flash-001 attempt 1 exception: HTTPSConnectionPool(host='openrouter.ai', port=443): Max retries exceeded with url: /api/v1/chat/completions (Caused by SSLError(SSLEOFError(8, 'EOF occurred in violation of protocol (_ssl.c:1129)')))
[2026-03-12 14:06:33]     [meaningful_003] attempt 8: PNG render failed — retrying
[2026-03-12 14:06:33] [openrouter] model=google/gemini-2.0-flash-001 attempt 1 exception: HTTPSConnectionPool(host='openrouter.ai', port=443): Max retries exceeded with url: /api/v1/chat/completions (Caused by SSLError(SSLEOFError(8, 'EOF occurred in violation of protocol (_ssl.c:1129)')))
[2026-03-12 14:06:33]     [meaningful_123] attempt 1: PNG render failed — retrying
[2026-03-12 14:06:33]     [meaningful_108] OK (lines=26, errors=0)
[2026-03-12 14:06:33]   generating meaningful_130 (type=meaningful, ~23 lines) …
[2026-03-12 14:06:36] [openrouter] model=google/gemini-2.0-flash-001 attempt 2 exception: HTTPSConnectionPool(host='openrouter.ai', port=443): Max retries exceeded with url: /api/v1/chat/completions (Caused by SSLError(SSLEOFError(8, 'EOF occurred in violation of protocol (_ssl.c:1129)')))
[2026-03-12 14:06:37]     [meaningful_030] OK (lines=31, errors=0)
[2026-03-12 14:06:37]   generating meaningful_131 (type=meaningful, ~25 lines) …
[2026-03-12 14:06:38] [openrouter] model=google/gemini-2.0-flash-001 attempt 1 exception: HTTPSConnectionPool(host='openrouter.ai', port=443): Max retries exceeded with url: /api/v1/chat/completions (Caused by SSLError(SSLEOFError(8, 'EOF occurred in violation of protocol (_ssl.c:1129)')))
[2026-03-12 14:06:38] [openrouter] model=google/gemini-2.0-flash-001 attempt 1 exception: HTTPSConnectionPool(host='openrouter.ai', port=443): Max retries exceeded with url: /api/v1/chat/completions (Caused by SSLError(SSLEOFError(8, 'EOF occurred in violation of protocol (_ssl.c:1129)')))
[2026-03-12 14:06:38]     [meaningful_076] attempt 5: PNG render failed — retrying
[2026-03-12 14:06:40]     [meaningful_021] attempt 9: PNG render failed — retrying
[2026-03-12 14:06:44] [openrouter] model=google/gemini-2.0-flash-001 attempt 2 exception: HTTPSConnectionPool(host='openrouter.ai', port=443): Max retries exceeded with url: /api/v1/chat/completions (Caused by SSLError(SSLEOFError(8, 'EOF occurred in violation of protocol (_ssl.c:1129)')))
[2026-03-12 14:06:44]     [meaningful_125] attempt 1: PNG render failed — retrying
[2026-03-12 14:06:44]     [meaningful_081] attempt 5: PNG render failed — retrying
[2026-03-12 14:06:45]     [meaningful_113] attempt 2: PNG render failed — retrying
[2026-03-12 14:06:45] [openrouter] model=google/gemini-2.0-flash-001 attempt 1 exception: HTTPSConnectionPool(host='openrouter.ai', port=443): Max retries exceeded with url: /api/v1/chat/completions (Caused by SSLError(SSLEOFError(8, 'EOF occurred in violation of protocol (_ssl.c:1129)')))
[2026-03-12 14:06:46]     [meaningful_084] attempt 5: PNG render failed — retrying
[2026-03-12 14:06:46]     [meaningful_090] attempt 4: PNG render failed — retrying
[2026-03-12 14:06:46]     [meaningful_057] attempt 7: PNG render failed — retrying
[2026-03-12 14:06:46]     [meaningful_116] attempt 1: PNG render failed — retrying
[2026-03-12 14:06:48] [openrouter] model=google/gemini-2.0-flash-001 attempt 3 exception: HTTPSConnectionPool(host='openrouter.ai', port=443): Max retries exceeded with url: /api/v1/chat/completions (Caused by SSLError(SSLEOFError(8, 'EOF occurred in violation of protocol (_ssl.c:1129)')))
[2026-03-12 14:06:49]     [meaningful_062] attempt 7: PNG render failed — retrying
[2026-03-12 14:06:49]     [meaningful_035] OK (lines=26, errors=0)
[2026-03-12 14:06:49]   generating meaningful_132 (type=meaningful, ~52 lines) …
[2026-03-12 14:06:49] [openrouter] model=google/gemini-2.0-flash-001 attempt 1 exception: HTTPSConnectionPool(host='openrouter.ai', port=443): Max retries exceeded with url: /api/v1/chat/completions (Caused by SSLError(SSLEOFError(8, 'EOF occurred in violation of protocol (_ssl.c:1129)')))
[2026-03-12 14:06:50]     [meaningful_105] attempt 4: PNG render failed — retrying
[2026-03-12 14:06:50] [openrouter] model=google/gemini-2.0-flash-001 attempt 1 exception: HTTPSConnectionPool(host='openrouter.ai', port=443): Max retries exceeded with url: /api/v1/chat/completions (Caused by SSLError(SSLEOFError(8, 'EOF occurred in violation of protocol (_ssl.c:1129)')))
[2026-03-12 14:06:50] [openrouter] model=google/gemini-2.0-flash-001 attempt 1 exception: HTTPSConnectionPool(host='openrouter.ai', port=443): Max retries exceeded with url: /api/v1/chat/completions (Caused by SSLError(SSLEOFError(8, 'EOF occurred in violation of protocol (_ssl.c:1129)')))
[2026-03-12 14:06:50]     [meaningful_130] attempt 1: PNG render failed — retrying
[2026-03-12 14:06:50]     [meaningful_099] attempt 4: PNG render failed — retrying
[2026-03-12 14:06:52]     [meaningful_058] attempt 6: PNG render failed — retrying
[2026-03-12 14:06:52]     [meaningful_011] OK (lines=46, errors=0)
[2026-03-12 14:06:52]   generating meaningful_133 (type=meaningful, ~19 lines) …
[2026-03-12 14:06:52]     [meaningful_013] attempt 8: PNG render failed — retrying
[2026-03-12 14:06:54]     [meaningful_119] attempt 2: PNG render failed — retrying
[2026-03-12 14:06:54]     [meaningful_129] attempt 1: PNG render failed — retrying
[2026-03-12 14:06:54]     [meaningful_123] attempt 2: PNG render failed — retrying
[2026-03-12 14:06:54]     [meaningful_022] OK (lines=33, errors=0)
[2026-03-12 14:06:54]   generating meaningful_134 (type=meaningful, ~16 lines) …
[2026-03-12 14:06:56]     [meaningful_003] attempt 9: PNG render failed — retrying
[2026-03-12 14:06:57] [openrouter] model=google/gemini-2.0-flash-001 attempt 3 exception: HTTPSConnectionPool(host='openrouter.ai', port=443): Max retries exceeded with url: /api/v1/chat/completions (Caused by SSLError(SSLEOFError(8, 'EOF occurred in violation of protocol (_ssl.c:1129)')))
[2026-03-12 14:06:57] [openrouter] model=google/gemini-2.0-flash-001 attempt 1 exception: HTTPSConnectionPool(host='openrouter.ai', port=443): Max retries exceeded with url: /api/v1/chat/completions (Caused by SSLError(SSLEOFError(8, 'EOF occurred in violation of protocol (_ssl.c:1129)')))
[2026-03-12 14:06:58] [openrouter] model=google/gemini-2.0-flash-001 attempt 1 exception: HTTPSConnectionPool(host='openrouter.ai', port=443): Max retries exceeded with url: /api/v1/chat/completions (Caused by SSLError(SSLEOFError(8, 'EOF occurred in violation of protocol (_ssl.c:1129)')))
[2026-03-12 14:07:00]     [meaningful_102] attempt 4: PNG render failed — retrying
[2026-03-12 14:07:02] [openrouter] model=google/gemini-2.0-flash-001 attempt 1 exception: HTTPSConnectionPool(host='openrouter.ai', port=443): Max retries exceeded with url: /api/v1/chat/completions (Caused by SSLError(SSLEOFError(8, 'EOF occurred in violation of protocol (_ssl.c:1129)')))
[2026-03-12 14:07:02]     [meaningful_076] attempt 6: PNG render failed — retrying
[2026-03-12 14:07:05]     [meaningful_132] OK (lines=72, errors=0)
[2026-03-12 14:07:05]   generating meaningful_135 (type=meaningful, ~18 lines) …
[2026-03-12 14:07:05] [openrouter] model=google/gemini-2.0-flash-001 attempt 1 exception: HTTPSConnectionPool(host='openrouter.ai', port=443): Max retries exceeded with url: /api/v1/chat/completions (Caused by SSLError(SSLEOFError(8, 'EOF occurred in violation of protocol (_ssl.c:1129)')))
[2026-03-12 14:07:06]     [meaningful_084] OK (lines=14, errors=0)
[2026-03-12 14:07:06]   generating meaningful_136 (type=meaningful, ~17 lines) …
[2026-03-12 14:07:06]     [meaningful_126] attempt 1: empty/short mmd — retrying
[2026-03-12 14:07:06] [openrouter] model=google/gemini-2.0-flash-001 attempt 1 exception: HTTPSConnectionPool(host='openrouter.ai', port=443): Max retries exceeded with url: /api/v1/chat/completions (Caused by SSLError(SSLEOFError(8, 'EOF occurred in violation of protocol (_ssl.c:1129)')))
[2026-03-12 14:07:07]     [meaningful_090] attempt 5: PNG render failed — retrying
[2026-03-12 14:07:08]     [meaningful_021] OK (lines=36, errors=0)
[2026-03-12 14:07:08]   generating meaningful_139 (type=meaningful, ~25 lines) …
[2026-03-12 14:07:08]     [meaningful_113] attempt 3: PNG render failed — retrying
[2026-03-12 14:07:09]     [meaningful_133] attempt 1: PNG render failed — retrying
[2026-03-12 14:07:10]     [meaningful_057] attempt 8: PNG render failed — retrying
[2026-03-12 14:07:10]     [meaningful_134] attempt 1: PNG render failed — retrying
[2026-03-12 14:07:11]     [meaningful_130] attempt 2: PNG render failed — retrying
[2026-03-12 14:07:11]     [meaningful_062] attempt 8: PNG render failed — retrying
[2026-03-12 14:07:11]     [meaningful_105] attempt 5: PNG render failed — retrying
[2026-03-12 14:07:13] [openrouter] model=google/gemini-2.0-flash-001 attempt 2 exception: HTTPSConnectionPool(host='openrouter.ai', port=443): Max retries exceeded with url: /api/v1/chat/completions (Caused by SSLError(SSLEOFError(8, 'EOF occurred in violation of protocol (_ssl.c:1129)')))
[2026-03-12 14:07:14] [openrouter] model=google/gemini-2.0-flash-001 attempt 1 exception: HTTPSConnectionPool(host='openrouter.ai', port=443): Max retries exceeded with url: /api/v1/chat/completions (Caused by SSLError(SSLEOFError(8, 'EOF occurred in violation of protocol (_ssl.c:1129)')))
[2026-03-12 14:07:14]     [meaningful_099] attempt 5: PNG render failed — retrying
[2026-03-12 14:07:15]     [meaningful_125] attempt 2: PNG render failed — retrying
[2026-03-12 14:07:15]     [meaningful_131] attempt 1: empty/short mmd — retrying
[2026-03-12 14:07:15]     [meaningful_081] attempt 6: PNG render failed — retrying
[2026-03-12 14:07:15]     [meaningful_119] attempt 3: PNG render failed — retrying
[2026-03-12 14:07:16]     [meaningful_129] attempt 2: PNG render failed — retrying
[2026-03-12 14:07:17] [openrouter] model=google/gemini-2.0-flash-001 attempt 1 exception: HTTPSConnectionPool(host='openrouter.ai', port=443): Max retries exceeded with url: /api/v1/chat/completions (Caused by SSLError(SSLEOFError(8, 'EOF occurred in violation of protocol (_ssl.c:1129)')))
[2026-03-12 14:07:17] [openrouter] model=google/gemini-2.0-flash-001 attempt 1 exception: HTTPSConnectionPool(host='openrouter.ai', port=443): Max retries exceeded with url: /api/v1/chat/completions (Caused by SSLError(SSLEOFError(8, 'EOF occurred in violation of protocol (_ssl.c:1129)')))
[2026-03-12 14:07:21]     [meaningful_135] attempt 1: PNG render failed — retrying
[2026-03-12 14:07:22]     [meaningful_058] attempt 7: PNG render failed — retrying
[2026-03-12 14:07:23]     [meaningful_076] attempt 7: PNG render failed — retrying
[2026-03-12 14:07:24]     [meaningful_013] attempt 9: PNG render failed — retrying
[2026-03-12 14:07:25] [openrouter] model=google/gemini-2.0-flash-001 attempt 3 exception: HTTPSConnectionPool(host='openrouter.ai', port=443): Max retries exceeded with url: /api/v1/chat/completions (Caused by SSLError(SSLEOFError(8, 'EOF occurred in violation of protocol (_ssl.c:1129)')))
[2026-03-12 14:07:26] [openrouter] model=google/gemini-2.0-flash-001 attempt 1 exception: HTTPSConnectionPool(host='openrouter.ai', port=443): Max retries exceeded with url: /api/v1/chat/completions (Caused by SSLError(SSLEOFError(8, 'EOF occurred in violation of protocol (_ssl.c:1129)')))
[2026-03-12 14:07:27]     [meaningful_003] attempt 10: PNG render failed — retrying
[2026-03-12 14:07:27]     [meaningful_139] attempt 1: PNG render failed — retrying
[2026-03-12 14:07:27]     [meaningful_130] OK (lines=29, errors=0)
[2026-03-12 14:07:27]   generating meaningful_140 (type=meaningful, ~11 lines) …
[2026-03-12 14:07:27]     [meaningful_102] attempt 5: PNG render failed — retrying
[2026-03-12 14:07:28]     [meaningful_126] attempt 2: PNG render failed — retrying
[2026-03-12 14:07:29] [openrouter] model=google/gemini-2.0-flash-001 attempt 1 exception: HTTPSConnectionPool(host='openrouter.ai', port=443): Max retries exceeded with url: /api/v1/chat/completions (Caused by SSLError(SSLEOFError(8, 'EOF occurred in violation of protocol (_ssl.c:1129)')))
[2026-03-12 14:07:29] [openrouter] model=google/gemini-2.0-flash-001 attempt 1 exception: HTTPSConnectionPool(host='openrouter.ai', port=443): Max retries exceeded with url: /api/v1/chat/completions (Caused by SSLError(SSLEOFError(8, 'EOF occurred in violation of protocol (_ssl.c:1129)')))
[2026-03-12 14:07:31]     [meaningful_057] attempt 9: PNG render failed — retrying
[2026-03-12 14:07:33]     [meaningful_134] attempt 2: PNG render failed — retrying
[2026-03-12 14:07:33] [openrouter] model=google/gemini-2.0-flash-001 attempt 1 exception: HTTPSConnectionPool(host='openrouter.ai', port=443): Max retries exceeded with url: /api/v1/chat/completions (Caused by SSLError(SSLEOFError(8, 'EOF occurred in violation of protocol (_ssl.c:1129)')))
[2026-03-12 14:07:35]     [meaningful_131] attempt 2: PNG render failed — retrying
[2026-03-12 14:07:36]     [meaningful_081] attempt 7: PNG render failed — retrying
[2026-03-12 14:07:36]     [meaningful_125] attempt 3: PNG render failed — retrying
[2026-03-12 14:07:38]     [meaningful_119] attempt 4: PNG render failed — retrying
[2026-03-12 14:07:38]     [meaningful_113] attempt 4: PNG render failed — retrying
[2026-03-12 14:07:38]     [meaningful_099] attempt 6: PNG render failed — retrying
[2026-03-12 14:07:39]     [meaningful_129] attempt 3: PNG render failed — retrying
[2026-03-12 14:07:40]     [meaningful_090] attempt 6: PNG render failed — retrying
[2026-03-12 14:07:40]     [meaningful_105] attempt 6: PNG render failed — retrying
[2026-03-12 14:07:42]     [meaningful_076] OK (lines=41, errors=0)
[2026-03-12 14:07:42]   generating meaningful_141 (type=meaningful, ~57 lines) …
[2026-03-12 14:07:43] [openrouter] model=google/gemini-2.0-flash-001 attempt 1 exception: HTTPSConnectionPool(host='openrouter.ai', port=443): Max retries exceeded with url: /api/v1/chat/completions (Caused by SSLError(SSLEOFError(8, 'EOF occurred in violation of protocol (_ssl.c:1129)')))
[2026-03-12 14:07:43]     [meaningful_140] attempt 1: PNG render failed — retrying
[2026-03-12 14:07:43]     [meaningful_136] attempt 1: empty/short mmd — retrying
[2026-03-12 14:07:44]     [meaningful_102] OK (lines=22, errors=0)
[2026-03-12 14:07:44]   generating meaningful_144 (type=meaningful, ~33 lines) …
[2026-03-12 14:07:45]     [meaningful_058] attempt 8: PNG render failed — retrying
[2026-03-12 14:07:46] [openrouter] model=google/gemini-2.0-flash-001 attempt 1 exception: HTTPSConnectionPool(host='openrouter.ai', port=443): Max retries exceeded with url: /api/v1/chat/completions (Caused by SSLError(SSLEOFError(8, 'EOF occurred in violation of protocol (_ssl.c:1129)')))
[2026-03-12 14:07:47]     [meaningful_057] OK (lines=32, errors=0)
[2026-03-12 14:07:47]   generating meaningful_145 (type=meaningful, ~22 lines) …
[2026-03-12 14:07:47] [openrouter] model=google/gemini-2.0-flash-001 attempt 1 exception: HTTPSConnectionPool(host='openrouter.ai', port=443): Max retries exceeded with url: /api/v1/chat/completions (Caused by SSLError(SSLEOFError(8, 'EOF occurred in violation of protocol (_ssl.c:1129)')))
[2026-03-12 14:07:48]     [meaningful_135] attempt 2: PNG render failed — retrying
[2026-03-12 14:07:49]     [meaningful_003] attempt 11: PNG render failed — retrying
[2026-03-12 14:07:50]     [meaningful_139] attempt 2: PNG render failed — retrying
[2026-03-12 14:07:51] [openrouter] model=google/gemini-2.0-flash-001 attempt 1 exception: HTTPSConnectionPool(host='openrouter.ai', port=443): Max retries exceeded with url: /api/v1/chat/completions (Caused by SSLError(SSLEOFError(8, 'EOF occurred in violation of protocol (_ssl.c:1129)')))
[2026-03-12 14:07:54] [openrouter] model=google/gemini-2.0-flash-001 attempt 1 exception: HTTPSConnectionPool(host='openrouter.ai', port=443): Max retries exceeded with url: /api/v1/chat/completions (Caused by SSLError(SSLEOFError(8, 'EOF occurred in violation of protocol (_ssl.c:1129)')))
[2026-03-12 14:07:54]     [meaningful_136] OK (lines=20, errors=0)
[2026-03-12 14:07:54]   generating meaningful_151 (type=meaningful, ~8 lines) …
[2026-03-12 14:07:55]     [meaningful_013] attempt 10: PNG render failed — retrying
[2026-03-12 14:07:56]     [meaningful_134] attempt 3: PNG render failed — retrying
[2026-03-12 14:07:58]     [meaningful_141] OK (lines=42, errors=0)
[2026-03-12 14:07:58]   generating meaningful_154 (type=meaningful, ~20 lines) …
[2026-03-12 14:07:58] [openrouter] model=google/gemini-2.0-flash-001 attempt 1 exception: HTTPSConnectionPool(host='openrouter.ai', port=443): Max retries exceeded with url: /api/v1/chat/completions (Caused by SSLError(SSLEOFError(8, 'EOF occurred in violation of protocol (_ssl.c:1129)')))
[2026-03-12 14:07:59]     [meaningful_081] attempt 8: PNG render failed — retrying
[2026-03-12 14:07:59]     [meaningful_131] attempt 3: PNG render failed — retrying
[2026-03-12 14:07:59]     [meaningful_125] attempt 4: PNG render failed — retrying
[2026-03-12 14:08:00]     [meaningful_123] attempt 3: PNG render failed — retrying
[2026-03-12 14:08:00]     [meaningful_135] OK (lines=40, errors=0)
[2026-03-12 14:08:00]   generating meaningful_156 (type=meaningful, ~37 lines) …
[2026-03-12 14:08:01]     [meaningful_126] attempt 3: PNG render failed — retrying
[2026-03-12 14:08:03]     [meaningful_099] attempt 7: PNG render failed — retrying
[2026-03-12 14:08:03]     [meaningful_119] attempt 5: PNG render failed — retrying
[2026-03-12 14:08:03]     [meaningful_090] attempt 7: PNG render failed — retrying
[2026-03-12 14:08:04]     [meaningful_113] attempt 5: PNG render failed — retrying
[2026-03-12 14:08:04]     [meaningful_144] attempt 1: PNG render failed — retrying
[2026-03-12 14:08:06]     [meaningful_140] attempt 2: PNG render failed — retrying
[2026-03-12 14:08:07] [openrouter] model=google/gemini-2.0-flash-001 attempt 1 exception: HTTPSConnectionPool(host='openrouter.ai', port=443): Max retries exceeded with url: /api/v1/chat/completions (Caused by SSLError(SSLEOFError(8, 'EOF occurred in violation of protocol (_ssl.c:1129)')))
[2026-03-12 14:08:09]     [meaningful_151] attempt 1: PNG render failed — retrying
[2026-03-12 14:08:10]     [meaningful_145] attempt 1: PNG render failed — retrying
[2026-03-12 14:08:11]     [meaningful_154] OK (lines=29, errors=0)
[2026-03-12 14:08:11]   generating meaningful_157 (type=meaningful, ~263 lines) …
[2026-03-12 14:08:11] [openrouter] model=google/gemini-2.0-flash-001 attempt 1 exception: HTTPSConnectionPool(host='openrouter.ai', port=443): Max retries exceeded with url: /api/v1/chat/completions (Caused by SSLError(SSLEOFError(8, 'EOF occurred in violation of protocol (_ssl.c:1129)')))
[2026-03-12 14:08:12] [openrouter] model=google/gemini-2.0-flash-001 attempt 1 exception: HTTPSConnectionPool(host='openrouter.ai', port=443): Max retries exceeded with url: /api/v1/chat/completions (Caused by SSLError(SSLEOFError(8, 'EOF occurred in violation of protocol (_ssl.c:1129)')))
[2026-03-12 14:08:12]     [meaningful_139] attempt 3: PNG render failed — retrying
[2026-03-12 14:08:14]     [meaningful_105] attempt 7: PNG render failed — retrying
[2026-03-12 14:08:14]     [meaningful_058] attempt 9: PNG render failed — retrying
[2026-03-12 14:08:15] [openrouter] model=google/gemini-2.0-flash-001 attempt 1 exception: HTTPSConnectionPool(host='openrouter.ai', port=443): Max retries exceeded with url: /api/v1/chat/completions (Caused by SSLError(SSLEOFError(8, 'EOF occurred in violation of protocol (_ssl.c:1129)')))
[2026-03-12 14:08:16] [openrouter] model=google/gemini-2.0-flash-001 attempt 1 exception: HTTPSConnectionPool(host='openrouter.ai', port=443): Max retries exceeded with url: /api/v1/chat/completions (Caused by SSLError(SSLEOFError(8, 'EOF occurred in violation of protocol (_ssl.c:1129)')))
[2026-03-12 14:08:16]     [meaningful_133] attempt 2: PNG render failed — retrying
[2026-03-12 14:08:18] [openrouter] model=google/gemini-2.0-flash-001 attempt 2 exception: HTTPSConnectionPool(host='openrouter.ai', port=443): Max retries exceeded with url: /api/v1/chat/completions (Caused by SSLError(SSLEOFError(8, 'EOF occurred in violation of protocol (_ssl.c:1129)')))
[2026-03-12 14:08:18] [openrouter] model=google/gemini-2.0-flash-001 attempt 2 exception: HTTPSConnectionPool(host='openrouter.ai', port=443): Max retries exceeded with url: /api/v1/chat/completions (Caused by SSLError(SSLEOFError(8, 'EOF occurred in violation of protocol (_ssl.c:1129)')))
[2026-03-12 14:08:19] [openrouter] model=google/gemini-2.0-flash-001 attempt 1 exception: HTTPSConnectionPool(host='openrouter.ai', port=443): Max retries exceeded with url: /api/v1/chat/completions (Caused by SSLError(SSLEOFError(8, 'EOF occurred in violation of protocol (_ssl.c:1129)')))
[2026-03-12 14:08:19]     [meaningful_003] attempt 12: PNG render failed — retrying
[2026-03-12 14:08:19]     [meaningful_134] attempt 4: PNG render failed — retrying
[2026-03-12 14:08:20]     [meaningful_156] attempt 1: PNG render failed — retrying
[2026-03-12 14:08:20] [openrouter] model=google/gemini-2.0-flash-001 attempt 1 exception: HTTPSConnectionPool(host='openrouter.ai', port=443): Max retries exceeded with url: /api/v1/chat/completions (Caused by SSLError(SSLEOFError(8, 'EOF occurred in violation of protocol (_ssl.c:1129)')))
[2026-03-12 14:08:20]     [meaningful_013] attempt 11: PNG render failed — retrying
[2026-03-12 14:08:20]     [meaningful_123] attempt 4: PNG render failed — retrying
[2026-03-12 14:08:20]     [meaningful_131] attempt 4: PNG render failed — retrying
[2026-03-12 14:08:21]     [meaningful_081] attempt 9: PNG render failed — retrying
[2026-03-12 14:08:24]     [meaningful_003] FAILED after 12 attempts — skipping
[2026-03-12 14:08:24]   generating meaningful_158 (type=meaningful, ~20 lines) …
[2026-03-12 14:08:25]     [meaningful_125] attempt 5: PNG render failed — retrying
[2026-03-12 14:08:25]     [meaningful_062] attempt 9: PNG render failed — retrying
[2026-03-12 14:08:27] [openrouter] model=google/gemini-2.0-flash-001 attempt 1 exception: HTTPSConnectionPool(host='openrouter.ai', port=443): Max retries exceeded with url: /api/v1/chat/completions (Caused by SSLError(SSLEOFError(8, 'EOF occurred in violation of protocol (_ssl.c:1129)')))
[2026-03-12 14:08:27]     [meaningful_144] attempt 2: PNG render failed — retrying
[2026-03-12 14:08:27]     [meaningful_119] attempt 6: PNG render failed — retrying
[2026-03-12 14:08:27]     [meaningful_090] attempt 8: PNG render failed — retrying
[2026-03-12 14:08:27]     [meaningful_099] attempt 8: PNG render failed — retrying
[2026-03-12 14:08:28]     [meaningful_113] attempt 6: PNG render failed — retrying
[2026-03-12 14:08:29]     [meaningful_139] OK (lines=36, errors=0)
[2026-03-12 14:08:29]   generating meaningful_159 (type=meaningful, ~125 lines) …
[2026-03-12 14:08:31] [openrouter] model=google/gemini-2.0-flash-001 attempt 3 exception: HTTPSConnectionPool(host='openrouter.ai', port=443): Max retries exceeded with url: /api/v1/chat/completions (Caused by SSLError(SSLEOFError(8, 'EOF occurred in violation of protocol (_ssl.c:1129)')))
[2026-03-12 14:08:31]     [meaningful_158] OK (lines=32, errors=0)
[2026-03-12 14:08:31]   generating meaningful_160 (type=meaningful, ~28 lines) …
[2026-03-12 14:08:31]     [meaningful_126] attempt 4: PNG render failed — retrying
[2026-03-12 14:08:32] [openrouter] model=google/gemini-2.0-flash-001 attempt 1 exception: HTTPSConnectionPool(host='openrouter.ai', port=443): Max retries exceeded with url: /api/v1/chat/completions (Caused by SSLError(SSLEOFError(8, 'EOF occurred in violation of protocol (_ssl.c:1129)')))
[2026-03-12 14:08:32] [openrouter] model=google/gemini-2.0-flash-001 attempt 1 exception: HTTPSConnectionPool(host='openrouter.ai', port=443): Max retries exceeded with url: /api/v1/chat/completions (Caused by SSLError(SSLEOFError(8, 'EOF occurred in violation of protocol (_ssl.c:1129)')))
[2026-03-12 14:08:33] [openrouter] model=google/gemini-2.0-flash-001 attempt 1 exception: HTTPSConnectionPool(host='openrouter.ai', port=443): Max retries exceeded with url: /api/v1/chat/completions (Caused by SSLError(SSLEOFError(8, 'EOF occurred in violation of protocol (_ssl.c:1129)')))
[2026-03-12 14:08:36]     [meaningful_151] attempt 2: PNG render failed — retrying
[2026-03-12 14:08:37]     [meaningful_116] attempt 2: PNG render failed — retrying
[2026-03-12 14:08:38]     [meaningful_145] attempt 2: PNG render failed — retrying
[2026-03-12 14:08:39] [openrouter] model=google/gemini-2.0-flash-001 attempt 2 exception: HTTPSConnectionPool(host='openrouter.ai', port=443): Max retries exceeded with url: /api/v1/chat/completions (Caused by SSLError(SSLEOFError(8, 'EOF occurred in violation of protocol (_ssl.c:1129)')))
[2026-03-12 14:08:39]     [meaningful_133] attempt 3: PNG render failed — retrying
[2026-03-12 14:08:39] [openrouter] model=google/gemini-2.0-flash-001 attempt 2 exception: HTTPSConnectionPool(host='openrouter.ai', port=443): Max retries exceeded with url: /api/v1/chat/completions (Caused by SSLError(SSLEOFError(8, 'EOF occurred in violation of protocol (_ssl.c:1129)')))
[2026-03-12 14:08:40]     [meaningful_134] attempt 5: PNG render failed — retrying
[2026-03-12 14:08:42]     [meaningful_058] attempt 10: PNG render failed — retrying
[2026-03-12 14:08:42]     [meaningful_131] attempt 5: PNG render failed — retrying
[2026-03-12 14:08:43]     [meaningful_156] attempt 2: PNG render failed — retrying
[2026-03-12 14:08:43]     [meaningful_105] attempt 8: PNG render failed — retrying
[2026-03-12 14:08:44]     [meaningful_160] OK (lines=37, errors=0)
[2026-03-12 14:08:44]   generating meaningful_163 (type=meaningful, ~36 lines) …
[2026-03-12 14:08:44] [openrouter] model=google/gemini-2.0-flash-001 attempt 1 exception: HTTPSConnectionPool(host='openrouter.ai', port=443): Max retries exceeded with url: /api/v1/chat/completions (Caused by SSLError(SSLEOFError(8, 'EOF occurred in violation of protocol (_ssl.c:1129)')))
[2026-03-12 14:08:44] [openrouter] model=google/gemini-2.0-flash-001 attempt 1 exception: HTTPSConnectionPool(host='openrouter.ai', port=443): Max retries exceeded with url: /api/v1/chat/completions (Caused by SSLError(SSLEOFError(8, 'EOF occurred in violation of protocol (_ssl.c:1129)')))
[2026-03-12 14:08:45]     [meaningful_013] attempt 12: PNG render failed — retrying
[2026-03-12 14:08:47]     [meaningful_159] attempt 1: PNG render failed — retrying
[2026-03-12 14:08:48]     [meaningful_113] OK (lines=62, errors=0)
[2026-03-12 14:08:48]   generating meaningful_164 (type=meaningful, ~55 lines) …
[2026-03-12 14:08:48]     [meaningful_125] attempt 6: PNG render failed — retrying
[2026-03-12 14:08:48] [openrouter] model=google/gemini-2.0-flash-001 attempt 1 exception: HTTPSConnectionPool(host='openrouter.ai', port=443): Max retries exceeded with url: /api/v1/chat/completions (Caused by SSLError(SSLEOFError(8, 'EOF occurred in violation of protocol (_ssl.c:1129)')))
[2026-03-12 14:08:48]     [meaningful_129] attempt 4: PNG render failed — retrying
[2026-03-12 14:08:48] [openrouter] model=google/gemini-2.0-flash-001 attempt 1 exception: HTTPSConnectionPool(host='openrouter.ai', port=443): Max retries exceeded with url: /api/v1/chat/completions (Caused by SSLError(SSLEOFError(8, 'EOF occurred in violation of protocol (_ssl.c:1129)')))
[2026-03-12 14:08:48]     [meaningful_062] attempt 10: PNG render failed — retrying
[2026-03-12 14:08:49] [openrouter] model=google/gemini-2.0-flash-001 attempt 1 exception: HTTPSConnectionPool(host='openrouter.ai', port=443): Max retries exceeded with url: /api/v1/chat/completions (Caused by SSLError(SSLEOFError(8, 'EOF occurred in violation of protocol (_ssl.c:1129)')))
[2026-03-12 14:08:49]     [meaningful_140] attempt 3: empty/short mmd — retrying
[2026-03-12 14:08:50]     [meaningful_013] FAILED after 12 attempts — skipping
[2026-03-12 14:08:50]   generating meaningful_165 (type=meaningful, ~32 lines) …
[2026-03-12 14:08:52]     [meaningful_157] attempt 1: PNG render failed — retrying
[2026-03-12 14:08:52]     [meaningful_081] attempt 10: PNG render failed — retrying
[2026-03-12 14:08:52] [openrouter] model=google/gemini-2.0-flash-001 attempt 1 exception: HTTPSConnectionPool(host='openrouter.ai', port=443): Max retries exceeded with url: /api/v1/chat/completions (Caused by SSLError(SSLEOFError(8, 'EOF occurred in violation of protocol (_ssl.c:1129)')))
[2026-03-12 14:08:52]     [meaningful_099] attempt 9: PNG render failed — retrying
[2026-03-12 14:08:53]     [meaningful_116] OK (lines=19, errors=0)
[2026-03-12 14:08:53]   generating meaningful_167 (type=meaningful, ~23 lines) …
[2026-03-12 14:08:54]     [meaningful_126] attempt 5: PNG render failed — retrying
[2026-03-12 14:08:55]     [meaningful_151] OK (lines=13, errors=0)
[2026-03-12 14:08:55]   generating meaningful_168 (type=meaningful, ~18 lines) …
[2026-03-12 14:08:56] [openrouter] model=google/gemini-2.0-flash-001 attempt 1 exception: HTTPSConnectionPool(host='openrouter.ai', port=443): Max retries exceeded with url: /api/v1/chat/completions (Caused by SSLError(SSLEOFError(8, 'EOF occurred in violation of protocol (_ssl.c:1129)')))
[2026-03-12 14:08:59]     [meaningful_145] attempt 3: PNG render failed — retrying
[2026-03-12 14:08:59] [openrouter] model=google/gemini-2.0-flash-001 attempt 1 exception: HTTPSConnectionPool(host='openrouter.ai', port=443): Max retries exceeded with url: /api/v1/chat/completions (Caused by SSLError(SSLEOFError(8, 'EOF occurred in violation of protocol (_ssl.c:1129)')))
[2026-03-12 14:09:04] [openrouter] model=google/gemini-2.0-flash-001 attempt 1 exception: HTTPSConnectionPool(host='openrouter.ai', port=443): Max retries exceeded with url: /api/v1/chat/completions (Caused by SSLError(SSLEOFError(8, 'EOF occurred in violation of protocol (_ssl.c:1129)')))
[2026-03-12 14:09:04]     [meaningful_134] attempt 6: PNG render failed — retrying
[2026-03-12 14:09:05]     [meaningful_058] attempt 11: PNG render failed — retrying
[2026-03-12 14:09:05]     [meaningful_156] attempt 3: PNG render failed — retrying
[2026-03-12 14:09:06]     [meaningful_062] OK (lines=36, errors=0)
[2026-03-12 14:09:06]   generating meaningful_170 (type=meaningful, ~23 lines) …
[2026-03-12 14:09:06]     [meaningful_133] attempt 4: PNG render failed — retrying
[2026-03-12 14:09:07]     [meaningful_165] attempt 1: PNG render failed — retrying
[2026-03-12 14:09:08]     [meaningful_144] attempt 3: PNG render failed — retrying
[2026-03-12 14:09:08]     [meaningful_119] attempt 7: PNG render failed — retrying
[2026-03-12 14:09:09]     [meaningful_163] attempt 1: PNG render failed — retrying
[2026-03-12 14:09:09]     [meaningful_140] attempt 4: PNG render failed — retrying
[2026-03-12 14:09:09]     [meaningful_129] attempt 5: PNG render failed — retrying
[2026-03-12 14:09:10]     [meaningful_125] attempt 7: PNG render failed — retrying
[2026-03-12 14:09:12]     [meaningful_164] attempt 1: PNG render failed — retrying
[2026-03-12 14:09:12]     [meaningful_105] attempt 9: PNG render failed — retrying
[2026-03-12 14:09:13] [openrouter] model=google/gemini-2.0-flash-001 attempt 1 exception: HTTPSConnectionPool(host='openrouter.ai', port=443): Max retries exceeded with url: /api/v1/chat/completions (Caused by SSLError(SSLEOFError(8, 'EOF occurred in violation of protocol (_ssl.c:1129)')))
[2026-03-12 14:09:15]     [meaningful_081] attempt 11: PNG render failed — retrying
[2026-03-12 14:09:17] [openrouter] model=google/gemini-2.0-flash-001 attempt 1 exception: HTTPSConnectionPool(host='openrouter.ai', port=443): Max retries exceeded with url: /api/v1/chat/completions (Caused by SSLError(SSLEOFError(8, 'EOF occurred in violation of protocol (_ssl.c:1129)')))
[2026-03-12 14:09:19]     [meaningful_099] attempt 10: PNG render failed — retrying
[2026-03-12 14:09:19]     [meaningful_159] attempt 2: PNG render failed — retrying
[2026-03-12 14:09:19]     [meaningful_168] attempt 1: PNG render failed — retrying
[2026-03-12 14:09:21]     [meaningful_157] attempt 2: PNG render failed — retrying
[2026-03-12 14:09:22]     [meaningful_170] attempt 1: PNG render failed — retrying
[2026-03-12 14:09:23]     [meaningful_126] attempt 6: PNG render failed — retrying
[2026-03-12 14:09:24] [openrouter] model=google/gemini-2.0-flash-001 attempt 1 exception: HTTPSConnectionPool(host='openrouter.ai', port=443): Max retries exceeded with url: /api/v1/chat/completions (Caused by SSLError(SSLEOFError(8, 'EOF occurred in violation of protocol (_ssl.c:1129)')))
[2026-03-12 14:09:25] [openrouter] model=google/gemini-2.0-flash-001 attempt 1 exception: HTTPSConnectionPool(host='openrouter.ai', port=443): Max retries exceeded with url: /api/v1/chat/completions (Caused by SSLError(SSLEOFError(8, 'EOF occurred in violation of protocol (_ssl.c:1129)')))
[2026-03-12 14:09:25]     [meaningful_134] attempt 7: PNG render failed — retrying
[2026-03-12 14:09:26]     [meaningful_133] attempt 5: PNG render failed — retrying
[2026-03-12 14:09:26]     [meaningful_123] attempt 5: PNG render failed — retrying
[2026-03-12 14:09:26]     [meaningful_145] attempt 4: PNG render failed — retrying
[2026-03-12 14:09:27]     [meaningful_058] attempt 12: PNG render failed — retrying
[2026-03-12 14:09:28] [openrouter] model=google/gemini-2.0-flash-001 attempt 1 exception: HTTPSConnectionPool(host='openrouter.ai', port=443): Max retries exceeded with url: /api/v1/chat/completions (Caused by SSLError(SSLEOFError(8, 'EOF occurred in violation of protocol (_ssl.c:1129)')))
[2026-03-12 14:09:30]     [meaningful_144] attempt 4: PNG render failed — retrying
[2026-03-12 14:09:30]     [meaningful_140] attempt 5: PNG render failed — retrying
[2026-03-12 14:09:31]     [meaningful_129] attempt 6: PNG render failed — retrying
[2026-03-12 14:09:32]     [meaningful_163] OK (lines=45, errors=0)
[2026-03-12 14:09:32]   generating meaningful_173 (type=meaningful, ~29 lines) …
[2026-03-12 14:09:32] [openrouter] model=google/gemini-2.0-flash-001 attempt 1 exception: HTTPSConnectionPool(host='openrouter.ai', port=443): Max retries exceeded with url: /api/v1/chat/completions (Caused by SSLError(SSLEOFError(8, 'EOF occurred in violation of protocol (_ssl.c:1129)')))
[2026-03-12 14:09:32]     [meaningful_119] attempt 8: PNG render failed — retrying
[2026-03-12 14:09:32] [openrouter] model=google/gemini-2.0-flash-001 attempt 1 exception: HTTPSConnectionPool(host='openrouter.ai', port=443): Max retries exceeded with url: /api/v1/chat/completions (Caused by SSLError(SSLEOFError(8, 'EOF occurred in violation of protocol (_ssl.c:1129)')))
[2026-03-12 14:09:32]     [meaningful_058] FAILED after 12 attempts — skipping
[2026-03-12 14:09:32]   generating meaningful_174 (type=meaningful, ~71 lines) …
[2026-03-12 14:09:32]     [meaningful_156] attempt 4: PNG render failed — retrying
[2026-03-12 14:09:33] [openrouter] model=google/gemini-2.0-flash-001 attempt 1 exception: HTTPSConnectionPool(host='openrouter.ai', port=443): Max retries exceeded with url: /api/v1/chat/completions (Caused by SSLError(SSLEOFError(8, 'EOF occurred in violation of protocol (_ssl.c:1129)')))
[2026-03-12 14:09:34]     [meaningful_125] attempt 8: PNG render failed — retrying
[2026-03-12 14:09:35]     [meaningful_090] attempt 9: PNG render failed — retrying
[2026-03-12 14:09:35]     [meaningful_105] attempt 10: PNG render failed — retrying
[2026-03-12 14:09:35]     [meaningful_165] attempt 2: PNG render failed — retrying
[2026-03-12 14:09:37]     [meaningful_081] attempt 12: PNG render failed — retrying
[2026-03-12 14:09:37] [openrouter] model=google/gemini-2.0-flash-001 attempt 1 exception: HTTPSConnectionPool(host='openrouter.ai', port=443): Max retries exceeded with url: /api/v1/chat/completions (Caused by SSLError(SSLEOFError(8, 'EOF occurred in violation of protocol (_ssl.c:1129)')))
[2026-03-12 14:09:38] [openrouter] model=google/gemini-2.0-flash-001 attempt 1 exception: HTTPSConnectionPool(host='openrouter.ai', port=443): Max retries exceeded with url: /api/v1/chat/completions (Caused by SSLError(SSLEOFError(8, 'EOF occurred in violation of protocol (_ssl.c:1129)')))
[2026-03-12 14:09:40]     [meaningful_164] attempt 2: PNG render failed — retrying
[2026-03-12 14:09:40] [openrouter] model=google/gemini-2.0-flash-001 attempt 1 exception: HTTPSConnectionPool(host='openrouter.ai', port=443): Max retries exceeded with url: /api/v1/chat/completions (Caused by SSLError(SSLEOFError(8, 'EOF occurred in violation of protocol (_ssl.c:1129)')))
[2026-03-12 14:09:40] [openrouter] model=google/gemini-2.0-flash-001 attempt 1 exception: HTTPSConnectionPool(host='openrouter.ai', port=443): Max retries exceeded with url: /api/v1/chat/completions (Caused by SSLError(SSLEOFError(8, 'EOF occurred in violation of protocol (_ssl.c:1129)')))
[2026-03-12 14:09:41] [openrouter] model=google/gemini-2.0-flash-001 attempt 1 exception: HTTPSConnectionPool(host='openrouter.ai', port=443): Max retries exceeded with url: /api/v1/chat/completions (Caused by SSLError(SSLEOFError(8, 'EOF occurred in violation of protocol (_ssl.c:1129)')))
[2026-03-12 14:09:42]     [meaningful_134] OK (lines=26, errors=0)
[2026-03-12 14:09:42]   generating meaningful_178 (type=meaningful, ~84 lines) …
[2026-03-12 14:09:42]     [meaningful_081] FAILED after 12 attempts — skipping
[2026-03-12 14:09:42]   generating meaningful_181 (type=meaningful, ~33 lines) …
[2026-03-12 14:09:42] [openrouter] model=google/gemini-2.0-flash-001 attempt 1 exception: HTTPSConnectionPool(host='openrouter.ai', port=443): Max retries exceeded with url: /api/v1/chat/completions (Caused by SSLError(SSLEOFError(8, 'EOF occurred in violation of protocol (_ssl.c:1129)')))
[2026-03-12 14:09:43]     [meaningful_170] attempt 2: PNG render failed — retrying
[2026-03-12 14:09:45]     [meaningful_099] attempt 11: PNG render failed — retrying
[2026-03-12 14:09:45] [openrouter] model=google/gemini-2.0-flash-001 attempt 1 exception: HTTPSConnectionPool(host='openrouter.ai', port=443): Max retries exceeded with url: /api/v1/chat/completions (Caused by SSLError(SSLEOFError(8, 'EOF occurred in violation of protocol (_ssl.c:1129)')))
[2026-03-12 14:09:47]     [meaningful_157] attempt 3: PNG render failed — retrying
[2026-03-12 14:09:47]     [meaningful_123] attempt 6: PNG render failed — retrying
[2026-03-12 14:09:48]     [meaningful_168] attempt 2: PNG render failed — retrying
[2026-03-12 14:09:48] [openrouter] model=google/gemini-2.0-flash-001 attempt 2 exception: HTTPSConnectionPool(host='openrouter.ai', port=443): Max retries exceeded with url: /api/v1/chat/completions (Caused by SSLError(SSLEOFError(8, 'EOF occurred in violation of protocol (_ssl.c:1129)')))
[2026-03-12 14:09:49]     [meaningful_173] OK (lines=28, errors=0)
[2026-03-12 14:09:49]   generating meaningful_182 (type=meaningful, ~29 lines) …
[2026-03-12 14:09:49]     [meaningful_133] attempt 6: PNG render failed — retrying
[2026-03-12 14:09:49] [openrouter] model=google/gemini-2.0-flash-001 attempt 1 exception: HTTPSConnectionPool(host='openrouter.ai', port=443): Max retries exceeded with url: /api/v1/chat/completions (Caused by SSLError(SSLEOFError(8, 'EOF occurred in violation of protocol (_ssl.c:1129)')))
[2026-03-12 14:09:50] [openrouter] model=google/gemini-2.0-flash-001 attempt 1 exception: HTTPSConnectionPool(host='openrouter.ai', port=443): Max retries exceeded with url: /api/v1/chat/completions (Caused by SSLError(SSLEOFError(8, 'EOF occurred in violation of protocol (_ssl.c:1129)')))
[2026-03-12 14:09:50]     [meaningful_159] attempt 3: PNG render failed — retrying
[2026-03-12 14:09:50]     [meaningful_167] OK (lines=34, errors=0)
[2026-03-12 14:09:50]   generating meaningful_183 (type=meaningful, ~65 lines) …
[2026-03-12 14:09:51]     [meaningful_140] attempt 6: PNG render failed — retrying
[2026-03-12 14:09:51]     [meaningful_129] attempt 7: PNG render failed — retrying
[2026-03-12 14:09:52]     [meaningful_126] attempt 7: PNG render failed — retrying
[2026-03-12 14:09:53]     [meaningful_144] attempt 5: PNG render failed — retrying
[2026-03-12 14:09:54] [openrouter] model=google/gemini-2.0-flash-001 attempt 1 exception: HTTPSConnectionPool(host='openrouter.ai', port=443): Max retries exceeded with url: /api/v1/chat/completions (Caused by SSLError(SSLEOFError(8, 'EOF occurred in violation of protocol (_ssl.c:1129)')))
[2026-03-12 14:09:54] [openrouter] model=google/gemini-2.0-flash-001 attempt 1 exception: HTTPSConnectionPool(host='openrouter.ai', port=443): Max retries exceeded with url: /api/v1/chat/completions (Caused by SSLError(SSLEOFError(8, 'EOF occurred in violation of protocol (_ssl.c:1129)')))
[2026-03-12 14:09:54]     [meaningful_125] attempt 9: PNG render failed — retrying
[2026-03-12 14:09:56]     [meaningful_131] attempt 6: PNG render failed — retrying
[2026-03-12 14:09:56]     [meaningful_145] attempt 5: PNG render failed — retrying
[2026-03-12 14:09:57] [openrouter] model=google/gemini-2.0-flash-001 attempt 1 exception: HTTPSConnectionPool(host='openrouter.ai', port=443): Max retries exceeded with url: /api/v1/chat/completions (Caused by SSLError(SSLEOFError(8, 'EOF occurred in violation of protocol (_ssl.c:1129)')))
[2026-03-12 14:09:57]     [meaningful_174] attempt 1: PNG render failed — retrying
[2026-03-12 14:09:58] [openrouter] model=google/gemini-2.0-flash-001 attempt 1 exception: HTTPSConnectionPool(host='openrouter.ai', port=443): Max retries exceeded with url: /api/v1/chat/completions (Caused by SSLError(SSLEOFError(8, 'EOF occurred in violation of protocol (_ssl.c:1129)')))
[2026-03-12 14:09:58] [openrouter] model=google/gemini-2.0-flash-001 attempt 1 exception: HTTPSConnectionPool(host='openrouter.ai', port=443): Max retries exceeded with url: /api/v1/chat/completions (Caused by SSLError(SSLEOFError(8, 'EOF occurred in violation of protocol (_ssl.c:1129)')))
[2026-03-12 14:10:00]     [meaningful_119] attempt 9: PNG render failed — retrying
[2026-03-12 14:10:00]     [meaningful_181] attempt 1: PNG render failed — retrying
[2026-03-12 14:10:00] [openrouter] model=google/gemini-2.0-flash-001 attempt 2 exception: HTTPSConnectionPool(host='openrouter.ai', port=443): Max retries exceeded with url: /api/v1/chat/completions (Caused by SSLError(SSLEOFError(8, 'EOF occurred in violation of protocol (_ssl.c:1129)')))
[2026-03-12 14:10:01] [openrouter] model=google/gemini-2.0-flash-001 attempt 3 exception: HTTPSConnectionPool(host='openrouter.ai', port=443): Max retries exceeded with url: /api/v1/chat/completions (Caused by SSLError(SSLEOFError(8, 'EOF occurred in violation of protocol (_ssl.c:1129)')))
[2026-03-12 14:10:01] [openrouter] model=google/gemini-2.0-flash-001 attempt 1 exception: HTTPSConnectionPool(host='openrouter.ai', port=443): Max retries exceeded with url: /api/v1/chat/completions (Caused by SSLError(SSLEOFError(8, 'EOF occurred in violation of protocol (_ssl.c:1129)')))
[2026-03-12 14:10:01] [openrouter] model=google/gemini-2.0-flash-001 attempt 1 exception: HTTPSConnectionPool(host='openrouter.ai', port=443): Max retries exceeded with url: /api/v1/chat/completions (Caused by SSLError(SSLEOFError(8, 'EOF occurred in violation of protocol (_ssl.c:1129)')))
[2026-03-12 14:10:02]     [meaningful_156] attempt 5: PNG render failed — retrying
[2026-03-12 14:10:02]     [meaningful_090] attempt 10: PNG render failed — retrying
[2026-03-12 14:10:03]     [meaningful_105] attempt 11: PNG render failed — retrying
[2026-03-12 14:10:04] [openrouter] model=google/gemini-2.0-flash-001 attempt 2 exception: HTTPSConnectionPool(host='openrouter.ai', port=443): Max retries exceeded with url: /api/v1/chat/completions (Caused by SSLError(SSLEOFError(8, 'EOF occurred in violation of protocol (_ssl.c:1129)')))
[2026-03-12 14:10:05] [openrouter] model=google/gemini-2.0-flash-001 attempt 2 exception: HTTPSConnectionPool(host='openrouter.ai', port=443): Max retries exceeded with url: /api/v1/chat/completions (Caused by SSLError(SSLEOFError(8, 'EOF occurred in violation of protocol (_ssl.c:1129)')))
[2026-03-12 14:10:05] [openrouter] model=google/gemini-2.0-flash-001 attempt 1 exception: HTTPSConnectionPool(host='openrouter.ai', port=443): Max retries exceeded with url: /api/v1/chat/completions (Caused by SSLError(SSLEOFError(8, 'EOF occurred in violation of protocol (_ssl.c:1129)')))
[2026-03-12 14:10:05]     [meaningful_170] attempt 3: PNG render failed — retrying
[2026-03-12 14:10:05] [openrouter] model=google/gemini-2.0-flash-001 attempt 1 exception: HTTPSConnectionPool(host='openrouter.ai', port=443): Max retries exceeded with url: /api/v1/chat/completions (Caused by SSLError(SSLEOFError(8, 'EOF occurred in violation of protocol (_ssl.c:1129)')))
[2026-03-12 14:10:05]     [meaningful_165] attempt 3: PNG render failed — retrying
[2026-03-12 14:10:07]     [meaningful_183] attempt 1: PNG render failed — retrying
[2026-03-12 14:10:09]     [meaningful_164] attempt 3: PNG render failed — retrying
[2026-03-12 14:10:09]     [meaningful_123] attempt 7: PNG render failed — retrying
[2026-03-12 14:10:11] [openrouter] model=google/gemini-2.0-flash-001 attempt 1 exception: HTTPSConnectionPool(host='openrouter.ai', port=443): Max retries exceeded with url: /api/v1/chat/completions (Caused by SSLError(SSLEOFError(8, 'EOF occurred in violation of protocol (_ssl.c:1129)')))
[2026-03-12 14:10:12]     [meaningful_182] attempt 1: PNG render failed — retrying
[2026-03-12 14:10:13] [openrouter] model=google/gemini-2.0-flash-001 attempt 1 exception: HTTPSConnectionPool(host='openrouter.ai', port=443): Max retries exceeded with url: /api/v1/chat/completions (Caused by SSLError(SSLEOFError(8, 'EOF occurred in violation of protocol (_ssl.c:1129)')))
[2026-03-12 14:10:13]     [meaningful_140] attempt 7: PNG render failed — retrying
[2026-03-12 14:10:14]     [meaningful_157] attempt 4: PNG render failed — retrying
[2026-03-12 14:10:14]     [meaningful_099] attempt 12: PNG render failed — retrying
[2026-03-12 14:10:14] [openrouter] model=google/gemini-2.0-flash-001 attempt 1 exception: HTTPSConnectionPool(host='openrouter.ai', port=443): Max retries exceeded with url: /api/v1/chat/completions (Caused by SSLError(SSLEOFError(8, 'EOF occurred in violation of protocol (_ssl.c:1129)')))
[2026-03-12 14:10:14]     [meaningful_159] attempt 4: PNG render failed — retrying
[2026-03-12 14:10:15] [openrouter] model=google/gemini-2.0-flash-001 attempt 1 exception: HTTPSConnectionPool(host='openrouter.ai', port=443): Max retries exceeded with url: /api/v1/chat/completions (Caused by SSLError(SSLEOFError(8, 'EOF occurred in violation of protocol (_ssl.c:1129)')))
[2026-03-12 14:10:16]     [meaningful_125] attempt 10: PNG render failed — retrying
[2026-03-12 14:10:17] [openrouter] model=google/gemini-2.0-flash-001 attempt 3 exception: HTTPSConnectionPool(host='openrouter.ai', port=443): Max retries exceeded with url: /api/v1/chat/completions (Caused by SSLError(SSLEOFError(8, 'EOF occurred in violation of protocol (_ssl.c:1129)')))
[2026-03-12 14:10:17]     [meaningful_168] attempt 3: PNG render failed — retrying
[2026-03-12 14:10:17] [openrouter] model=google/gemini-2.0-flash-001 attempt 2 exception: HTTPSConnectionPool(host='openrouter.ai', port=443): Max retries exceeded with url: /api/v1/chat/completions (Caused by SSLError(SSLEOFError(8, 'EOF occurred in violation of protocol (_ssl.c:1129)')))
[2026-03-12 14:10:17] [openrouter] model=google/gemini-2.0-flash-001 attempt 3 exception: HTTPSConnectionPool(host='openrouter.ai', port=443): Max retries exceeded with url: /api/v1/chat/completions (Caused by SSLError(SSLEOFError(8, 'EOF occurred in violation of protocol (_ssl.c:1129)')))
[2026-03-12 14:10:17] [openrouter] model=google/gemini-2.0-flash-001 attempt 1 exception: HTTPSConnectionPool(host='openrouter.ai', port=443): Max retries exceeded with url: /api/v1/chat/completions (Caused by SSLError(SSLEOFError(8, 'EOF occurred in violation of protocol (_ssl.c:1129)')))
[2026-03-12 14:10:18] [openrouter] model=google/gemini-2.0-flash-001 attempt 1 exception: HTTPSConnectionPool(host='openrouter.ai', port=443): Max retries exceeded with url: /api/v1/chat/completions (Caused by SSLError(SSLEOFError(8, 'EOF occurred in violation of protocol (_ssl.c:1129)')))
[2026-03-12 14:10:19]     [meaningful_099] FAILED after 12 attempts — skipping
[2026-03-12 14:10:19]   generating meaningful_185 (type=meaningful, ~16 lines) …
[2026-03-12 14:10:19]     [meaningful_178] attempt 1: empty/short mmd — retrying
[2026-03-12 14:10:20]     [meaningful_174] attempt 2: PNG render failed — retrying
[2026-03-12 14:10:21]     [meaningful_129] attempt 8: PNG render failed — retrying
[2026-03-12 14:10:21] [openrouter] model=google/gemini-2.0-flash-001 attempt 2 exception: HTTPSConnectionPool(host='openrouter.ai', port=443): Max retries exceeded with url: /api/v1/chat/completions (Caused by SSLError(SSLEOFError(8, 'EOF occurred in violation of protocol (_ssl.c:1129)')))
[2026-03-12 14:10:22] [openrouter] model=google/gemini-2.0-flash-001 attempt 1 exception: HTTPSConnectionPool(host='openrouter.ai', port=443): Max retries exceeded with url: /api/v1/chat/completions (Caused by SSLError(SSLEOFError(8, 'EOF occurred in violation of protocol (_ssl.c:1129)')))
[2026-03-12 14:10:22] [openrouter] model=google/gemini-2.0-flash-001 attempt 1 exception: HTTPSConnectionPool(host='openrouter.ai', port=443): Max retries exceeded with url: /api/v1/chat/completions (Caused by SSLError(SSLEOFError(8, 'EOF occurred in violation of protocol (_ssl.c:1129)')))
[2026-03-12 14:10:25]     [meaningful_131] attempt 7: PNG render failed — retrying
[2026-03-12 14:10:25]     [meaningful_090] attempt 11: PNG render failed — retrying
[2026-03-12 14:10:25]     [meaningful_105] attempt 12: PNG render failed — retrying
[2026-03-12 14:10:26]     [meaningful_156] attempt 6: PNG render failed — retrying
[2026-03-12 14:10:26] [openrouter] model=google/gemini-2.0-flash-001 attempt 1 exception: HTTPSConnectionPool(host='openrouter.ai', port=443): Max retries exceeded with url: /api/v1/chat/completions (Caused by SSLError(SSLEOFError(8, 'EOF occurred in violation of protocol (_ssl.c:1129)')))
[2026-03-12 14:10:28]     [meaningful_165] attempt 4: PNG render failed — retrying
[2026-03-12 14:10:29]     [meaningful_133] attempt 7: PNG render failed — retrying
[2026-03-12 14:10:29]     [meaningful_181] attempt 2: PNG render failed — retrying
[2026-03-12 14:10:30]     [meaningful_159] OK (lines=61, errors=0)
[2026-03-12 14:10:30]   generating meaningful_186 (type=meaningful, ~26 lines) …
[2026-03-12 14:10:30] [openrouter] model=google/gemini-2.0-flash-001 attempt 1 exception: HTTPSConnectionPool(host='openrouter.ai', port=443): Max retries exceeded with url: /api/v1/chat/completions (Caused by SSLError(SSLEOFError(8, 'EOF occurred in violation of protocol (_ssl.c:1129)')))
[2026-03-12 14:10:30] [openrouter] model=google/gemini-2.0-flash-001 attempt 1 exception: HTTPSConnectionPool(host='openrouter.ai', port=443): Max retries exceeded with url: /api/v1/chat/completions (Caused by SSLError(SSLEOFError(8, 'EOF occurred in violation of protocol (_ssl.c:1129)')))
[2026-03-12 14:10:30]     [meaningful_105] FAILED after 12 attempts — skipping
[2026-03-12 14:10:30]   generating meaningful_188 (type=meaningful, ~45 lines) …
[2026-03-12 14:10:31] [openrouter] model=google/gemini-2.0-flash-001 attempt 1 exception: HTTPSConnectionPool(host='openrouter.ai', port=443): Max retries exceeded with url: /api/v1/chat/completions (Caused by SSLError(SSLEOFError(8, 'EOF occurred in violation of protocol (_ssl.c:1129)')))
[2026-03-12 14:10:34] [openrouter] model=google/gemini-2.0-flash-001 attempt 1 exception: HTTPSConnectionPool(host='openrouter.ai', port=443): Max retries exceeded with url: /api/v1/chat/completions (Caused by SSLError(SSLEOFError(8, 'EOF occurred in violation of protocol (_ssl.c:1129)')))
[2026-03-12 14:10:34] [openrouter] model=google/gemini-2.0-flash-001 attempt 1 exception: HTTPSConnectionPool(host='openrouter.ai', port=443): Max retries exceeded with url: /api/v1/chat/completions (Caused by SSLError(SSLEOFError(8, 'EOF occurred in violation of protocol (_ssl.c:1129)')))
[2026-03-12 14:10:34] [openrouter] model=google/gemini-2.0-flash-001 attempt 1 exception: HTTPSConnectionPool(host='openrouter.ai', port=443): Max retries exceeded with url: /api/v1/chat/completions (Caused by SSLError(SSLEOFError(8, 'EOF occurred in violation of protocol (_ssl.c:1129)')))
[2026-03-12 14:10:35]     [meaningful_126] attempt 8: empty/short mmd — retrying
[2026-03-12 14:10:35]     [meaningful_144] attempt 6: empty/short mmd — retrying
[2026-03-12 14:10:35]     [meaningful_168] OK (lines=24, errors=0)
[2026-03-12 14:10:35]   generating meaningful_191 (type=meaningful, ~32 lines) …
[2026-03-12 14:10:35]     [meaningful_185] attempt 1: PNG render failed — retrying
[2026-03-12 14:10:37]     [meaningful_183] attempt 2: PNG render failed — retrying
[2026-03-12 14:10:39]     [meaningful_164] attempt 4: PNG render failed — retrying
[2026-03-12 14:10:39]     [meaningful_157] attempt 5: PNG render failed — retrying
[2026-03-12 14:10:39]     [meaningful_123] OK (lines=13, errors=0)
[2026-03-12 14:10:39]   generating meaningful_193 (type=meaningful, ~28 lines) …
[2026-03-12 14:10:42]     [meaningful_182] attempt 2: PNG render failed — retrying
[2026-03-12 14:10:42]     [meaningful_140] attempt 8: PNG render failed — retrying
[2026-03-12 14:10:42] [openrouter] model=google/gemini-2.0-flash-001 attempt 1 exception: HTTPSConnectionPool(host='openrouter.ai', port=443): Max retries exceeded with url: /api/v1/chat/completions (Caused by SSLError(SSLEOFError(8, 'EOF occurred in violation of protocol (_ssl.c:1129)')))
[2026-03-12 14:10:43]     [meaningful_174] attempt 3: PNG render failed — retrying
[2026-03-12 14:10:43]     [meaningful_090] OK (lines=28, errors=0)
[2026-03-12 14:10:43]   generating meaningful_195 (type=meaningful, ~23 lines) …
[2026-03-12 14:10:43] [openrouter] model=google/gemini-2.0-flash-001 attempt 1 exception: HTTPSConnectionPool(host='openrouter.ai', port=443): Max retries exceeded with url: /api/v1/chat/completions (Caused by SSLError(SSLEOFError(8, 'EOF occurred in violation of protocol (_ssl.c:1129)')))
[2026-03-12 14:10:43]     [meaningful_178] attempt 2: PNG render failed — retrying
[2026-03-12 14:10:44]     [meaningful_125] attempt 11: PNG render failed — retrying
[2026-03-12 14:10:46]     [meaningful_170] attempt 4: PNG render failed — retrying
[2026-03-12 14:10:46]     [meaningful_186] attempt 1: PNG render failed — retrying
[2026-03-12 14:10:47] [openrouter] model=google/gemini-2.0-flash-001 attempt 1 exception: HTTPSConnectionPool(host='openrouter.ai', port=443): Max retries exceeded with url: /api/v1/chat/completions (Caused by SSLError(SSLEOFError(8, 'EOF occurred in violation of protocol (_ssl.c:1129)')))
[2026-03-12 14:10:47]     [meaningful_156] attempt 7: PNG render failed — retrying
[2026-03-12 14:10:48]     [meaningful_129] attempt 9: PNG render failed — retrying
[2026-03-12 14:10:52]     [meaningful_133] OK (lines=35, errors=0)
[2026-03-12 14:10:52]   generating meaningful_198 (type=meaningful, ~7 lines) …
[2026-03-12 14:10:52]     [meaningful_131] attempt 8: PNG render failed — retrying
[2026-03-12 14:10:53]     [meaningful_188] attempt 1: PNG render failed — retrying
[2026-03-12 14:10:53]     [meaningful_191] attempt 1: PNG render failed — retrying
[2026-03-12 14:10:56]     [meaningful_181] attempt 3: PNG render failed — retrying
[2026-03-12 14:10:57]     [meaningful_126] attempt 9: PNG render failed — retrying
[2026-03-12 14:10:57]     [meaningful_185] attempt 2: PNG render failed — retrying
[2026-03-12 14:10:57]     [meaningful_165] attempt 5: PNG render failed — retrying
[2026-03-12 14:10:58]     [meaningful_144] attempt 7: PNG render failed — retrying
[2026-03-12 14:10:58] [openrouter] model=google/gemini-2.0-flash-001 attempt 1 exception: HTTPSConnectionPool(host='openrouter.ai', port=443): Max retries exceeded with url: /api/v1/chat/completions (Caused by SSLError(SSLEOFError(8, 'EOF occurred in violation of protocol (_ssl.c:1129)')))
[2026-03-12 14:10:58] [openrouter] model=google/gemini-2.0-flash-001 attempt 1 exception: HTTPSConnectionPool(host='openrouter.ai', port=443): Max retries exceeded with url: /api/v1/chat/completions (Caused by SSLError(SSLEOFError(8, 'EOF occurred in violation of protocol (_ssl.c:1129)')))
[2026-03-12 14:10:59]     [meaningful_193] attempt 1: PNG render failed — retrying
[2026-03-12 14:10:59] [openrouter] model=google/gemini-2.0-flash-001 attempt 1 exception: HTTPSConnectionPool(host='openrouter.ai', port=443): Max retries exceeded with url: /api/v1/chat/completions (Caused by SSLError(SSLEOFError(8, 'EOF occurred in violation of protocol (_ssl.c:1129)')))
[2026-03-12 14:11:01]     [meaningful_164] attempt 5: PNG render failed — retrying
[2026-03-12 14:11:03] [openrouter] model=google/gemini-2.0-flash-001 attempt 1 exception: HTTPSConnectionPool(host='openrouter.ai', port=443): Max retries exceeded with url: /api/v1/chat/completions (Caused by SSLError(SSLEOFError(8, 'EOF occurred in violation of protocol (_ssl.c:1129)')))
[2026-03-12 14:11:04]     [meaningful_157] attempt 6: PNG render failed — retrying
[2026-03-12 14:11:05]     [meaningful_182] attempt 3: PNG render failed — retrying
[2026-03-12 14:11:05]     [meaningful_195] attempt 1: PNG render failed — retrying
[2026-03-12 14:11:05]     [meaningful_174] attempt 4: PNG render failed — retrying
[2026-03-12 14:11:06]     [meaningful_183] attempt 3: PNG render failed — retrying
[2026-03-12 14:11:07]     [meaningful_170] OK (lines=37, errors=0)
[2026-03-12 14:11:07]   generating meaningful_199 (type=meaningful, ~23 lines) …
[2026-03-12 14:11:07]     [meaningful_198] attempt 1: PNG render failed — retrying
[2026-03-12 14:11:07]     [meaningful_119] OK (lines=32, errors=0)
[2026-03-12 14:11:07]   generating nonsense_chaos_000 (type=chaos, ~7 lines) …
[2026-03-12 14:11:07]     [meaningful_125] attempt 12: PNG render failed — retrying
[2026-03-12 14:11:07]     [meaningful_178] attempt 3: PNG render failed — retrying
[2026-03-12 14:11:08]     [meaningful_145] attempt 6: PNG render failed — retrying
[2026-03-12 14:11:09]     [meaningful_156] attempt 8: PNG render failed — retrying
[2026-03-12 14:11:09]     [meaningful_129] attempt 10: PNG render failed — retrying
[2026-03-12 14:11:09]     [meaningful_181] OK (lines=53, errors=0)
[2026-03-12 14:11:09]   generating nonsense_chaos_004 (type=chaos, ~42 lines) …
[2026-03-12 14:11:09]     [meaningful_140] attempt 9: PNG render failed — retrying
[2026-03-12 14:11:12]     [meaningful_125] FAILED after 12 attempts — skipping
[2026-03-12 14:11:12]   generating nonsense_chaos_005 (type=chaos, ~36 lines) …
[2026-03-12 14:11:14]     [meaningful_164] OK (lines=51, errors=0)
[2026-03-12 14:11:14]   generating nonsense_chaos_006 (type=chaos, ~25 lines) …
[2026-03-12 14:11:17]     [nonsense_chaos_004] OK (lines=37, errors=0)
[2026-03-12 14:11:17]   generating nonsense_chaos_009 (type=chaos, ~43 lines) …
[2026-03-12 14:11:18]     [meaningful_126] attempt 10: PNG render failed — retrying
[2026-03-12 14:11:19]     [meaningful_185] attempt 3: PNG render failed — retrying
[2026-03-12 14:11:19]     [meaningful_165] attempt 6: PNG render failed — retrying
[2026-03-12 14:11:20]     [meaningful_183] OK (lines=51, errors=0)
[2026-03-12 14:11:20]   generating nonsense_chaos_012 (type=chaos, ~21 lines) …
[2026-03-12 14:11:20]     [meaningful_193] attempt 2: PNG render failed — retrying
[2026-03-12 14:11:20] [openrouter] model=google/gemini-2.0-flash-001 attempt 1 exception: HTTPSConnectionPool(host='openrouter.ai', port=443): Max retries exceeded with url: /api/v1/chat/completions (Caused by SSLError(SSLEOFError(8, 'EOF occurred in violation of protocol (_ssl.c:1129)')))
[2026-03-12 14:11:20]     [meaningful_131] attempt 9: PNG render failed — retrying
[2026-03-12 14:11:21]     [meaningful_188] attempt 2: PNG render failed — retrying
[2026-03-12 14:11:22]     [meaningful_191] attempt 2: PNG render failed — retrying
[2026-03-12 14:11:22]     [nonsense_chaos_000] attempt 1: PNG render failed — retrying
[2026-03-12 14:11:23]     [meaningful_199] attempt 1: PNG render failed — retrying
[2026-03-12 14:11:23] [openrouter] model=google/gemini-2.0-flash-001 attempt 1 exception: HTTPSConnectionPool(host='openrouter.ai', port=443): Max retries exceeded with url: /api/v1/chat/completions (Caused by SSLError(SSLEOFError(8, 'EOF occurred in violation of protocol (_ssl.c:1129)')))
[2026-03-12 14:11:24] [openrouter] model=google/gemini-2.0-flash-001 attempt 1 exception: HTTPSConnectionPool(host='openrouter.ai', port=443): Max retries exceeded with url: /api/v1/chat/completions (Caused by SSLError(SSLEOFError(8, 'EOF occurred in violation of protocol (_ssl.c:1129)')))
[2026-03-12 14:11:24] [openrouter] model=google/gemini-2.0-flash-001 attempt 1 exception: HTTPSConnectionPool(host='openrouter.ai', port=443): Max retries exceeded with url: /api/v1/chat/completions (Caused by SSLError(SSLEOFError(8, 'EOF occurred in violation of protocol (_ssl.c:1129)')))
[2026-03-12 14:11:26]     [meaningful_195] attempt 2: PNG render failed — retrying
[2026-03-12 14:11:26]     [meaningful_144] attempt 8: PNG render failed — retrying
[2026-03-12 14:11:27]     [meaningful_198] attempt 2: PNG render failed — retrying
[2026-03-12 14:11:28]     [meaningful_182] attempt 4: PNG render failed — retrying
[2026-03-12 14:11:28] [openrouter] model=google/gemini-2.0-flash-001 attempt 1 exception: HTTPSConnectionPool(host='openrouter.ai', port=443): Max retries exceeded with url: /api/v1/chat/completions (Caused by SSLError(SSLEOFError(8, 'EOF occurred in violation of protocol (_ssl.c:1129)')))
[2026-03-12 14:11:28]     [meaningful_174] attempt 5: PNG render failed — retrying
[2026-03-12 14:11:29]     [nonsense_chaos_005] attempt 1: PNG render failed — retrying
[2026-03-12 14:11:29]     [meaningful_157] attempt 7: PNG render failed — retrying
[2026-03-12 14:11:29]     [nonsense_chaos_006] attempt 1: PNG render failed — retrying
[2026-03-12 14:11:30]     [meaningful_129] attempt 11: PNG render failed — retrying
[2026-03-12 14:11:30]     [meaningful_140] attempt 10: PNG render failed — retrying
[2026-03-12 14:11:31] [openrouter] model=google/gemini-2.0-flash-001 attempt 1 exception: HTTPSConnectionPool(host='openrouter.ai', port=443): Max retries exceeded with url: /api/v1/chat/completions (Caused by SSLError(SSLEOFError(8, 'EOF occurred in violation of protocol (_ssl.c:1129)')))
[2026-03-12 14:11:33]     [meaningful_156] attempt 9: PNG render failed — retrying
[2026-03-12 14:11:33]     [meaningful_178] attempt 4: PNG render failed — retrying
[2026-03-12 14:11:33]     [nonsense_chaos_009] attempt 1: PNG render failed — retrying
[2026-03-12 14:11:34]     [nonsense_chaos_012] OK (lines=19, errors=0)
[2026-03-12 14:11:34]   generating nonsense_chaos_017 (type=chaos, ~20 lines) …
[2026-03-12 14:11:36] [openrouter] model=google/gemini-2.0-flash-001 attempt 1 exception: HTTPSConnectionPool(host='openrouter.ai', port=443): Max retries exceeded with url: /api/v1/chat/completions (Caused by SSLError(SSLEOFError(8, 'EOF occurred in violation of protocol (_ssl.c:1129)')))
[2026-03-12 14:11:37]     [nonsense_chaos_000] OK (lines=9, errors=0)
[2026-03-12 14:11:37]   generating nonsense_chaos_024 (type=chaos, ~12 lines) …
[2026-03-12 14:11:39] [openrouter] model=google/gemini-2.0-flash-001 attempt 1 exception: HTTPSConnectionPool(host='openrouter.ai', port=443): Max retries exceeded with url: /api/v1/chat/completions (Caused by SSLError(SSLEOFError(8, 'EOF occurred in violation of protocol (_ssl.c:1129)')))
[2026-03-12 14:11:41]     [nonsense_chaos_017] OK (lines=16, errors=0)
[2026-03-12 14:11:41]   generating nonsense_chaos_028 (type=chaos, ~15 lines) …
[2026-03-12 14:11:43]     [meaningful_188] attempt 3: PNG render failed — retrying
[2026-03-12 14:11:43]     [meaningful_131] attempt 10: PNG render failed — retrying
[2026-03-12 14:11:43]     [meaningful_191] attempt 3: PNG render failed — retrying
[2026-03-12 14:11:46]     [meaningful_193] attempt 3: PNG render failed — retrying
[2026-03-12 14:11:47]     [meaningful_185] attempt 4: PNG render failed — retrying
[2026-03-12 14:11:47]     [meaningful_126] attempt 11: PNG render failed — retrying
[2026-03-12 14:11:48]     [meaningful_144] attempt 9: PNG render failed — retrying
[2026-03-12 14:11:48]     [meaningful_165] attempt 7: PNG render failed — retrying
[2026-03-12 14:11:48]     [meaningful_198] attempt 3: PNG render failed — retrying
[2026-03-12 14:11:48] [openrouter] model=google/gemini-2.0-flash-001 attempt 1 exception: HTTPSConnectionPool(host='openrouter.ai', port=443): Max retries exceeded with url: /api/v1/chat/completions (Caused by SSLError(SSLEOFError(8, 'EOF occurred in violation of protocol (_ssl.c:1129)')))
[2026-03-12 14:11:49] [openrouter] model=google/gemini-2.0-flash-001 attempt 1 exception: HTTPSConnectionPool(host='openrouter.ai', port=443): Max retries exceeded with url: /api/v1/chat/completions (Caused by SSLError(SSLEOFError(8, 'EOF occurred in violation of protocol (_ssl.c:1129)')))
[2026-03-12 14:11:49]     [nonsense_chaos_005] OK (lines=27, errors=0)
[2026-03-12 14:11:49]   generating nonsense_chaos_032 (type=chaos, ~44 lines) …
[2026-03-12 14:11:50]     [nonsense_chaos_006] attempt 2: PNG render failed — retrying
[2026-03-12 14:11:50]     [meaningful_174] attempt 6: PNG render failed — retrying
[2026-03-12 14:11:50]     [meaningful_182] attempt 5: PNG render failed — retrying
[2026-03-12 14:11:51]     [meaningful_129] attempt 12: PNG render failed — retrying
[2026-03-12 14:11:51]     [meaningful_199] attempt 2: PNG render failed — retrying
[2026-03-12 14:11:52] [openrouter] model=google/gemini-2.0-flash-001 attempt 1 exception: HTTPSConnectionPool(host='openrouter.ai', port=443): Max retries exceeded with url: /api/v1/chat/completions (Caused by SSLError(SSLEOFError(8, 'EOF occurred in violation of protocol (_ssl.c:1129)')))
[2026-03-12 14:11:52] [openrouter] model=google/gemini-2.0-flash-001 attempt 1 exception: HTTPSConnectionPool(host='openrouter.ai', port=443): Max retries exceeded with url: /api/v1/chat/completions (Caused by SSLError(SSLEOFError(8, 'EOF occurred in violation of protocol (_ssl.c:1129)')))
[2026-03-12 14:11:53]     [nonsense_chaos_024] attempt 1: PNG render failed — retrying
[2026-03-12 14:11:53] [openrouter] model=google/gemini-2.0-flash-001 attempt 1 exception: HTTPSConnectionPool(host='openrouter.ai', port=443): Max retries exceeded with url: /api/v1/chat/completions (Caused by SSLError(SSLEOFError(8, 'EOF occurred in violation of protocol (_ssl.c:1129)')))
[2026-03-12 14:11:54]     [meaningful_156] attempt 10: PNG render failed — retrying
[2026-03-12 14:11:55]     [meaningful_157] attempt 8: PNG render failed — retrying
[2026-03-12 14:11:55]     [meaningful_186] attempt 2: PNG render failed — retrying
[2026-03-12 14:11:56]     [meaningful_129] FAILED after 12 attempts — skipping
[2026-03-12 14:11:56]   generating nonsense_chaos_037 (type=chaos, ~25 lines) …
[2026-03-12 14:11:57]     [nonsense_chaos_028] attempt 1: PNG render failed — retrying
[2026-03-12 14:11:58]     [meaningful_178] attempt 5: PNG render failed — retrying
[2026-03-12 14:11:58]     [meaningful_140] attempt 11: PNG render failed — retrying
[2026-03-12 14:11:59]     [meaningful_198] OK (lines=9, errors=0)
[2026-03-12 14:11:59]   generating nonsense_chaos_047 (type=chaos, ~25 lines) …
[2026-03-12 14:12:00] [openrouter] model=google/gemini-2.0-flash-001 attempt 1 exception: HTTPSConnectionPool(host='openrouter.ai', port=443): Max retries exceeded with url: /api/v1/chat/completions (Caused by SSLError(SSLEOFError(8, 'EOF occurred in violation of protocol (_ssl.c:1129)')))
[2026-03-12 14:12:01] [openrouter] model=google/gemini-2.0-flash-001 attempt 1 exception: HTTPSConnectionPool(host='openrouter.ai', port=443): Max retries exceeded with url: /api/v1/chat/completions (Caused by SSLError(SSLEOFError(8, 'EOF occurred in violation of protocol (_ssl.c:1129)')))
[2026-03-12 14:12:01]     [nonsense_chaos_009] attempt 2: PNG render failed — retrying
[2026-03-12 14:12:03]     [nonsense_chaos_006] OK (lines=26, errors=0)
[2026-03-12 14:12:03]   generating nonsense_chaos_051 (type=chaos, ~19 lines) …
[2026-03-12 14:12:05]     [meaningful_131] attempt 11: PNG render failed — retrying
[2026-03-12 14:12:05]     [nonsense_chaos_032] attempt 1: PNG render failed — retrying
[2026-03-12 14:12:06]     [meaningful_126] OK (lines=31, errors=0)
[2026-03-12 14:12:06]   generating nonsense_chaos_063 (type=chaos, ~12 lines) …
[2026-03-12 14:12:08]     [meaningful_156] OK (lines=42, errors=0)
[2026-03-12 14:12:08]   generating nonsense_chaos_066 (type=chaos, ~35 lines) …
[2026-03-12 14:12:08] [openrouter] model=google/gemini-2.0-flash-001 attempt 1 exception: HTTPSConnectionPool(host='openrouter.ai', port=443): Max retries exceeded with url: /api/v1/chat/completions (Caused by SSLError(SSLEOFError(8, 'EOF occurred in violation of protocol (_ssl.c:1129)')))
[2026-03-12 14:12:09]     [meaningful_193] attempt 4: PNG render failed — retrying
[2026-03-12 14:12:09]     [meaningful_165] attempt 8: PNG render failed — retrying
[2026-03-12 14:12:10]     [meaningful_140] OK (lines=12, errors=0)
[2026-03-12 14:12:10]   generating nonsense_chaos_067 (type=chaos, ~37 lines) …
[2026-03-12 14:12:12]     [meaningful_191] attempt 4: PNG render failed — retrying
[2026-03-12 14:12:12]     [meaningful_188] attempt 4: PNG render failed — retrying
[2026-03-12 14:12:13]     [nonsense_chaos_037] attempt 1: PNG render failed — retrying
[2026-03-12 14:12:13]     [meaningful_174] attempt 7: PNG render failed — retrying
[2026-03-12 14:12:13]     [meaningful_199] attempt 3: PNG render failed — retrying
[2026-03-12 14:12:13]     [meaningful_185] attempt 5: PNG render failed — retrying
[2026-03-12 14:12:15]     [meaningful_145] attempt 7: PNG render failed — retrying
[2026-03-12 14:12:16]     [meaningful_144] attempt 10: PNG render failed — retrying
[2026-03-12 14:12:16]     [nonsense_chaos_047] attempt 1: PNG render failed — retrying
[2026-03-12 14:12:16]     [meaningful_182] attempt 6: PNG render failed — retrying
[2026-03-12 14:12:17]     [nonsense_chaos_028] OK (lines=17, errors=0)
[2026-03-12 14:12:17]   generating nonsense_chaos_074 (type=chaos, ~35 lines) …
[2026-03-12 14:12:17] [openrouter] model=google/gemini-2.0-flash-001 attempt 1 exception: HTTPSConnectionPool(host='openrouter.ai', port=443): Max retries exceeded with url: /api/v1/chat/completions (Caused by SSLError(SSLEOFError(8, 'EOF occurred in violation of protocol (_ssl.c:1129)')))
[2026-03-12 14:12:17] [openrouter] model=google/gemini-2.0-flash-001 attempt 1 exception: HTTPSConnectionPool(host='openrouter.ai', port=443): Max retries exceeded with url: /api/v1/chat/completions (Caused by SSLError(SSLEOFError(8, 'EOF occurred in violation of protocol (_ssl.c:1129)')))
[2026-03-12 14:12:17] [openrouter] model=google/gemini-2.0-flash-001 attempt 1 exception: HTTPSConnectionPool(host='openrouter.ai', port=443): Max retries exceeded with url: /api/v1/chat/completions (Caused by SSLError(SSLEOFError(8, 'EOF occurred in violation of protocol (_ssl.c:1129)')))
[2026-03-12 14:12:18]     [nonsense_chaos_051] attempt 1: PNG render failed — retrying
[2026-03-12 14:12:21] [openrouter] model=google/gemini-2.0-flash-001 attempt 1 exception: HTTPSConnectionPool(host='openrouter.ai', port=443): Max retries exceeded with url: /api/v1/chat/completions (Caused by SSLError(SSLEOFError(8, 'EOF occurred in violation of protocol (_ssl.c:1129)')))
[2026-03-12 14:12:21] [openrouter] model=google/gemini-2.0-flash-001 attempt 1 exception: HTTPSConnectionPool(host='openrouter.ai', port=443): Max retries exceeded with url: /api/v1/chat/completions (Caused by SSLError(SSLEOFError(8, 'EOF occurred in violation of protocol (_ssl.c:1129)')))
[2026-03-12 14:12:22] [openrouter] model=google/gemini-2.0-flash-001 attempt 1 exception: HTTPSConnectionPool(host='openrouter.ai', port=443): Max retries exceeded with url: /api/v1/chat/completions (Caused by SSLError(SSLEOFError(8, 'EOF occurred in violation of protocol (_ssl.c:1129)')))
[2026-03-12 14:12:23]     [meaningful_178] attempt 6: PNG render failed — retrying
[2026-03-12 14:12:23]     [meaningful_186] attempt 3: PNG render failed — retrying
[2026-03-12 14:12:23]     [nonsense_chaos_009] attempt 3: PNG render failed — retrying
[2026-03-12 14:12:26]     [nonsense_chaos_067] OK (lines=30, errors=0)
[2026-03-12 14:12:26]   generating nonsense_chaos_078 (type=chaos, ~67 lines) …
[2026-03-12 14:12:27]     [nonsense_chaos_032] attempt 2: PNG render failed — retrying
[2026-03-12 14:12:27]     [meaningful_131] attempt 12: PNG render failed — retrying
[2026-03-12 14:12:31]     [meaningful_165] attempt 9: PNG render failed — retrying
[2026-03-12 14:12:31]     [nonsense_chaos_066] attempt 1: PNG render failed — retrying
[2026-03-12 14:12:32]     [meaningful_193] attempt 5: PNG render failed — retrying
[2026-03-12 14:12:32]     [meaningful_131] FAILED after 12 attempts — skipping
[2026-03-12 14:12:32]   generating nonsense_chaos_079 (type=chaos, ~24 lines) …
[2026-03-12 14:12:33]     [meaningful_174] OK (lines=69, errors=0)
[2026-03-12 14:12:33]   generating nonsense_chaos_085 (type=chaos, ~96 lines) …
[2026-03-12 14:12:33] [openrouter] model=google/gemini-2.0-flash-001 attempt 1 exception: HTTPSConnectionPool(host='openrouter.ai', port=443): Max retries exceeded with url: /api/v1/chat/completions (Caused by SSLError(SSLEOFError(8, 'EOF occurred in violation of protocol (_ssl.c:1129)')))
[2026-03-12 14:12:33]     [meaningful_199] OK (lines=28, errors=0)
[2026-03-12 14:12:33]   generating nonsense_chaos_092 (type=chaos, ~48 lines) …
[2026-03-12 14:12:34] [openrouter] model=google/gemini-2.0-flash-001 attempt 1 exception: HTTPSConnectionPool(host='openrouter.ai', port=443): Max retries exceeded with url: /api/v1/chat/completions (Caused by SSLError(SSLEOFError(8, 'EOF occurred in violation of protocol (_ssl.c:1129)')))
[2026-03-12 14:12:35]     [nonsense_chaos_037] attempt 2: PNG render failed — retrying
[2026-03-12 14:12:35]     [meaningful_185] attempt 6: PNG render failed — retrying
[2026-03-12 14:12:37] [openrouter] model=google/gemini-2.0-flash-001 attempt 1 exception: HTTPSConnectionPool(host='openrouter.ai', port=443): Max retries exceeded with url: /api/v1/chat/completions (Caused by SSLError(SSLEOFError(8, 'EOF occurred in violation of protocol (_ssl.c:1129)')))
[2026-03-12 14:12:38]     [meaningful_145] attempt 8: PNG render failed — retrying
[2026-03-12 14:12:38]     [meaningful_195] OK (lines=31, errors=0)
[2026-03-12 14:12:38]   generating nonsense_chaos_097 (type=chaos, ~44 lines) …
[2026-03-12 14:12:39]     [nonsense_chaos_051] attempt 2: PNG render failed — retrying
[2026-03-12 14:12:39]     [meaningful_191] attempt 5: PNG render failed — retrying
[2026-03-12 14:12:40]     [nonsense_chaos_074] attempt 1: PNG render failed — retrying
[2026-03-12 14:12:41] [openrouter] model=google/gemini-2.0-flash-001 attempt 1 exception: HTTPSConnectionPool(host='openrouter.ai', port=443): Max retries exceeded with url: /api/v1/chat/completions (Caused by SSLError(SSLEOFError(8, 'EOF occurred in violation of protocol (_ssl.c:1129)')))
[2026-03-12 14:12:42]     [meaningful_188] attempt 5: PNG render failed — retrying
[2026-03-12 14:12:43]     [nonsense_chaos_078] attempt 1: PNG render failed — retrying
[2026-03-12 14:12:43]     [nonsense_chaos_047] attempt 2: PNG render failed — retrying
[2026-03-12 14:12:43]     [meaningful_182] attempt 7: PNG render failed — retrying
[2026-03-12 14:12:44] [openrouter] model=google/gemini-2.0-flash-001 attempt 1 exception: HTTPSConnectionPool(host='openrouter.ai', port=443): Max retries exceeded with url: /api/v1/chat/completions (Caused by SSLError(SSLEOFError(8, 'EOF occurred in violation of protocol (_ssl.c:1129)')))
[2026-03-12 14:12:45] [openrouter] model=google/gemini-2.0-flash-001 attempt 1 exception: HTTPSConnectionPool(host='openrouter.ai', port=443): Max retries exceeded with url: /api/v1/chat/completions (Caused by SSLError(SSLEOFError(8, 'EOF occurred in violation of protocol (_ssl.c:1129)')))
[2026-03-12 14:12:45]     [meaningful_186] attempt 4: PNG render failed — retrying
[2026-03-12 14:12:45] [openrouter] model=google/gemini-2.0-flash-001 attempt 1 exception: HTTPSConnectionPool(host='openrouter.ai', port=443): Max retries exceeded with url: /api/v1/chat/completions (Caused by SSLError(SSLEOFError(8, 'EOF occurred in violation of protocol (_ssl.c:1129)')))
[2026-03-12 14:12:46]     [nonsense_chaos_009] attempt 4: PNG render failed — retrying
[2026-03-12 14:12:47]     [nonsense_chaos_092] OK (lines=31, errors=0)
[2026-03-12 14:12:47]   generating nonsense_chaos_098 (type=chaos, ~34 lines) …
[2026-03-12 14:12:47]     [meaningful_178] attempt 7: PNG render failed — retrying
[2026-03-12 14:12:48]     [nonsense_chaos_079] attempt 1: PNG render failed — retrying
[2026-03-12 14:12:49]     [nonsense_chaos_097] OK (lines=24, errors=0)
[2026-03-12 14:12:49]   generating nonsense_chaos_106 (type=chaos, ~42 lines) …
[2026-03-12 14:12:49] [openrouter] model=google/gemini-2.0-flash-001 attempt 1 exception: HTTPSConnectionPool(host='openrouter.ai', port=443): Max retries exceeded with url: /api/v1/chat/completions (Caused by SSLError(SSLEOFError(8, 'EOF occurred in violation of protocol (_ssl.c:1129)')))
[2026-03-12 14:12:49]     [nonsense_chaos_032] attempt 3: PNG render failed — retrying
[2026-03-12 14:12:49] [openrouter] model=google/gemini-2.0-flash-001 attempt 1 exception: HTTPSConnectionPool(host='openrouter.ai', port=443): Max retries exceeded with url: /api/v1/chat/completions (Caused by SSLError(SSLEOFError(8, 'EOF occurred in violation of protocol (_ssl.c:1129)')))
[2026-03-12 14:12:50] [openrouter] model=google/gemini-2.0-flash-001 attempt 1 exception: HTTPSConnectionPool(host='openrouter.ai', port=443): Max retries exceeded with url: /api/v1/chat/completions (Caused by SSLError(SSLEOFError(8, 'EOF occurred in violation of protocol (_ssl.c:1129)')))
[2026-03-12 14:12:51]     [nonsense_chaos_066] OK (lines=26, errors=0)
[2026-03-12 14:12:51]   generating nonsense_chaos_117 (type=chaos, ~60 lines) …
[2026-03-12 14:12:53] [openrouter] model=google/gemini-2.0-flash-001 attempt 1 exception: HTTPSConnectionPool(host='openrouter.ai', port=443): Max retries exceeded with url: /api/v1/chat/completions (Caused by SSLError(SSLEOFError(8, 'EOF occurred in violation of protocol (_ssl.c:1129)')))
[2026-03-12 14:12:53]     [meaningful_165] attempt 10: PNG render failed — retrying
[2026-03-12 14:12:54] [openrouter] model=google/gemini-2.0-flash-001 attempt 1 exception: HTTPSConnectionPool(host='openrouter.ai', port=443): Max retries exceeded with url: /api/v1/chat/completions (Caused by SSLError(SSLEOFError(8, 'EOF occurred in violation of protocol (_ssl.c:1129)')))
[2026-03-12 14:12:57]     [nonsense_chaos_085] attempt 1: PNG render failed — retrying
[2026-03-12 14:12:58]     [meaningful_185] OK (lines=20, errors=0)
[2026-03-12 14:12:58]   generating nonsense_chaos_120 (type=chaos, ~45 lines) …
[2026-03-12 14:12:58]     [nonsense_chaos_098] OK (lines=27, errors=0)
[2026-03-12 14:12:58]   generating nonsense_chaos_127 (type=chaos, ~58 lines) …
[2026-03-12 14:12:58] [openrouter] model=google/gemini-2.0-flash-001 attempt 1 exception: HTTPSConnectionPool(host='openrouter.ai', port=443): Max retries exceeded with url: /api/v1/chat/completions (Caused by SSLError(SSLEOFError(8, 'EOF occurred in violation of protocol (_ssl.c:1129)')))
[2026-03-12 14:12:59]     [nonsense_chaos_024] attempt 2: PNG render failed — retrying
[2026-03-12 14:12:59]     [meaningful_193] attempt 6: PNG render failed — retrying
[2026-03-12 14:13:01]     [meaningful_145] attempt 9: PNG render failed — retrying
[2026-03-12 14:13:02]     [nonsense_chaos_106] OK (lines=23, errors=0)
[2026-03-12 14:13:02]   generating nonsense_chaos_130 (type=chaos, ~23 lines) …
[2026-03-12 14:13:03]     [nonsense_chaos_074] OK (lines=28, errors=0)
[2026-03-12 14:13:03]   generating nonsense_chaos_132 (type=chaos, ~18 lines) …
[2026-03-12 14:13:03] [openrouter] model=google/gemini-2.0-flash-001 attempt 1 exception: HTTPSConnectionPool(host='openrouter.ai', port=443): Max retries exceeded with url: /api/v1/chat/completions (Caused by SSLError(SSLEOFError(8, 'EOF occurred in violation of protocol (_ssl.c:1129)')))
[2026-03-12 14:13:04]     [nonsense_chaos_047] attempt 3: PNG render failed — retrying
[2026-03-12 14:13:04]     [meaningful_188] attempt 6: PNG render failed — retrying
[2026-03-12 14:13:07] [openrouter] model=google/gemini-2.0-flash-001 attempt 1 exception: HTTPSConnectionPool(host='openrouter.ai', port=443): Max retries exceeded with url: /api/v1/chat/completions (Caused by SSLError(SSLEOFError(8, 'EOF occurred in violation of protocol (_ssl.c:1129)')))
[2026-03-12 14:13:07]     [nonsense_chaos_051] attempt 3: PNG render failed — retrying
[2026-03-12 14:13:07]     [meaningful_191] attempt 6: PNG render failed — retrying
[2026-03-12 14:13:07]     [nonsense_chaos_063] attempt 1: PNG render failed — retrying
[2026-03-12 14:13:08]     [nonsense_chaos_009] attempt 5: PNG render failed — retrying
[2026-03-12 14:13:08]     [nonsense_chaos_117] attempt 1: PNG render failed — retrying
[2026-03-12 14:13:08]     [nonsense_chaos_079] attempt 2: PNG render failed — retrying
[2026-03-12 14:13:09]     [nonsense_chaos_078] OK (lines=45, errors=0)
[2026-03-12 14:13:09]   generating nonsense_chaos_137 (type=chaos, ~34 lines) …
[2026-03-12 14:13:09]     [nonsense_chaos_130] OK (lines=20, errors=0)
[2026-03-12 14:13:09]   generating nonsense_chaos_139 (type=chaos, ~47 lines) …
[2026-03-12 14:13:10]     [nonsense_chaos_120] OK (lines=35, errors=0)
[2026-03-12 14:13:10]   generating nonsense_chaos_144 (type=chaos, ~22 lines) …
[2026-03-12 14:13:11] [openrouter] model=google/gemini-2.0-flash-001 attempt 1 exception: HTTPSConnectionPool(host='openrouter.ai', port=443): Max retries exceeded with url: /api/v1/chat/completions (Caused by SSLError(SSLEOFError(8, 'EOF occurred in violation of protocol (_ssl.c:1129)')))
[2026-03-12 14:13:11]     [meaningful_182] attempt 8: PNG render failed — retrying
[2026-03-12 14:13:13]     [meaningful_157] attempt 9: PNG render failed — retrying
[2026-03-12 14:13:14] [openrouter] model=google/gemini-2.0-flash-001 attempt 1 exception: HTTPSConnectionPool(host='openrouter.ai', port=443): Max retries exceeded with url: /api/v1/chat/completions (Caused by SSLError(SSLEOFError(8, 'EOF occurred in violation of protocol (_ssl.c:1129)')))
[2026-03-12 14:13:14]     [meaningful_186] attempt 5: PNG render failed — retrying
[2026-03-12 14:13:15]     [meaningful_165] attempt 11: PNG render failed — retrying
[2026-03-12 14:13:16]     [nonsense_chaos_137] OK (lines=22, errors=0)
[2026-03-12 14:13:16]   generating nonsense_misleading_001 (type=misleading, ~43 lines) …
[2026-03-12 14:13:17]     [meaningful_178] attempt 8: PNG render failed — retrying
[2026-03-12 14:13:18] [openrouter] model=google/gemini-2.0-flash-001 attempt 1 exception: HTTPSConnectionPool(host='openrouter.ai', port=443): Max retries exceeded with url: /api/v1/chat/completions (Caused by SSLError(SSLEOFError(8, 'EOF occurred in violation of protocol (_ssl.c:1129)')))
[2026-03-12 14:13:18]     [nonsense_chaos_051] OK (lines=19, errors=0)
[2026-03-12 14:13:18]   generating nonsense_misleading_002 (type=misleading, ~55 lines) …
[2026-03-12 14:13:18] [openrouter] model=google/gemini-2.0-flash-001 attempt 1 exception: HTTPSConnectionPool(host='openrouter.ai', port=443): Max retries exceeded with url: /api/v1/chat/completions (Caused by SSLError(SSLEOFError(8, 'EOF occurred in violation of protocol (_ssl.c:1129)')))
[2026-03-12 14:13:19]     [nonsense_chaos_032] attempt 4: PNG render failed — retrying
[2026-03-12 14:13:19]     [nonsense_chaos_024] attempt 3: PNG render failed — retrying
[2026-03-12 14:13:20]     [nonsense_chaos_132] attempt 1: PNG render failed — retrying
[2026-03-12 14:13:20]     [nonsense_chaos_127] attempt 1: PNG render failed — retrying
[2026-03-12 14:13:21]     [meaningful_193] attempt 7: PNG render failed — retrying
[2026-03-12 14:13:22] [openrouter] model=google/gemini-2.0-flash-001 attempt 1 exception: HTTPSConnectionPool(host='openrouter.ai', port=443): Max retries exceeded with url: /api/v1/chat/completions (Caused by SSLError(SSLEOFError(8, 'EOF occurred in violation of protocol (_ssl.c:1129)')))
[2026-03-12 14:13:23]     [nonsense_chaos_063] OK (lines=13, errors=0)
[2026-03-12 14:13:23]   generating nonsense_misleading_007 (type=misleading, ~38 lines) …
[2026-03-12 14:13:23] [openrouter] model=google/gemini-2.0-flash-001 attempt 1 exception: HTTPSConnectionPool(host='openrouter.ai', port=443): Max retries exceeded with url: /api/v1/chat/completions (Caused by SSLError(SSLEOFError(8, 'EOF occurred in violation of protocol (_ssl.c:1129)')))
[2026-03-12 14:13:24]     [nonsense_chaos_144] OK (lines=20, errors=0)
[2026-03-12 14:13:24]   generating nonsense_misleading_009 (type=misleading, ~16 lines) …
[2026-03-12 14:13:25] [openrouter] model=google/gemini-2.0-flash-001 attempt 1 exception: HTTPSConnectionPool(host='openrouter.ai', port=443): Max retries exceeded with url: /api/v1/chat/completions (Caused by SSLError(SSLEOFError(8, 'EOF occurred in violation of protocol (_ssl.c:1129)')))
[2026-03-12 14:13:25] [openrouter] model=google/gemini-2.0-flash-001 attempt 1 exception: HTTPSConnectionPool(host='openrouter.ai', port=443): Max retries exceeded with url: /api/v1/chat/completions (Caused by SSLError(SSLEOFError(8, 'EOF occurred in violation of protocol (_ssl.c:1129)')))
[2026-03-12 14:13:26]     [nonsense_chaos_047] attempt 4: PNG render failed — retrying
[2026-03-12 14:13:26] [openrouter] model=google/gemini-2.0-flash-001 attempt 1 exception: HTTPSConnectionPool(host='openrouter.ai', port=443): Max retries exceeded with url: /api/v1/chat/completions (Caused by SSLError(SSLEOFError(8, 'EOF occurred in violation of protocol (_ssl.c:1129)')))
[2026-03-12 14:13:27]     [nonsense_chaos_139] attempt 1: PNG render failed — retrying
[2026-03-12 14:13:27]     [nonsense_chaos_079] OK (lines=23, errors=0)
[2026-03-12 14:13:27]   generating nonsense_misleading_014 (type=misleading, ~37 lines) …
[2026-03-12 14:13:27]     [meaningful_188] attempt 7: PNG render failed — retrying
[2026-03-12 14:13:27] [openrouter] model=google/gemini-2.0-flash-001 attempt 1 exception: HTTPSConnectionPool(host='openrouter.ai', port=443): Max retries exceeded with url: /api/v1/chat/completions (Caused by SSLError(SSLEOFError(8, 'EOF occurred in violation of protocol (_ssl.c:1129)')))
[2026-03-12 14:13:28]     [nonsense_chaos_085] OK (lines=44, errors=0)
[2026-03-12 14:13:28]   generating nonsense_misleading_023 (type=misleading, ~26 lines) …
[2026-03-12 14:13:29]     [meaningful_191] attempt 7: PNG render failed — retrying
[2026-03-12 14:13:30]     [nonsense_chaos_009] OK (lines=37, errors=0)
[2026-03-12 14:13:30]   generating nonsense_misleading_024 (type=misleading, ~45 lines) …
[2026-03-12 14:13:30]     [meaningful_145] attempt 10: PNG render failed — retrying
[2026-03-12 14:13:30] [openrouter] model=google/gemini-2.0-flash-001 attempt 1 exception: HTTPSConnectionPool(host='openrouter.ai', port=443): Max retries exceeded with url: /api/v1/chat/completions (Caused by SSLError(SSLEOFError(8, 'EOF occurred in violation of protocol (_ssl.c:1129)')))
[2026-03-12 14:13:31]     [meaningful_144] attempt 11: PNG render failed — retrying
[2026-03-12 14:13:31]     [nonsense_chaos_117] attempt 2: PNG render failed — retrying
[2026-03-12 14:13:31]     [nonsense_misleading_001] OK (lines=21, errors=30)
[2026-03-12 14:13:31]   generating nonsense_misleading_027 (type=misleading, ~22 lines) …
[2026-03-12 14:13:31] [openrouter] model=google/gemini-2.0-flash-001 attempt 1 exception: HTTPSConnectionPool(host='openrouter.ai', port=443): Max retries exceeded with url: /api/v1/chat/completions (Caused by SSLError(SSLEOFError(8, 'EOF occurred in violation of protocol (_ssl.c:1129)')))
[2026-03-12 14:13:33]     [meaningful_182] attempt 9: PNG render failed — retrying
[2026-03-12 14:13:34]     [nonsense_chaos_024] OK (lines=14, errors=0)
[2026-03-12 14:13:34]   generating nonsense_misleading_038 (type=misleading, ~16 lines) …
[2026-03-12 14:13:35] [openrouter] model=google/gemini-2.0-flash-001 attempt 1 exception: HTTPSConnectionPool(host='openrouter.ai', port=443): Max retries exceeded with url: /api/v1/chat/completions (Caused by SSLError(SSLEOFError(8, 'EOF occurred in violation of protocol (_ssl.c:1129)')))
[2026-03-12 14:13:36]     [meaningful_165] attempt 12: PNG render failed — retrying
[2026-03-12 14:13:38]     [meaningful_186] attempt 6: PNG render failed — retrying
[2026-03-12 14:13:38] [openrouter] model=google/gemini-2.0-flash-001 attempt 2 exception: HTTPSConnectionPool(host='openrouter.ai', port=443): Max retries exceeded with url: /api/v1/chat/completions (Caused by SSLError(SSLEOFError(8, 'EOF occurred in violation of protocol (_ssl.c:1129)')))
[2026-03-12 14:13:38] [openrouter] model=google/gemini-2.0-flash-001 attempt 1 exception: HTTPSConnectionPool(host='openrouter.ai', port=443): Max retries exceeded with url: /api/v1/chat/completions (Caused by SSLError(SSLEOFError(8, 'EOF occurred in violation of protocol (_ssl.c:1129)')))
[2026-03-12 14:13:40]     [nonsense_misleading_009] attempt 1: PNG render failed — retrying
[2026-03-12 14:13:40]     [nonsense_chaos_032] attempt 5: PNG render failed — retrying
[2026-03-12 14:13:41]     [nonsense_misleading_014] OK (lines=21, errors=5)
[2026-03-12 14:13:41]   generating nonsense_misleading_039 (type=misleading, ~8 lines) …
[2026-03-12 14:13:41]     [nonsense_chaos_037] attempt 3: PNG render failed — retrying
[2026-03-12 14:13:41]     [meaningful_165] FAILED after 12 attempts — skipping
[2026-03-12 14:13:41]   generating nonsense_misleading_040 (type=misleading, ~44 lines) …
[2026-03-12 14:13:42]     [nonsense_misleading_002] attempt 1: PNG render failed — retrying
[2026-03-12 14:13:43]     [nonsense_misleading_024] OK (lines=16, errors=6)
[2026-03-12 14:13:43]   generating nonsense_misleading_043 (type=misleading, ~23 lines) …
[2026-03-12 14:13:43] [openrouter] model=google/gemini-2.0-flash-001 attempt 1 exception: HTTPSConnectionPool(host='openrouter.ai', port=443): Max retries exceeded with url: /api/v1/chat/completions (Caused by SSLError(SSLEOFError(8, 'EOF occurred in violation of protocol (_ssl.c:1129)')))
[2026-03-12 14:13:43] [openrouter] model=google/gemini-2.0-flash-001 attempt 1 exception: HTTPSConnectionPool(host='openrouter.ai', port=443): Max retries exceeded with url: /api/v1/chat/completions (Caused by SSLError(SSLEOFError(8, 'EOF occurred in violation of protocol (_ssl.c:1129)')))
[2026-03-12 14:13:44]     [meaningful_157] attempt 10: PNG render failed — retrying
[2026-03-12 14:13:44]     [nonsense_misleading_023] attempt 1: PNG render failed — retrying
[2026-03-12 14:13:45]     [nonsense_misleading_007] attempt 1: PNG render failed — retrying
[2026-03-12 14:13:48] [openrouter] model=google/gemini-2.0-flash-001 attempt 1 exception: HTTPSConnectionPool(host='openrouter.ai', port=443): Max retries exceeded with url: /api/v1/chat/completions (Caused by SSLError(SSLEOFError(8, 'EOF occurred in violation of protocol (_ssl.c:1129)')))
[2026-03-12 14:13:48]     [nonsense_chaos_127] attempt 2: PNG render failed — retrying
[2026-03-12 14:13:48]     [meaningful_193] attempt 8: PNG render failed — retrying
[2026-03-12 14:13:49]     [nonsense_misleading_039] OK (lines=10, errors=4)
[2026-03-12 14:13:49]   generating nonsense_misleading_044 (type=misleading, ~69 lines) …
[2026-03-12 14:13:49]     [nonsense_chaos_132] attempt 2: PNG render failed — retrying
[2026-03-12 14:13:49]     [meaningful_188] attempt 8: PNG render failed — retrying
[2026-03-12 14:13:50] [openrouter] model=google/gemini-2.0-flash-001 attempt 3 exception: HTTPSConnectionPool(host='openrouter.ai', port=443): Max retries exceeded with url: /api/v1/chat/completions (Caused by SSLError(SSLEOFError(8, 'EOF occurred in violation of protocol (_ssl.c:1129)')))
[2026-03-12 14:13:51] [openrouter] model=google/gemini-2.0-flash-001 attempt 1 exception: HTTPSConnectionPool(host='openrouter.ai', port=443): Max retries exceeded with url: /api/v1/chat/completions (Caused by SSLError(SSLEOFError(8, 'EOF occurred in violation of protocol (_ssl.c:1129)')))
[2026-03-12 14:13:51]     [nonsense_misleading_038] attempt 1: PNG render failed — retrying
[2026-03-12 14:13:51]     [meaningful_144] OK (lines=33, errors=0)
[2026-03-12 14:13:51]   generating nonsense_misleading_045 (type=misleading, ~22 lines) …
[2026-03-12 14:13:52]     [nonsense_misleading_027] OK (lines=19, errors=5)
[2026-03-12 14:13:52]   generating nonsense_misleading_073 (type=misleading, ~42 lines) …
[2026-03-12 14:13:52]     [meaningful_191] attempt 8: PNG render failed — retrying
[2026-03-12 14:13:52] [openrouter] model=google/gemini-2.0-flash-001 attempt 1 exception: HTTPSConnectionPool(host='openrouter.ai', port=443): Max retries exceeded with url: /api/v1/chat/completions (Caused by SSLError(SSLEOFError(8, 'EOF occurred in violation of protocol (_ssl.c:1129)')))
[2026-03-12 14:13:52]     [nonsense_chaos_117] attempt 3: PNG render failed — retrying
[2026-03-12 14:13:54] [openrouter] model=google/gemini-2.0-flash-001 attempt 1 exception: HTTPSConnectionPool(host='openrouter.ai', port=443): Max retries exceeded with url: /api/v1/chat/completions (Caused by SSLError(SSLEOFError(8, 'EOF occurred in violation of protocol (_ssl.c:1129)')))
[2026-03-12 14:13:54] [openrouter] model=google/gemini-2.0-flash-001 attempt 1 exception: HTTPSConnectionPool(host='openrouter.ai', port=443): Max retries exceeded with url: /api/v1/chat/completions (Caused by SSLError(SSLEOFError(8, 'EOF occurred in violation of protocol (_ssl.c:1129)')))
[2026-03-12 14:13:55]     [nonsense_chaos_032] OK (lines=33, errors=0)
[2026-03-12 14:13:55]   generating nonsense_misleading_076 (type=misleading, ~17 lines) …
[2026-03-12 14:13:56]     [nonsense_misleading_009] OK (lines=12, errors=6)
[2026-03-12 14:13:56]   generating nonsense_misleading_081 (type=misleading, ~15 lines) …
[2026-03-12 14:13:57]     [meaningful_145] attempt 11: PNG render failed — retrying
[2026-03-12 14:13:58]     [nonsense_misleading_040] attempt 1: PNG render failed — retrying
[2026-03-12 14:14:01]     [meaningful_182] attempt 10: PNG render failed — retrying
[2026-03-12 14:14:01]     [nonsense_chaos_037] attempt 4: PNG render failed — retrying
[2026-03-12 14:14:03] [openrouter] model=google/gemini-2.0-flash-001 attempt 1 exception: HTTPSConnectionPool(host='openrouter.ai', port=443): Max retries exceeded with url: /api/v1/chat/completions (Caused by SSLError(SSLEOFError(8, 'EOF occurred in violation of protocol (_ssl.c:1129)')))
[2026-03-12 14:14:03]     [nonsense_misleading_076] OK (lines=15, errors=7)
[2026-03-12 14:14:03]   generating nonsense_misleading_088 (type=misleading, ~8 lines) …
[2026-03-12 14:14:03] [openrouter] model=google/gemini-2.0-flash-001 attempt 1 exception: HTTPSConnectionPool(host='openrouter.ai', port=443): Max retries exceeded with url: /api/v1/chat/completions (Caused by SSLError(SSLEOFError(8, 'EOF occurred in violation of protocol (_ssl.c:1129)')))
[2026-03-12 14:14:03] [openrouter] model=google/gemini-2.0-flash-001 attempt 1 exception: HTTPSConnectionPool(host='openrouter.ai', port=443): Max retries exceeded with url: /api/v1/chat/completions (Caused by SSLError(SSLEOFError(8, 'EOF occurred in violation of protocol (_ssl.c:1129)')))
[2026-03-12 14:14:04]     [nonsense_misleading_038] OK (lines=16, errors=7)
[2026-03-12 14:14:04]   generating nonsense_misleading_092 (type=misleading, ~18 lines) …
[2026-03-12 14:14:04] [openrouter] model=google/gemini-2.0-flash-001 attempt 1 exception: HTTPSConnectionPool(host='openrouter.ai', port=443): Max retries exceeded with url: /api/v1/chat/completions (Caused by SSLError(SSLEOFError(8, 'EOF occurred in violation of protocol (_ssl.c:1129)')))
[2026-03-12 14:14:05]     [nonsense_chaos_127] OK (lines=32, errors=0)
[2026-03-12 14:14:05]   generating nonsense_misleading_101 (type=misleading, ~16 lines) …
[2026-03-12 14:14:05]     [nonsense_misleading_043] attempt 1: PNG render failed — retrying
[2026-03-12 14:14:07]     [nonsense_misleading_044] attempt 1: PNG render failed — retrying
[2026-03-12 14:14:08]     [nonsense_misleading_045] OK (lines=18, errors=6)
[2026-03-12 14:14:08]   generating nonsense_misleading_103 (type=misleading, ~13 lines) …
[2026-03-12 14:14:08]     [nonsense_misleading_023] attempt 2: PNG render failed — retrying
[2026-03-12 14:14:08]     [nonsense_chaos_047] attempt 5: empty/short mmd — retrying
[2026-03-12 14:14:09]     [meaningful_186] attempt 7: PNG render failed — retrying
[2026-03-12 14:14:10]     [meaningful_157] attempt 11: PNG render failed — retrying
[2026-03-12 14:14:11]     [nonsense_misleading_002] attempt 2: PNG render failed — retrying
[2026-03-12 14:14:11]     [meaningful_193] attempt 9: PNG render failed — retrying
[2026-03-12 14:14:12]     [meaningful_188] OK (lines=34, errors=0)
[2026-03-12 14:14:12]   generating nonsense_misleading_105 (type=misleading, ~59 lines) …
[2026-03-12 14:14:12]     [nonsense_misleading_081] attempt 1: PNG render failed — retrying
[2026-03-12 14:14:13]     [nonsense_misleading_007] attempt 2: PNG render failed — retrying
[2026-03-12 14:14:13]     [meaningful_191] attempt 9: PNG render failed — retrying
[2026-03-12 14:14:16] [openrouter] model=google/gemini-2.0-flash-001 attempt 1 exception: HTTPSConnectionPool(host='openrouter.ai', port=443): Max retries exceeded with url: /api/v1/chat/completions (Caused by SSLError(SSLEOFError(8, 'EOF occurred in violation of protocol (_ssl.c:1129)')))
[2026-03-12 14:14:16]     [nonsense_misleading_073] attempt 1: PNG render failed — retrying
[2026-03-12 14:14:16]     [nonsense_misleading_088] OK (lines=9, errors=3)
[2026-03-12 14:14:16]   generating nonsense_misleading_112 (type=misleading, ~15 lines) …
[2026-03-12 14:14:16] [openrouter] model=google/gemini-2.0-flash-001 attempt 1 exception: HTTPSConnectionPool(host='openrouter.ai', port=443): Max retries exceeded with url: /api/v1/chat/completions (Caused by SSLError(SSLEOFError(8, 'EOF occurred in violation of protocol (_ssl.c:1129)')))
[2026-03-12 14:14:16] [openrouter] model=google/gemini-2.0-flash-001 attempt 1 exception: HTTPSConnectionPool(host='openrouter.ai', port=443): Max retries exceeded with url: /api/v1/chat/completions (Caused by SSLError(SSLEOFError(8, 'EOF occurred in violation of protocol (_ssl.c:1129)')))
[2026-03-12 14:14:16] [openrouter] model=google/gemini-2.0-flash-001 attempt 1 exception: HTTPSConnectionPool(host='openrouter.ai', port=443): Max retries exceeded with url: /api/v1/chat/completions (Caused by SSLError(SSLEOFError(8, 'EOF occurred in violation of protocol (_ssl.c:1129)')))
[2026-03-12 14:14:16]     [nonsense_chaos_117] attempt 4: PNG render failed — retrying
[2026-03-12 14:14:16]     [nonsense_chaos_132] attempt 3: PNG render failed — retrying
[2026-03-12 14:14:17]     [nonsense_misleading_043] OK (lines=22, errors=5)
[2026-03-12 14:14:19]     [nonsense_misleading_040] OK (lines=20, errors=5)
[2026-03-12 14:14:21]     [nonsense_chaos_037] attempt 5: PNG render failed — retrying
[2026-03-12 14:14:21]     [nonsense_misleading_101] attempt 1: PNG render failed — retrying
[2026-03-12 14:14:22]     [meaningful_182] attempt 11: PNG render failed — retrying
[2026-03-12 14:14:24]     [nonsense_misleading_103] attempt 1: PNG render failed — retrying
[2026-03-12 14:14:25]     [nonsense_misleading_105] OK (lines=24, errors=6)
[2026-03-12 14:14:26]     [meaningful_145] attempt 12: PNG render failed — retrying
[2026-03-12 14:14:26]     [nonsense_misleading_092] attempt 1: PNG render failed — retrying
[2026-03-12 14:14:27]     [nonsense_misleading_007] OK (lines=26, errors=8)
[2026-03-12 14:14:28]     [nonsense_chaos_132] OK (lines=20, errors=0)
[2026-03-12 14:14:29]     [nonsense_chaos_047] attempt 6: PNG render failed — retrying
[2026-03-12 14:14:30]     [nonsense_misleading_044] attempt 2: PNG render failed — retrying
[2026-03-12 14:14:31]     [meaningful_145] FAILED after 12 attempts — skipping
[2026-03-12 14:14:31]     [nonsense_misleading_023] OK (lines=29, errors=6)
[2026-03-12 14:14:32] [openrouter] model=google/gemini-2.0-flash-001 attempt 1 exception: HTTPSConnectionPool(host='openrouter.ai', port=443): Max retries exceeded with url: /api/v1/chat/completions (Caused by SSLError(SSLEOFError(8, 'EOF occurred in violation of protocol (_ssl.c:1129)')))
[2026-03-12 14:14:33]     [meaningful_178] OK (lines=63, errors=0)
[2026-03-12 14:14:33]     [nonsense_chaos_139] attempt 2: PNG render failed — retrying
[2026-03-12 14:14:34]     [nonsense_misleading_081] attempt 2: PNG render failed — retrying
[2026-03-12 14:14:34]     [nonsense_misleading_101] OK (lines=16, errors=6)
[2026-03-12 14:14:34]     [meaningful_191] attempt 10: PNG render failed — retrying
[2026-03-12 14:14:36] [openrouter] model=google/gemini-2.0-flash-001 attempt 1 exception: HTTPSConnectionPool(host='openrouter.ai', port=443): Max retries exceeded with url: /api/v1/chat/completions (Caused by SSLError(SSLEOFError(8, 'EOF occurred in violation of protocol (_ssl.c:1129)')))
[2026-03-12 14:14:36]     [nonsense_misleading_103] OK (lines=14, errors=5)
[2026-03-12 14:14:37]     [meaningful_186] attempt 8: PNG render failed — retrying
[2026-03-12 14:14:37]     [nonsense_misleading_073] attempt 2: PNG render failed — retrying
[2026-03-12 14:14:37]     [nonsense_chaos_117] attempt 5: PNG render failed — retrying
[2026-03-12 14:14:38]     [meaningful_193] attempt 10: PNG render failed — retrying
[2026-03-12 14:14:38]     [nonsense_misleading_112] attempt 1: PNG render failed — retrying
[2026-03-12 14:14:38]     [nonsense_misleading_002] attempt 3: PNG render failed — retrying
[2026-03-12 14:14:39] [openrouter] model=google/gemini-2.0-flash-001 attempt 1 exception: HTTPSConnectionPool(host='openrouter.ai', port=443): Max retries exceeded with url: /api/v1/chat/completions (Caused by SSLError(SSLEOFError(8, 'EOF occurred in violation of protocol (_ssl.c:1129)')))
[2026-03-12 14:14:40] [openrouter] model=google/gemini-2.0-flash-001 attempt 1 exception: HTTPSConnectionPool(host='openrouter.ai', port=443): Max retries exceeded with url: /api/v1/chat/completions (Caused by SSLError(SSLEOFError(8, 'EOF occurred in violation of protocol (_ssl.c:1129)')))
[2026-03-12 14:14:41]     [nonsense_chaos_047] OK (lines=23, errors=0)
[2026-03-12 14:14:42]     [meaningful_157] attempt 12: PNG render failed — retrying
[2026-03-12 14:14:43]     [nonsense_chaos_037] attempt 6: PNG render failed — retrying
[2026-03-12 14:14:44] [openrouter] model=google/gemini-2.0-flash-001 attempt 1 exception: HTTPSConnectionPool(host='openrouter.ai', port=443): Max retries exceeded with url: /api/v1/chat/completions (Caused by SSLError(SSLEOFError(8, 'EOF occurred in violation of protocol (_ssl.c:1129)')))
[2026-03-12 14:14:45]     [meaningful_182] attempt 12: PNG render failed — retrying
[2026-03-12 14:14:45]     [nonsense_misleading_092] OK (lines=17, errors=5)
[2026-03-12 14:14:47]     [meaningful_157] FAILED after 12 attempts — skipping
[2026-03-12 14:14:49] [openrouter] model=google/gemini-2.0-flash-001 attempt 1 exception: HTTPSConnectionPool(host='openrouter.ai', port=443): Max retries exceeded with url: /api/v1/chat/completions (Caused by SSLError(SSLEOFError(8, 'EOF occurred in violation of protocol (_ssl.c:1129)')))
[2026-03-12 14:14:50]     [nonsense_chaos_139] OK (lines=23, errors=0)
[2026-03-12 14:14:50]     [meaningful_182] FAILED after 12 attempts — skipping
[2026-03-12 14:14:56] [openrouter] model=google/gemini-2.0-flash-001 attempt 2 exception: HTTPSConnectionPool(host='openrouter.ai', port=443): Max retries exceeded with url: /api/v1/chat/completions (Caused by SSLError(SSLEOFError(8, 'EOF occurred in violation of protocol (_ssl.c:1129)')))
[2026-03-12 14:14:59]     [meaningful_186] attempt 9: PNG render failed — retrying
[2026-03-12 14:15:00]     [nonsense_chaos_117] attempt 6: PNG render failed — retrying
[2026-03-12 14:15:00]     [nonsense_misleading_073] attempt 3: PNG render failed — retrying
[2026-03-12 14:15:00]     [meaningful_193] attempt 11: PNG render failed — retrying
[2026-03-12 14:15:00]     [nonsense_misleading_044] attempt 3: PNG render failed — retrying
[2026-03-12 14:15:01]     [nonsense_misleading_112] OK (lines=10, errors=17)
[2026-03-12 14:15:05] [openrouter] model=google/gemini-2.0-flash-001 attempt 1 exception: HTTPSConnectionPool(host='openrouter.ai', port=443): Max retries exceeded with url: /api/v1/chat/completions (Caused by SSLError(SSLEOFError(8, 'EOF occurred in violation of protocol (_ssl.c:1129)')))
[2026-03-12 14:15:06] [openrouter] model=google/gemini-2.0-flash-001 attempt 1 exception: HTTPSConnectionPool(host='openrouter.ai', port=443): Max retries exceeded with url: /api/v1/chat/completions (Caused by SSLError(SSLEOFError(8, 'EOF occurred in violation of protocol (_ssl.c:1129)')))
[2026-03-12 14:15:06] [openrouter] model=google/gemini-2.0-flash-001 attempt 1 exception: HTTPSConnectionPool(host='openrouter.ai', port=443): Max retries exceeded with url: /api/v1/chat/completions (Caused by SSLError(SSLEOFError(8, 'EOF occurred in violation of protocol (_ssl.c:1129)')))
[2026-03-12 14:15:10]     [nonsense_misleading_002] attempt 4: PNG render failed — retrying
[2026-03-12 14:15:12] [openrouter] model=google/gemini-2.0-flash-001 attempt 2 exception: HTTPSConnectionPool(host='openrouter.ai', port=443): Max retries exceeded with url: /api/v1/chat/completions (Caused by SSLError(SSLEOFError(8, 'EOF occurred in violation of protocol (_ssl.c:1129)')))
[2026-03-12 14:15:12] [openrouter] model=google/gemini-2.0-flash-001 attempt 2 exception: HTTPSConnectionPool(host='openrouter.ai', port=443): Max retries exceeded with url: /api/v1/chat/completions (Caused by SSLError(SSLEOFError(8, 'EOF occurred in violation of protocol (_ssl.c:1129)')))
[2026-03-12 14:15:16]     [nonsense_chaos_037] OK (lines=26, errors=0)
[2026-03-12 14:15:18]     [nonsense_misleading_044] OK (lines=16, errors=5)
[2026-03-12 14:15:23]     [nonsense_misleading_002] OK (lines=22, errors=7)
[2026-03-12 14:15:23]     [meaningful_186] attempt 10: PNG render failed — retrying
[2026-03-12 14:15:31]     [nonsense_misleading_073] OK (lines=20, errors=7)
[2026-03-12 14:15:43]     [meaningful_193] attempt 12: PNG render failed — retrying
[2026-03-12 14:15:45]     [nonsense_misleading_081] OK (lines=13, errors=20)
[2026-03-12 14:15:46]     [meaningful_186] attempt 11: PNG render failed — retrying
[2026-03-12 14:15:48]     [meaningful_193] FAILED after 12 attempts — skipping
[2026-03-12 14:15:49]     [meaningful_191] attempt 11: PNG render failed — retrying
[2026-03-12 14:15:55] [openrouter] model=google/gemini-2.0-flash-001 attempt 1 exception: HTTPSConnectionPool(host='openrouter.ai', port=443): Max retries exceeded with url: /api/v1/chat/completions (Caused by SSLError(SSLEOFError(8, 'EOF occurred in violation of protocol (_ssl.c:1129)')))
[2026-03-12 14:16:09]     [meaningful_186] attempt 12: PNG render failed — retrying
[2026-03-12 14:16:14]     [meaningful_186] FAILED after 12 attempts — skipping
[2026-03-12 14:16:18]     [meaningful_191] attempt 12: PNG render failed — retrying
[2026-03-12 14:16:23]     [meaningful_191] FAILED after 12 attempts — skipping
[2026-03-12 14:17:00]     [nonsense_chaos_117] attempt 7: PNG render failed — retrying
[2026-03-12 14:17:23]     [nonsense_chaos_117] attempt 8: PNG render failed — retrying
[2026-03-12 14:17:28] [openrouter] model=google/gemini-2.0-flash-001 attempt 1 exception: HTTPSConnectionPool(host='openrouter.ai', port=443): Max retries exceeded with url: /api/v1/chat/completions (Caused by SSLError(SSLEOFError(8, 'EOF occurred in violation of protocol (_ssl.c:1129)')))
[2026-03-12 14:17:43]     [nonsense_chaos_117] OK (lines=29, errors=0)
[2026-03-12 14:17:43] 
[synth done] generated=136 this run, total_in_metadata=484
[2026-03-12 14:18:41] [synth] type=all pending=16 already_done=484 workers=16
[2026-03-12 14:18:41]   generating meaningful_003 (type=meaningful, ~74 lines) …
[2026-03-12 14:18:41]   generating meaningful_058 (type=meaningful, ~26 lines) …
[2026-03-12 14:18:41]   generating meaningful_013 (type=meaningful, ~101 lines) …
[2026-03-12 14:18:41]   generating meaningful_081 (type=meaningful, ~43 lines) …
[2026-03-12 14:18:41]   generating meaningful_099 (type=meaningful, ~88 lines) …
[2026-03-12 14:18:41]   generating meaningful_105 (type=meaningful, ~43 lines) …
[2026-03-12 14:18:41]   generating meaningful_125 (type=meaningful, ~35 lines) …
[2026-03-12 14:18:41]   generating meaningful_129 (type=meaningful, ~23 lines) …
[2026-03-12 14:18:41]   generating meaningful_131 (type=meaningful, ~25 lines) …
[2026-03-12 14:18:41]   generating meaningful_145 (type=meaningful, ~22 lines) …
[2026-03-12 14:18:41]   generating meaningful_157 (type=meaningful, ~263 lines) …
[2026-03-12 14:18:41]   generating meaningful_165 (type=meaningful, ~32 lines) …
[2026-03-12 14:18:41]   generating meaningful_182 (type=meaningful, ~29 lines) …
[2026-03-12 14:18:41]   generating meaningful_186 (type=meaningful, ~26 lines) …
[2026-03-12 14:18:41]   generating meaningful_193 (type=meaningful, ~28 lines) …
[2026-03-12 14:18:41]   generating meaningful_191 (type=meaningful, ~32 lines) …
[2026-03-12 14:18:42] [openrouter] model=google/gemini-2.0-flash-001 attempt 1 exception: HTTPSConnectionPool(host='openrouter.ai', port=443): Max retries exceeded with url: /api/v1/chat/completions (Caused by SSLError(SSLEOFError(8, 'EOF occurred in violation of protocol (_ssl.c:1129)')))
[2026-03-12 14:18:42] [openrouter] model=google/gemini-2.0-flash-001 attempt 1 exception: HTTPSConnectionPool(host='openrouter.ai', port=443): Max retries exceeded with url: /api/v1/chat/completions (Caused by SSLError(SSLEOFError(8, 'EOF occurred in violation of protocol (_ssl.c:1129)')))
[2026-03-12 14:18:42] [openrouter] model=google/gemini-2.0-flash-001 attempt 1 exception: HTTPSConnectionPool(host='openrouter.ai', port=443): Max retries exceeded with url: /api/v1/chat/completions (Caused by SSLError(SSLEOFError(8, 'EOF occurred in violation of protocol (_ssl.c:1129)')))
[2026-03-12 14:18:42] [openrouter] model=google/gemini-2.0-flash-001 attempt 1 exception: HTTPSConnectionPool(host='openrouter.ai', port=443): Max retries exceeded with url: /api/v1/chat/completions (Caused by SSLError(SSLEOFError(8, 'EOF occurred in violation of protocol (_ssl.c:1129)')))
[2026-03-12 14:18:42] [openrouter] model=google/gemini-2.0-flash-001 attempt 1 exception: HTTPSConnectionPool(host='openrouter.ai', port=443): Max retries exceeded with url: /api/v1/chat/completions (Caused by SSLError(SSLEOFError(8, 'EOF occurred in violation of protocol (_ssl.c:1129)')))
[2026-03-12 14:18:42] [openrouter] model=google/gemini-2.0-flash-001 attempt 1 exception: HTTPSConnectionPool(host='openrouter.ai', port=443): Max retries exceeded with url: /api/v1/chat/completions (Caused by SSLError(SSLEOFError(8, 'EOF occurred in violation of protocol (_ssl.c:1129)')))
[2026-03-12 14:18:42] [openrouter] model=google/gemini-2.0-flash-001 attempt 1 exception: HTTPSConnectionPool(host='openrouter.ai', port=443): Max retries exceeded with url: /api/v1/chat/completions (Caused by SSLError(SSLEOFError(8, 'EOF occurred in violation of protocol (_ssl.c:1129)')))
[2026-03-12 14:18:42] [openrouter] model=google/gemini-2.0-flash-001 attempt 1 exception: HTTPSConnectionPool(host='openrouter.ai', port=443): Max retries exceeded with url: /api/v1/chat/completions (Caused by SSLError(SSLEOFError(8, 'EOF occurred in violation of protocol (_ssl.c:1129)')))
[2026-03-12 14:18:42] [openrouter] model=google/gemini-2.0-flash-001 attempt 1 exception: HTTPSConnectionPool(host='openrouter.ai', port=443): Max retries exceeded with url: /api/v1/chat/completions (Caused by SSLError(SSLEOFError(8, 'EOF occurred in violation of protocol (_ssl.c:1129)')))
[2026-03-12 14:18:42] [openrouter] model=google/gemini-2.0-flash-001 attempt 1 exception: HTTPSConnectionPool(host='openrouter.ai', port=443): Max retries exceeded with url: /api/v1/chat/completions (Caused by SSLError(SSLEOFError(8, 'EOF occurred in violation of protocol (_ssl.c:1129)')))
[2026-03-12 14:18:42] [openrouter] model=google/gemini-2.0-flash-001 attempt 1 exception: HTTPSConnectionPool(host='openrouter.ai', port=443): Max retries exceeded with url: /api/v1/chat/completions (Caused by SSLError(SSLEOFError(8, 'EOF occurred in violation of protocol (_ssl.c:1129)')))
[2026-03-12 14:18:42] [openrouter] model=google/gemini-2.0-flash-001 attempt 1 exception: HTTPSConnectionPool(host='openrouter.ai', port=443): Max retries exceeded with url: /api/v1/chat/completions (Caused by SSLError(SSLEOFError(8, 'EOF occurred in violation of protocol (_ssl.c:1129)')))
[2026-03-12 14:18:42] [openrouter] model=google/gemini-2.0-flash-001 attempt 1 exception: HTTPSConnectionPool(host='openrouter.ai', port=443): Max retries exceeded with url: /api/v1/chat/completions (Caused by SSLError(SSLEOFError(8, 'EOF occurred in violation of protocol (_ssl.c:1129)')))
[2026-03-12 14:18:42] [openrouter] model=google/gemini-2.0-flash-001 attempt 1 exception: HTTPSConnectionPool(host='openrouter.ai', port=443): Max retries exceeded with url: /api/v1/chat/completions (Caused by SSLError(SSLEOFError(8, 'EOF occurred in violation of protocol (_ssl.c:1129)')))
[2026-03-12 14:18:42] [openrouter] model=google/gemini-2.0-flash-001 attempt 1 exception: HTTPSConnectionPool(host='openrouter.ai', port=443): Max retries exceeded with url: /api/v1/chat/completions (Caused by SSLError(SSLEOFError(8, 'EOF occurred in violation of protocol (_ssl.c:1129)')))
[2026-03-12 14:18:56]     [meaningful_145] OK (lines=39, errors=0)
[2026-03-12 14:18:59]     [meaningful_191] attempt 1: PNG render failed — retrying
[2026-03-12 14:19:01]     [meaningful_131] OK (lines=41, errors=0)
[2026-03-12 14:19:04]     [meaningful_186] attempt 1: PNG render failed — retrying
[2026-03-12 14:19:04]     [meaningful_129] attempt 1: PNG render failed — retrying
[2026-03-12 14:19:04]     [meaningful_165] attempt 1: PNG render failed — retrying
[2026-03-12 14:19:04]     [meaningful_125] attempt 1: PNG render failed — retrying
[2026-03-12 14:19:04]     [meaningful_003] attempt 1: PNG render failed — retrying
[2026-03-12 14:19:06]     [meaningful_058] attempt 1: PNG render failed — retrying
[2026-03-12 14:19:06]     [meaningful_099] attempt 1: PNG render failed — retrying
[2026-03-12 14:19:06]     [meaningful_105] attempt 1: PNG render failed — retrying
[2026-03-12 14:19:06]     [meaningful_081] attempt 1: PNG render failed — retrying
[2026-03-12 14:19:06]     [meaningful_182] attempt 1: PNG render failed — retrying
[2026-03-12 14:19:06]     [meaningful_193] attempt 1: PNG render failed — retrying
[2026-03-12 14:19:10] [openrouter] model=google/gemini-2.0-flash-001 attempt 1 exception: HTTPSConnectionPool(host='openrouter.ai', port=443): Max retries exceeded with url: /api/v1/chat/completions (Caused by SSLError(SSLEOFError(8, 'EOF occurred in violation of protocol (_ssl.c:1129)')))
[2026-03-12 14:19:10] [openrouter] model=google/gemini-2.0-flash-001 attempt 1 exception: HTTPSConnectionPool(host='openrouter.ai', port=443): Max retries exceeded with url: /api/v1/chat/completions (Caused by SSLError(SSLEOFError(8, 'EOF occurred in violation of protocol (_ssl.c:1129)')))
[2026-03-12 14:19:10] [openrouter] model=google/gemini-2.0-flash-001 attempt 1 exception: HTTPSConnectionPool(host='openrouter.ai', port=443): Max retries exceeded with url: /api/v1/chat/completions (Caused by SSLError(SSLEOFError(8, 'EOF occurred in violation of protocol (_ssl.c:1129)')))
[2026-03-12 14:19:10] [openrouter] model=google/gemini-2.0-flash-001 attempt 1 exception: HTTPSConnectionPool(host='openrouter.ai', port=443): Max retries exceeded with url: /api/v1/chat/completions (Caused by SSLError(SSLEOFError(8, 'EOF occurred in violation of protocol (_ssl.c:1129)')))
[2026-03-12 14:19:10] [openrouter] model=google/gemini-2.0-flash-001 attempt 1 exception: HTTPSConnectionPool(host='openrouter.ai', port=443): Max retries exceeded with url: /api/v1/chat/completions (Caused by SSLError(SSLEOFError(8, 'EOF occurred in violation of protocol (_ssl.c:1129)')))
[2026-03-12 14:19:10]     [meaningful_013] attempt 1: PNG render failed — retrying
[2026-03-12 14:19:10]     [meaningful_157] attempt 1: PNG render failed — retrying
[2026-03-12 14:19:11] [openrouter] model=google/gemini-2.0-flash-001 attempt 1 exception: HTTPSConnectionPool(host='openrouter.ai', port=443): Max retries exceeded with url: /api/v1/chat/completions (Caused by SSLError(SSLEOFError(8, 'EOF occurred in violation of protocol (_ssl.c:1129)')))
[2026-03-12 14:19:11] [openrouter] model=google/gemini-2.0-flash-001 attempt 1 exception: HTTPSConnectionPool(host='openrouter.ai', port=443): Max retries exceeded with url: /api/v1/chat/completions (Caused by SSLError(SSLEOFError(8, 'EOF occurred in violation of protocol (_ssl.c:1129)')))
[2026-03-12 14:19:11] [openrouter] model=google/gemini-2.0-flash-001 attempt 1 exception: HTTPSConnectionPool(host='openrouter.ai', port=443): Max retries exceeded with url: /api/v1/chat/completions (Caused by SSLError(SSLEOFError(8, 'EOF occurred in violation of protocol (_ssl.c:1129)')))
[2026-03-12 14:19:11] [openrouter] model=google/gemini-2.0-flash-001 attempt 1 exception: HTTPSConnectionPool(host='openrouter.ai', port=443): Max retries exceeded with url: /api/v1/chat/completions (Caused by SSLError(SSLEOFError(8, 'EOF occurred in violation of protocol (_ssl.c:1129)')))
[2026-03-12 14:19:11] [openrouter] model=google/gemini-2.0-flash-001 attempt 1 exception: HTTPSConnectionPool(host='openrouter.ai', port=443): Max retries exceeded with url: /api/v1/chat/completions (Caused by SSLError(SSLEOFError(8, 'EOF occurred in violation of protocol (_ssl.c:1129)')))
[2026-03-12 14:19:22]     [meaningful_191] attempt 2: PNG render failed — retrying
[2026-03-12 14:19:27] [openrouter] model=google/gemini-2.0-flash-001 attempt 1 exception: HTTPSConnectionPool(host='openrouter.ai', port=443): Max retries exceeded with url: /api/v1/chat/completions (Caused by SSLError(SSLEOFError(8, 'EOF occurred in violation of protocol (_ssl.c:1129)')))
[2026-03-12 14:19:29]     [meaningful_193] attempt 2: PNG render failed — retrying
[2026-03-12 14:19:32]     [meaningful_165] attempt 2: PNG render failed — retrying
[2026-03-12 14:19:33]     [meaningful_129] attempt 2: PNG render failed — retrying
[2026-03-12 14:19:33]     [meaningful_003] attempt 2: PNG render failed — retrying
[2026-03-12 14:19:33]     [meaningful_125] attempt 2: PNG render failed — retrying
[2026-03-12 14:19:33]     [meaningful_081] attempt 2: PNG render failed — retrying
[2026-03-12 14:19:33]     [meaningful_186] attempt 2: PNG render failed — retrying
[2026-03-12 14:19:34]     [meaningful_013] attempt 2: PNG render failed — retrying
[2026-03-12 14:19:35]     [meaningful_058] attempt 2: PNG render failed — retrying
[2026-03-12 14:19:35]     [meaningful_182] attempt 2: PNG render failed — retrying
[2026-03-12 14:19:36]     [meaningful_105] attempt 2: PNG render failed — retrying
[2026-03-12 14:19:36]     [meaningful_157] attempt 2: PNG render failed — retrying
[2026-03-12 14:19:37]     [meaningful_099] attempt 2: PNG render failed — retrying
[2026-03-12 14:19:38] [openrouter] model=google/gemini-2.0-flash-001 attempt 1 exception: HTTPSConnectionPool(host='openrouter.ai', port=443): Max retries exceeded with url: /api/v1/chat/completions (Caused by SSLError(SSLEOFError(8, 'EOF occurred in violation of protocol (_ssl.c:1129)')))
[2026-03-12 14:19:38] [openrouter] model=google/gemini-2.0-flash-001 attempt 1 exception: HTTPSConnectionPool(host='openrouter.ai', port=443): Max retries exceeded with url: /api/v1/chat/completions (Caused by SSLError(SSLEOFError(8, 'EOF occurred in violation of protocol (_ssl.c:1129)')))
[2026-03-12 14:19:38] [openrouter] model=google/gemini-2.0-flash-001 attempt 1 exception: HTTPSConnectionPool(host='openrouter.ai', port=443): Max retries exceeded with url: /api/v1/chat/completions (Caused by SSLError(SSLEOFError(8, 'EOF occurred in violation of protocol (_ssl.c:1129)')))
[2026-03-12 14:19:39] [openrouter] model=google/gemini-2.0-flash-001 attempt 1 exception: HTTPSConnectionPool(host='openrouter.ai', port=443): Max retries exceeded with url: /api/v1/chat/completions (Caused by SSLError(SSLEOFError(8, 'EOF occurred in violation of protocol (_ssl.c:1129)')))
[2026-03-12 14:19:39] [openrouter] model=google/gemini-2.0-flash-001 attempt 1 exception: HTTPSConnectionPool(host='openrouter.ai', port=443): Max retries exceeded with url: /api/v1/chat/completions (Caused by SSLError(SSLEOFError(8, 'EOF occurred in violation of protocol (_ssl.c:1129)')))
[2026-03-12 14:19:39] [openrouter] model=google/gemini-2.0-flash-001 attempt 1 exception: HTTPSConnectionPool(host='openrouter.ai', port=443): Max retries exceeded with url: /api/v1/chat/completions (Caused by SSLError(SSLEOFError(8, 'EOF occurred in violation of protocol (_ssl.c:1129)')))
[2026-03-12 14:19:48]     [meaningful_182] OK (lines=33, errors=0)
[2026-03-12 14:19:51]     [meaningful_193] attempt 3: PNG render failed — retrying
[2026-03-12 14:19:52]     [meaningful_191] attempt 3: PNG render failed — retrying
[2026-03-12 14:19:56]     [meaningful_165] attempt 3: PNG render failed — retrying
[2026-03-12 14:19:57]     [meaningful_058] attempt 3: PNG render failed — retrying
[2026-03-12 14:19:58]     [meaningful_105] attempt 3: PNG render failed — retrying
[2026-03-12 14:20:01]     [meaningful_081] OK (lines=44, errors=0)
[2026-03-12 14:20:02]     [meaningful_157] attempt 3: PNG render failed — retrying
[2026-03-12 14:20:02]     [meaningful_186] attempt 3: PNG render failed — retrying
[2026-03-12 14:20:03]     [meaningful_125] attempt 3: PNG render failed — retrying
[2026-03-12 14:20:03]     [meaningful_099] attempt 3: PNG render failed — retrying
[2026-03-12 14:20:03]     [meaningful_003] attempt 3: PNG render failed — retrying
[2026-03-12 14:20:04] [openrouter] model=google/gemini-2.0-flash-001 attempt 1 exception: HTTPSConnectionPool(host='openrouter.ai', port=443): Max retries exceeded with url: /api/v1/chat/completions (Caused by SSLError(SSLEOFError(8, 'EOF occurred in violation of protocol (_ssl.c:1129)')))
[2026-03-12 14:20:05]     [meaningful_013] attempt 3: PNG render failed — retrying
[2026-03-12 14:20:08] [openrouter] model=google/gemini-2.0-flash-001 attempt 1 exception: HTTPSConnectionPool(host='openrouter.ai', port=443): Max retries exceeded with url: /api/v1/chat/completions (Caused by SSLError(SSLEOFError(8, 'EOF occurred in violation of protocol (_ssl.c:1129)')))
[2026-03-12 14:20:08] [openrouter] model=google/gemini-2.0-flash-001 attempt 1 exception: HTTPSConnectionPool(host='openrouter.ai', port=443): Max retries exceeded with url: /api/v1/chat/completions (Caused by SSLError(SSLEOFError(8, 'EOF occurred in violation of protocol (_ssl.c:1129)')))
[2026-03-12 14:20:08]     [meaningful_129] attempt 3: PNG render failed — retrying
[2026-03-12 14:20:08] [openrouter] model=google/gemini-2.0-flash-001 attempt 1 exception: HTTPSConnectionPool(host='openrouter.ai', port=443): Max retries exceeded with url: /api/v1/chat/completions (Caused by SSLError(SSLEOFError(8, 'EOF occurred in violation of protocol (_ssl.c:1129)')))
[2026-03-12 14:20:08] [openrouter] model=google/gemini-2.0-flash-001 attempt 1 exception: HTTPSConnectionPool(host='openrouter.ai', port=443): Max retries exceeded with url: /api/v1/chat/completions (Caused by SSLError(SSLEOFError(8, 'EOF occurred in violation of protocol (_ssl.c:1129)')))
[2026-03-12 14:20:09]     [meaningful_165] OK (lines=44, errors=0)
[2026-03-12 14:20:09] [openrouter] model=google/gemini-2.0-flash-001 attempt 1 exception: HTTPSConnectionPool(host='openrouter.ai', port=443): Max retries exceeded with url: /api/v1/chat/completions (Caused by SSLError(SSLEOFError(8, 'EOF occurred in violation of protocol (_ssl.c:1129)')))
[2026-03-12 14:20:11] [openrouter] model=google/gemini-2.0-flash-001 attempt 1 exception: HTTPSConnectionPool(host='openrouter.ai', port=443): Max retries exceeded with url: /api/v1/chat/completions (Caused by SSLError(SSLEOFError(8, 'EOF occurred in violation of protocol (_ssl.c:1129)')))
[2026-03-12 14:20:15]     [meaningful_193] attempt 4: PNG render failed — retrying
[2026-03-12 14:20:15] [openrouter] model=google/gemini-2.0-flash-001 attempt 2 exception: HTTPSConnectionPool(host='openrouter.ai', port=443): Max retries exceeded with url: /api/v1/chat/completions (Caused by SSLError(SSLEOFError(8, 'EOF occurred in violation of protocol (_ssl.c:1129)')))
[2026-03-12 14:20:16]     [meaningful_191] attempt 4: PNG render failed — retrying
[2026-03-12 14:20:17]     [meaningful_105] OK (lines=46, errors=0)
[2026-03-12 14:20:20]     [meaningful_058] attempt 4: PNG render failed — retrying
[2026-03-12 14:20:20] [openrouter] model=google/gemini-2.0-flash-001 attempt 1 exception: HTTPSConnectionPool(host='openrouter.ai', port=443): Max retries exceeded with url: /api/v1/chat/completions (Caused by SSLError(SSLEOFError(8, 'EOF occurred in violation of protocol (_ssl.c:1129)')))
[2026-03-12 14:20:22]     [meaningful_099] OK (lines=52, errors=0)
[2026-03-12 14:20:32]     [meaningful_186] attempt 4: PNG render failed — retrying
[2026-03-12 14:20:33]     [meaningful_125] attempt 4: PNG render failed — retrying
[2026-03-12 14:20:34]     [meaningful_193] OK (lines=45, errors=0)
[2026-03-12 14:20:37]     [meaningful_013] attempt 4: PNG render failed — retrying
[2026-03-12 14:20:37]     [meaningful_157] attempt 4: PNG render failed — retrying
[2026-03-12 14:20:39]     [meaningful_191] attempt 5: PNG render failed — retrying
[2026-03-12 14:20:41]     [meaningful_058] attempt 5: PNG render failed — retrying
[2026-03-12 14:20:44] [openrouter] model=google/gemini-2.0-flash-001 attempt 1 exception: HTTPSConnectionPool(host='openrouter.ai', port=443): Max retries exceeded with url: /api/v1/chat/completions (Caused by SSLError(SSLEOFError(8, 'EOF occurred in violation of protocol (_ssl.c:1129)')))
[2026-03-12 14:20:47]     [meaningful_003] attempt 4: PNG render failed — retrying
[2026-03-12 14:20:55]     [meaningful_186] attempt 5: PNG render failed — retrying
[2026-03-12 14:20:56]     [meaningful_125] attempt 5: PNG render failed — retrying
[2026-03-12 14:21:01] [openrouter] model=google/gemini-2.0-flash-001 attempt 1 exception: HTTPSConnectionPool(host='openrouter.ai', port=443): Max retries exceeded with url: /api/v1/chat/completions (Caused by SSLError(SSLEOFError(8, 'EOF occurred in violation of protocol (_ssl.c:1129)')))
[2026-03-12 14:21:01] [openrouter] model=google/gemini-2.0-flash-001 attempt 1 exception: HTTPSConnectionPool(host='openrouter.ai', port=443): Max retries exceeded with url: /api/v1/chat/completions (Caused by SSLError(SSLEOFError(8, 'EOF occurred in violation of protocol (_ssl.c:1129)')))
[2026-03-12 14:21:02]     [meaningful_013] attempt 5: PNG render failed — retrying
[2026-03-12 14:21:05]     [meaningful_157] attempt 5: PNG render failed — retrying
[2026-03-12 14:21:05]     [meaningful_058] attempt 6: PNG render failed — retrying
[2026-03-12 14:21:09]     [meaningful_191] attempt 6: PNG render failed — retrying
[2026-03-12 14:21:10] [openrouter] model=google/gemini-2.0-flash-001 attempt 1 exception: HTTPSConnectionPool(host='openrouter.ai', port=443): Max retries exceeded with url: /api/v1/chat/completions (Caused by SSLError(SSLEOFError(8, 'EOF occurred in violation of protocol (_ssl.c:1129)')))
[2026-03-12 14:21:10] [openrouter] model=google/gemini-2.0-flash-001 attempt 1 exception: HTTPSConnectionPool(host='openrouter.ai', port=443): Max retries exceeded with url: /api/v1/chat/completions (Caused by SSLError(SSLEOFError(8, 'EOF occurred in violation of protocol (_ssl.c:1129)')))
[2026-03-12 14:21:14] [openrouter] model=google/gemini-2.0-flash-001 attempt 1 exception: HTTPSConnectionPool(host='openrouter.ai', port=443): Max retries exceeded with url: /api/v1/chat/completions (Caused by SSLError(SSLEOFError(8, 'EOF occurred in violation of protocol (_ssl.c:1129)')))
[2026-03-12 14:21:15]     [meaningful_129] attempt 4: PNG render failed — retrying
[2026-03-12 14:21:15]     [meaningful_125] OK (lines=44, errors=0)
[2026-03-12 14:21:16] [openrouter] model=google/gemini-2.0-flash-001 attempt 2 exception: HTTPSConnectionPool(host='openrouter.ai', port=443): Max retries exceeded with url: /api/v1/chat/completions (Caused by SSLError(SSLEOFError(8, 'EOF occurred in violation of protocol (_ssl.c:1129)')))
[2026-03-12 14:21:21] [openrouter] model=google/gemini-2.0-flash-001 attempt 2 exception: HTTPSConnectionPool(host='openrouter.ai', port=443): Max retries exceeded with url: /api/v1/chat/completions (Caused by SSLError(SSLEOFError(8, 'EOF occurred in violation of protocol (_ssl.c:1129)')))
[2026-03-12 14:21:23]     [meaningful_186] attempt 6: PNG render failed — retrying
[2026-03-12 14:21:26]     [meaningful_013] attempt 6: PNG render failed — retrying
[2026-03-12 14:21:33] [openrouter] model=google/gemini-2.0-flash-001 attempt 3 exception: HTTPSConnectionPool(host='openrouter.ai', port=443): Max retries exceeded with url: /api/v1/chat/completions (Caused by SSLError(SSLEOFError(8, 'EOF occurred in violation of protocol (_ssl.c:1129)')))
[2026-03-12 14:21:39]     [meaningful_129] attempt 5: PNG render failed — retrying
[2026-03-12 14:21:39]     [meaningful_157] attempt 6: PNG render failed — retrying
[2026-03-12 14:21:46]     [meaningful_186] attempt 7: PNG render failed — retrying
[2026-03-12 14:21:46]     [meaningful_058] attempt 7: PNG render failed — retrying
[2026-03-12 14:21:51]     [meaningful_129] OK (lines=42, errors=0)
[2026-03-12 14:21:51]     [meaningful_191] attempt 7: empty/short mmd — retrying
[2026-03-12 14:21:52]     [meaningful_013] attempt 7: PNG render failed — retrying
[2026-03-12 14:21:54]     [meaningful_003] attempt 5: PNG render failed — retrying
[2026-03-12 14:22:07]     [meaningful_157] attempt 7: PNG render failed — retrying
[2026-03-12 14:22:08]     [meaningful_186] attempt 8: PNG render failed — retrying
[2026-03-12 14:22:11]     [meaningful_058] attempt 8: PNG render failed — retrying
[2026-03-12 14:22:20]     [meaningful_191] attempt 8: PNG render failed — retrying
[2026-03-12 14:22:22]     [meaningful_013] attempt 8: PNG render failed — retrying
[2026-03-12 14:22:23]     [meaningful_058] OK (lines=30, errors=0)
[2026-03-12 14:22:28] [openrouter] model=google/gemini-2.0-flash-001 attempt 1 exception: HTTPSConnectionPool(host='openrouter.ai', port=443): Max retries exceeded with url: /api/v1/chat/completions (Caused by SSLError(SSLEOFError(8, 'EOF occurred in violation of protocol (_ssl.c:1129)')))
[2026-03-12 14:22:32]     [meaningful_191] OK (lines=37, errors=0)
[2026-03-12 14:22:36]     [meaningful_157] attempt 8: PNG render failed — retrying
[2026-03-12 14:22:51]     [meaningful_013] OK (lines=68, errors=0)
[2026-03-12 14:23:03]     [meaningful_157] attempt 9: PNG render failed — retrying
[2026-03-12 14:23:05]     [meaningful_003] attempt 6: PNG render failed — retrying
[2026-03-12 14:23:09] [openrouter] model=google/gemini-2.0-flash-001 attempt 1 exception: HTTPSConnectionPool(host='openrouter.ai', port=443): Max retries exceeded with url: /api/v1/chat/completions (Caused by SSLError(SSLEOFError(8, 'EOF occurred in violation of protocol (_ssl.c:1129)')))
[2026-03-12 14:23:10]     [meaningful_186] OK (lines=30, errors=0)
[2026-03-12 14:23:29]     [meaningful_003] attempt 7: PNG render failed — retrying
[2026-03-12 14:23:37]     [meaningful_157] attempt 10: PNG render failed — retrying
[2026-03-12 14:23:43]     [meaningful_003] OK (lines=60, errors=0)
[2026-03-12 14:24:06]     [meaningful_157] attempt 11: PNG render failed — retrying
[2026-03-12 14:24:22]     [meaningful_157] OK (lines=90, errors=0)
[2026-03-12 14:24:22] 
[synth done] generated=16 this run, total_in_metadata=500
